ISO-10303-21;
HEADER;
FILE_DESCRIPTION(('FreeCAD Model'),'2;1');
FILE_NAME('Open CASCADE Shape Model','2026-07-05T19:24:07',(''),(''),
  'Open CASCADE STEP processor 7.8','FreeCAD','Unknown');
FILE_SCHEMA(('AUTOMOTIVE_DESIGN { 1 0 10303 214 1 1 1 1 }'));
ENDSEC;
DATA;
#1 = APPLICATION_PROTOCOL_DEFINITION('international standard',
  'automotive_design',2000,#2);
#2 = APPLICATION_CONTEXT(
  'core data for automotive mechanical design processes');
#3 = SHAPE_DEFINITION_REPRESENTATION(#4,#10);
#4 = PRODUCT_DEFINITION_SHAPE('','',#5);
#5 = PRODUCT_DEFINITION('design','',#6,#9);
#6 = PRODUCT_DEFINITION_FORMATION('','',#7);
#7 = PRODUCT('Body','Body','',(#8));
#8 = PRODUCT_CONTEXT('',#2,'mechanical');
#9 = PRODUCT_DEFINITION_CONTEXT('part definition',#2,'design');
#10 = ADVANCED_BREP_SHAPE_REPRESENTATION('',(#11,#15),#14351);
#11 = AXIS2_PLACEMENT_3D('',#12,#13,#14);
#12 = CARTESIAN_POINT('',(0.,0.,0.));
#13 = DIRECTION('',(0.,0.,1.));
#14 = DIRECTION('',(1.,0.,-0.));
#15 = MANIFOLD_SOLID_BREP('',#16);
#16 = CLOSED_SHELL('',(#17,#287,#318,#342,#366,#390,#414,#438,#462,#479,
    #510,#534,#558,#582,#606,#630,#654,#671,#702,#726,#750,#774,#798,
    #822,#846,#863,#894,#918,#942,#966,#990,#1014,#1038,#1055,#2486,
    #2517,#2541,#2565,#2589,#2613,#2637,#2661,#2678,#2709,#2733,#2757,
    #2781,#2805,#2829,#2853,#2870,#2901,#2925,#2949,#2973,#2997,#3021,
    #3045,#3062,#3093,#3117,#3141,#3166,#3191,#3215,#3239,#3264,#3289,
    #3313,#3337,#3362,#3386,#3410,#3434,#3458,#3483,#3507,#3531,#3556,
    #3581,#3605,#3629,#3654,#3678,#3702,#3726,#3750,#3775,#3799,#3823,
    #3848,#3873,#3897,#3921,#3946,#3970,#3994,#4018,#4042,#4067,#4091,
    #4115,#4140,#4165,#4189,#4213,#4238,#4262,#4286,#4310,#4334,#4359,
    #4383,#4407,#4432,#4457,#4481,#4505,#4530,#4554,#4578,#4602,#4626,
    #4651,#4675,#4699,#4724,#4749,#4773,#4797,#4822,#4846,#4870,#4894,
    #4918,#4943,#4967,#4991,#5016,#5041,#5065,#5089,#5114,#5138,#5162,
    #5186,#5210,#5235,#5259,#5283,#5308,#5333,#5357,#5381,#5406,#5430,
    #5454,#5478,#5502,#5527,#5551,#5575,#5600,#5625,#5649,#5673,#5697,
    #5721,#5745,#5769,#5794,#5819,#5843,#5867,#5892,#5917,#5941,#5965,
    #5989,#6013,#6037,#6061,#6086,#6111,#6135,#6159,#6184,#6208,#6225,
    #6256,#6280,#6304,#6328,#6352,#6376,#6400,#6417,#6448,#6472,#6496,
    #6520,#6544,#6568,#6592,#6609,#6640,#6664,#6688,#6712,#6736,#6760,
    #6784,#6801,#6832,#6856,#6880,#6904,#6928,#6952,#6976,#6993,#7024,
    #7048,#7072,#7096,#7120,#7144,#7168,#7185,#7216,#7232,#7248,#7272,
    #7296,#7312,#7328,#7345,#7376,#7392,#7408,#7432,#7456,#7472,#7488,
    #7505,#7536,#7552,#7568,#7592,#7616,#7632,#7648,#7665,#9092,#9166,
    #9240,#9314,#9388,#9462,#9474,#9486,#9498,#9530,#9554,#9579,#9603,
    #9628,#9652,#9677,#9694,#9726,#9750,#9775,#9799,#9824,#9848,#9873,
    #9890,#9922,#9946,#9971,#9995,#10020,#10044,#10069,#10086,#10118,
    #10142,#10167,#10191,#10216,#10240,#10265,#10282,#10314,#10338,
    #10363,#10387,#10412,#10436,#10461,#10478,#10510,#10534,#10559,
    #10583,#10608,#10625,#10657,#10681,#10706,#10730,#10755,#10772,
    #10803,#10828,#10852,#10877,#10901,#10926,#10943,#10975,#10999,
    #11024,#11048,#11073,#11090,#11122,#11146,#11171,#11195,#11220,
    #11244,#11269,#11286,#11318,#11342,#11367,#11391,#11416,#11440,
    #11465,#11482,#11514,#11538,#11563,#11587,#11612,#11636,#11661,
    #11678,#11710,#11734,#11759,#11783,#11808,#11832,#11857,#11874,
    #11906,#11930,#11955,#11979,#12004,#12028,#12053,#12070,#12102,
    #12126,#12151,#12175,#12200,#12224,#12249,#12266,#12298,#12322,
    #12347,#12371,#12396,#12413,#12445,#12469,#12494,#12518,#12543,
    #12567,#12592,#12609,#12641,#12665,#12690,#12714,#12739,#12756,
    #12788,#12812,#12837,#12861,#12886,#12903,#12935,#12959,#12984,
    #13008,#13033,#13057,#13082,#13099,#13130,#13154,#13178,#13204,
    #13230,#13254,#13273,#13304,#13328,#13352,#13378,#13404,#13428,
    #13447,#13478,#13502,#13526,#13552,#13578,#13602,#13621,#13652,
    #13676,#13700,#13726,#13752,#13776,#13795,#13826,#13850,#13874,
    #13900,#13926,#13950,#13969,#13985,#14001,#14017,#14033,#14049,
    #14063,#14077,#14092,#14106,#14122,#14138,#14154,#14170,#14186,
    #14202,#14216,#14232,#14246,#14260,#14276,#14291,#14306,#14321,
    #14336));
#17 = ADVANCED_FACE('',(#18,#84,#150,#216),#282,.T.);
#18 = FACE_BOUND('',#19,.T.);
#19 = EDGE_LOOP('',(#20,#30,#38,#46,#54,#62,#70,#78));
#20 = ORIENTED_EDGE('',*,*,#21,.F.);
#21 = EDGE_CURVE('',#22,#24,#26,.T.);
#22 = VERTEX_POINT('',#23);
#23 = CARTESIAN_POINT('',(-21.,120.,0.));
#24 = VERTEX_POINT('',#25);
#25 = CARTESIAN_POINT('',(-21.,6.,0.));
#26 = LINE('',#27,#28);
#27 = CARTESIAN_POINT('',(-21.,126.,0.));
#28 = VECTOR('',#29,1.);
#29 = DIRECTION('',(0.,-1.,0.));
#30 = ORIENTED_EDGE('',*,*,#31,.T.);
#31 = EDGE_CURVE('',#22,#32,#34,.T.);
#32 = VERTEX_POINT('',#33);
#33 = CARTESIAN_POINT('',(-15.,126.,0.));
#34 = LINE('',#35,#36);
#35 = CARTESIAN_POINT('',(-28.5,112.5,0.));
#36 = VECTOR('',#37,1.);
#37 = DIRECTION('',(0.707106781187,0.707106781187,0.));
#38 = ORIENTED_EDGE('',*,*,#39,.F.);
#39 = EDGE_CURVE('',#40,#32,#42,.T.);
#40 = VERTEX_POINT('',#41);
#41 = CARTESIAN_POINT('',(15.,126.,0.));
#42 = LINE('',#43,#44);
#43 = CARTESIAN_POINT('',(21.,126.,0.));
#44 = VECTOR('',#45,1.);
#45 = DIRECTION('',(-1.,0.,0.));
#46 = ORIENTED_EDGE('',*,*,#47,.T.);
#47 = EDGE_CURVE('',#40,#48,#50,.T.);
#48 = VERTEX_POINT('',#49);
#49 = CARTESIAN_POINT('',(21.,120.,0.));
#50 = LINE('',#51,#52);
#51 = CARTESIAN_POINT('',(28.5,112.5,0.));
#52 = VECTOR('',#53,1.);
#53 = DIRECTION('',(0.707106781187,-0.707106781187,0.));
#54 = ORIENTED_EDGE('',*,*,#55,.F.);
#55 = EDGE_CURVE('',#56,#48,#58,.T.);
#56 = VERTEX_POINT('',#57);
#57 = CARTESIAN_POINT('',(21.,6.,0.));
#58 = LINE('',#59,#60);
#59 = CARTESIAN_POINT('',(21.,0.,0.));
#60 = VECTOR('',#61,1.);
#61 = DIRECTION('',(0.,1.,0.));
#62 = ORIENTED_EDGE('',*,*,#63,.T.);
#63 = EDGE_CURVE('',#56,#64,#66,.T.);
#64 = VERTEX_POINT('',#65);
#65 = CARTESIAN_POINT('',(15.,-1.7763568394E-15,0.));
#66 = LINE('',#67,#68);
#67 = CARTESIAN_POINT('',(28.5,13.5,0.));
#68 = VECTOR('',#69,1.);
#69 = DIRECTION('',(-0.707106781187,-0.707106781187,0.));
#70 = ORIENTED_EDGE('',*,*,#71,.F.);
#71 = EDGE_CURVE('',#72,#64,#74,.T.);
#72 = VERTEX_POINT('',#73);
#73 = CARTESIAN_POINT('',(-15.,-1.7763568394E-15,0.));
#74 = LINE('',#75,#76);
#75 = CARTESIAN_POINT('',(-21.,0.,0.));
#76 = VECTOR('',#77,1.);
#77 = DIRECTION('',(1.,0.,0.));
#78 = ORIENTED_EDGE('',*,*,#79,.F.);
#79 = EDGE_CURVE('',#24,#72,#80,.T.);
#80 = LINE('',#81,#82);
#81 = CARTESIAN_POINT('',(-28.5,13.5,0.));
#82 = VECTOR('',#83,1.);
#83 = DIRECTION('',(0.707106781187,-0.707106781187,0.));
#84 = FACE_BOUND('',#85,.T.);
#85 = EDGE_LOOP('',(#86,#96,#104,#112,#120,#128,#136,#144));
#86 = ORIENTED_EDGE('',*,*,#87,.T.);
#87 = EDGE_CURVE('',#88,#90,#92,.T.);
#88 = VERTEX_POINT('',#89);
#89 = CARTESIAN_POINT('',(20.24,5.24,0.));
#90 = VERTEX_POINT('',#91);
#91 = CARTESIAN_POINT('',(20.24,36.76,0.));
#92 = LINE('',#93,#94);
#93 = CARTESIAN_POINT('',(20.24,3.,0.));
#94 = VECTOR('',#95,1.);
#95 = DIRECTION('',(0.,1.,0.));
#96 = ORIENTED_EDGE('',*,*,#97,.T.);
#97 = EDGE_CURVE('',#90,#98,#100,.T.);
#98 = VERTEX_POINT('',#99);
#99 = CARTESIAN_POINT('',(15.76,41.24,0.));
#100 = LINE('',#101,#102);
#101 = CARTESIAN_POINT('',(8.62,48.38,0.));
#102 = VECTOR('',#103,1.);
#103 = DIRECTION('',(-0.707106781187,0.707106781187,0.));
#104 = ORIENTED_EDGE('',*,*,#105,.T.);
#105 = EDGE_CURVE('',#98,#106,#108,.T.);
#106 = VERTEX_POINT('',#107);
#107 = CARTESIAN_POINT('',(-15.76,41.24,0.));
#108 = LINE('',#109,#110);
#109 = CARTESIAN_POINT('',(18.,41.24,0.));
#110 = VECTOR('',#111,1.);
#111 = DIRECTION('',(-1.,0.,0.));
#112 = ORIENTED_EDGE('',*,*,#113,.T.);
#113 = EDGE_CURVE('',#106,#114,#116,.T.);
#114 = VERTEX_POINT('',#115);
#115 = CARTESIAN_POINT('',(-20.24,36.76,0.));
#116 = LINE('',#117,#118);
#117 = CARTESIAN_POINT('',(-6.38,50.62,0.));
#118 = VECTOR('',#119,1.);
#119 = DIRECTION('',(-0.707106781187,-0.707106781187,0.));
#120 = ORIENTED_EDGE('',*,*,#121,.T.);
#121 = EDGE_CURVE('',#114,#122,#124,.T.);
#122 = VERTEX_POINT('',#123);
#123 = CARTESIAN_POINT('',(-20.24,5.24,0.));
#124 = LINE('',#125,#126);
#125 = CARTESIAN_POINT('',(-20.24,39.,0.));
#126 = VECTOR('',#127,1.);
#127 = DIRECTION('',(0.,-1.,0.));
#128 = ORIENTED_EDGE('',*,*,#129,.F.);
#129 = EDGE_CURVE('',#130,#122,#132,.T.);
#130 = VERTEX_POINT('',#131);
#131 = CARTESIAN_POINT('',(-15.76,0.76,0.));
#132 = LINE('',#133,#134);
#133 = CARTESIAN_POINT('',(-27.38,12.38,0.));
#134 = VECTOR('',#135,1.);
#135 = DIRECTION('',(-0.707106781187,0.707106781187,0.));
#136 = ORIENTED_EDGE('',*,*,#137,.T.);
#137 = EDGE_CURVE('',#130,#138,#140,.T.);
#138 = VERTEX_POINT('',#139);
#139 = CARTESIAN_POINT('',(15.76,0.76,0.));
#140 = LINE('',#141,#142);
#141 = CARTESIAN_POINT('',(-18.,0.76,0.));
#142 = VECTOR('',#143,1.);
#143 = DIRECTION('',(1.,0.,0.));
#144 = ORIENTED_EDGE('',*,*,#145,.F.);
#145 = EDGE_CURVE('',#88,#138,#146,.T.);
#146 = LINE('',#147,#148);
#147 = CARTESIAN_POINT('',(29.62,14.62,0.));
#148 = VECTOR('',#149,1.);
#149 = DIRECTION('',(-0.707106781187,-0.707106781187,0.));
#150 = FACE_BOUND('',#151,.T.);
#151 = EDGE_LOOP('',(#152,#162,#170,#178,#186,#194,#202,#210));
#152 = ORIENTED_EDGE('',*,*,#153,.T.);
#153 = EDGE_CURVE('',#154,#156,#158,.T.);
#154 = VERTEX_POINT('',#155);
#155 = CARTESIAN_POINT('',(-15.76,42.76,0.));
#156 = VERTEX_POINT('',#157);
#157 = CARTESIAN_POINT('',(15.76,42.76,0.));
#158 = LINE('',#159,#160);
#159 = CARTESIAN_POINT('',(-18.,42.76,0.));
#160 = VECTOR('',#161,1.);
#161 = DIRECTION('',(1.,0.,0.));
#162 = ORIENTED_EDGE('',*,*,#163,.T.);
#163 = EDGE_CURVE('',#156,#164,#166,.T.);
#164 = VERTEX_POINT('',#165);
#165 = CARTESIAN_POINT('',(20.24,47.24,0.));
#166 = LINE('',#167,#168);
#167 = CARTESIAN_POINT('',(16.88,43.88,0.));
#168 = VECTOR('',#169,1.);
#169 = DIRECTION('',(0.707106781187,0.707106781187,0.));
#170 = ORIENTED_EDGE('',*,*,#171,.T.);
#171 = EDGE_CURVE('',#164,#172,#174,.T.);
#172 = VERTEX_POINT('',#173);
#173 = CARTESIAN_POINT('',(20.24,78.76,0.));
#174 = LINE('',#175,#176);
#175 = CARTESIAN_POINT('',(20.24,45.,0.));
#176 = VECTOR('',#177,1.);
#177 = DIRECTION('',(0.,1.,0.));
#178 = ORIENTED_EDGE('',*,*,#179,.F.);
#179 = EDGE_CURVE('',#180,#172,#182,.T.);
#180 = VERTEX_POINT('',#181);
#181 = CARTESIAN_POINT('',(15.76,83.24,0.));
#182 = LINE('',#183,#184);
#183 = CARTESIAN_POINT('',(16.88,82.12,0.));
#184 = VECTOR('',#185,1.);
#185 = DIRECTION('',(0.707106781187,-0.707106781187,0.));
#186 = ORIENTED_EDGE('',*,*,#187,.T.);
#187 = EDGE_CURVE('',#180,#188,#190,.T.);
#188 = VERTEX_POINT('',#189);
#189 = CARTESIAN_POINT('',(-15.76,83.24,0.));
#190 = LINE('',#191,#192);
#191 = CARTESIAN_POINT('',(18.,83.24,0.));
#192 = VECTOR('',#193,1.);
#193 = DIRECTION('',(-1.,0.,0.));
#194 = ORIENTED_EDGE('',*,*,#195,.F.);
#195 = EDGE_CURVE('',#196,#188,#198,.T.);
#196 = VERTEX_POINT('',#197);
#197 = CARTESIAN_POINT('',(-20.24,78.76,0.));
#198 = LINE('',#199,#200);
#199 = CARTESIAN_POINT('',(-19.12,79.88,0.));
#200 = VECTOR('',#201,1.);
#201 = DIRECTION('',(0.707106781187,0.707106781187,0.));
#202 = ORIENTED_EDGE('',*,*,#203,.T.);
#203 = EDGE_CURVE('',#196,#204,#206,.T.);
#204 = VERTEX_POINT('',#205);
#205 = CARTESIAN_POINT('',(-20.24,47.24,0.));
#206 = LINE('',#207,#208);
#207 = CARTESIAN_POINT('',(-20.24,81.,0.));
#208 = VECTOR('',#209,1.);
#209 = DIRECTION('',(0.,-1.,0.));
#210 = ORIENTED_EDGE('',*,*,#211,.F.);
#211 = EDGE_CURVE('',#154,#204,#212,.T.);
#212 = LINE('',#213,#214);
#213 = CARTESIAN_POINT('',(-16.88,43.88,0.));
#214 = VECTOR('',#215,1.);
#215 = DIRECTION('',(-0.707106781187,0.707106781187,0.));
#216 = FACE_BOUND('',#217,.T.);
#217 = EDGE_LOOP('',(#218,#228,#236,#244,#252,#260,#268,#276));
#218 = ORIENTED_EDGE('',*,*,#219,.T.);
#219 = EDGE_CURVE('',#220,#222,#224,.T.);
#220 = VERTEX_POINT('',#221);
#221 = CARTESIAN_POINT('',(20.24,89.24,0.));
#222 = VERTEX_POINT('',#223);
#223 = CARTESIAN_POINT('',(20.24,120.76,0.));
#224 = LINE('',#225,#226);
#225 = CARTESIAN_POINT('',(20.24,87.,0.));
#226 = VECTOR('',#227,1.);
#227 = DIRECTION('',(0.,1.,0.));
#228 = ORIENTED_EDGE('',*,*,#229,.T.);
#229 = EDGE_CURVE('',#222,#230,#232,.T.);
#230 = VERTEX_POINT('',#231);
#231 = CARTESIAN_POINT('',(15.76,125.24,0.));
#232 = LINE('',#233,#234);
#233 = CARTESIAN_POINT('',(29.62,111.38,0.));
#234 = VECTOR('',#235,1.);
#235 = DIRECTION('',(-0.707106781187,0.707106781187,0.));
#236 = ORIENTED_EDGE('',*,*,#237,.T.);
#237 = EDGE_CURVE('',#230,#238,#240,.T.);
#238 = VERTEX_POINT('',#239);
#239 = CARTESIAN_POINT('',(-15.76,125.24,0.));
#240 = LINE('',#241,#242);
#241 = CARTESIAN_POINT('',(18.,125.24,0.));
#242 = VECTOR('',#243,1.);
#243 = DIRECTION('',(-1.,0.,0.));
#244 = ORIENTED_EDGE('',*,*,#245,.F.);
#245 = EDGE_CURVE('',#246,#238,#248,.T.);
#246 = VERTEX_POINT('',#247);
#247 = CARTESIAN_POINT('',(-20.24,120.76,0.));
#248 = LINE('',#249,#250);
#249 = CARTESIAN_POINT('',(-29.62,111.38,0.));
#250 = VECTOR('',#251,1.);
#251 = DIRECTION('',(0.707106781187,0.707106781187,0.));
#252 = ORIENTED_EDGE('',*,*,#253,.T.);
#253 = EDGE_CURVE('',#246,#254,#256,.T.);
#254 = VERTEX_POINT('',#255);
#255 = CARTESIAN_POINT('',(-20.24,89.24,0.));
#256 = LINE('',#257,#258);
#257 = CARTESIAN_POINT('',(-20.24,123.,0.));
#258 = VECTOR('',#259,1.);
#259 = DIRECTION('',(0.,-1.,0.));
#260 = ORIENTED_EDGE('',*,*,#261,.F.);
#261 = EDGE_CURVE('',#262,#254,#264,.T.);
#262 = VERTEX_POINT('',#263);
#263 = CARTESIAN_POINT('',(-15.76,84.76,0.));
#264 = LINE('',#265,#266);
#265 = CARTESIAN_POINT('',(-6.38,75.38,0.));
#266 = VECTOR('',#267,1.);
#267 = DIRECTION('',(-0.707106781187,0.707106781187,0.));
#268 = ORIENTED_EDGE('',*,*,#269,.T.);
#269 = EDGE_CURVE('',#262,#270,#272,.T.);
#270 = VERTEX_POINT('',#271);
#271 = CARTESIAN_POINT('',(15.76,84.76,0.));
#272 = LINE('',#273,#274);
#273 = CARTESIAN_POINT('',(-18.,84.76,0.));
#274 = VECTOR('',#275,1.);
#275 = DIRECTION('',(1.,0.,0.));
#276 = ORIENTED_EDGE('',*,*,#277,.F.);
#277 = EDGE_CURVE('',#220,#270,#278,.T.);
#278 = LINE('',#279,#280);
#279 = CARTESIAN_POINT('',(8.62,77.62,0.));
#280 = VECTOR('',#281,1.);
#281 = DIRECTION('',(-0.707106781187,-0.707106781187,0.));
#282 = PLANE('',#283);
#283 = AXIS2_PLACEMENT_3D('',#284,#285,#286);
#284 = CARTESIAN_POINT('',(0.,63.,0.));
#285 = DIRECTION('',(-0.,-0.,-1.));
#286 = DIRECTION('',(-1.,0.,0.));
#287 = ADVANCED_FACE('',(#288),#313,.F.);
#288 = FACE_BOUND('',#289,.F.);
#289 = EDGE_LOOP('',(#290,#291,#299,#307));
#290 = ORIENTED_EDGE('',*,*,#21,.F.);
#291 = ORIENTED_EDGE('',*,*,#292,.T.);
#292 = EDGE_CURVE('',#22,#293,#295,.T.);
#293 = VERTEX_POINT('',#294);
#294 = CARTESIAN_POINT('',(-21.,120.,21.));
#295 = LINE('',#296,#297);
#296 = CARTESIAN_POINT('',(-21.,120.,0.));
#297 = VECTOR('',#298,1.);
#298 = DIRECTION('',(0.,0.,1.));
#299 = ORIENTED_EDGE('',*,*,#300,.T.);
#300 = EDGE_CURVE('',#293,#301,#303,.T.);
#301 = VERTEX_POINT('',#302);
#302 = CARTESIAN_POINT('',(-21.,6.,21.));
#303 = LINE('',#304,#305);
#304 = CARTESIAN_POINT('',(-21.,126.,21.));
#305 = VECTOR('',#306,1.);
#306 = DIRECTION('',(0.,-1.,0.));
#307 = ORIENTED_EDGE('',*,*,#308,.F.);
#308 = EDGE_CURVE('',#24,#301,#309,.T.);
#309 = LINE('',#310,#311);
#310 = CARTESIAN_POINT('',(-21.,6.,0.));
#311 = VECTOR('',#312,1.);
#312 = DIRECTION('',(0.,0.,1.));
#313 = PLANE('',#314);
#314 = AXIS2_PLACEMENT_3D('',#315,#316,#317);
#315 = CARTESIAN_POINT('',(-21.,126.,0.));
#316 = DIRECTION('',(1.,0.,0.));
#317 = DIRECTION('',(0.,-1.,0.));
#318 = ADVANCED_FACE('',(#319),#337,.T.);
#319 = FACE_BOUND('',#320,.T.);
#320 = EDGE_LOOP('',(#321,#322,#323,#331));
#321 = ORIENTED_EDGE('',*,*,#31,.F.);
#322 = ORIENTED_EDGE('',*,*,#292,.T.);
#323 = ORIENTED_EDGE('',*,*,#324,.T.);
#324 = EDGE_CURVE('',#293,#325,#327,.T.);
#325 = VERTEX_POINT('',#326);
#326 = CARTESIAN_POINT('',(-15.,126.,21.));
#327 = LINE('',#328,#329);
#328 = CARTESIAN_POINT('',(-28.5,112.5,21.));
#329 = VECTOR('',#330,1.);
#330 = DIRECTION('',(0.707106781187,0.707106781187,0.));
#331 = ORIENTED_EDGE('',*,*,#332,.F.);
#332 = EDGE_CURVE('',#32,#325,#333,.T.);
#333 = LINE('',#334,#335);
#334 = CARTESIAN_POINT('',(-15.,126.,0.));
#335 = VECTOR('',#336,1.);
#336 = DIRECTION('',(0.,0.,1.));
#337 = PLANE('',#338);
#338 = AXIS2_PLACEMENT_3D('',#339,#340,#341);
#339 = CARTESIAN_POINT('',(-18.,123.,0.));
#340 = DIRECTION('',(-0.707106781187,0.707106781187,0.));
#341 = DIRECTION('',(0.,0.,1.));
#342 = ADVANCED_FACE('',(#343),#361,.T.);
#343 = FACE_BOUND('',#344,.F.);
#344 = EDGE_LOOP('',(#345,#346,#347,#355));
#345 = ORIENTED_EDGE('',*,*,#79,.F.);
#346 = ORIENTED_EDGE('',*,*,#308,.T.);
#347 = ORIENTED_EDGE('',*,*,#348,.T.);
#348 = EDGE_CURVE('',#301,#349,#351,.T.);
#349 = VERTEX_POINT('',#350);
#350 = CARTESIAN_POINT('',(-15.,-1.7763568394E-15,21.));
#351 = LINE('',#352,#353);
#352 = CARTESIAN_POINT('',(-28.5,13.5,21.));
#353 = VECTOR('',#354,1.);
#354 = DIRECTION('',(0.707106781187,-0.707106781187,0.));
#355 = ORIENTED_EDGE('',*,*,#356,.F.);
#356 = EDGE_CURVE('',#72,#349,#357,.T.);
#357 = LINE('',#358,#359);
#358 = CARTESIAN_POINT('',(-15.,0.,0.));
#359 = VECTOR('',#360,1.);
#360 = DIRECTION('',(0.,0.,1.));
#361 = PLANE('',#362);
#362 = AXIS2_PLACEMENT_3D('',#363,#364,#365);
#363 = CARTESIAN_POINT('',(-18.,3.,0.));
#364 = DIRECTION('',(-0.707106781187,-0.707106781187,0.));
#365 = DIRECTION('',(-0.,-0.,-1.));
#366 = ADVANCED_FACE('',(#367),#385,.F.);
#367 = FACE_BOUND('',#368,.F.);
#368 = EDGE_LOOP('',(#369,#370,#378,#384));
#369 = ORIENTED_EDGE('',*,*,#39,.F.);
#370 = ORIENTED_EDGE('',*,*,#371,.T.);
#371 = EDGE_CURVE('',#40,#372,#374,.T.);
#372 = VERTEX_POINT('',#373);
#373 = CARTESIAN_POINT('',(15.,126.,21.));
#374 = LINE('',#375,#376);
#375 = CARTESIAN_POINT('',(15.,126.,0.));
#376 = VECTOR('',#377,1.);
#377 = DIRECTION('',(0.,0.,1.));
#378 = ORIENTED_EDGE('',*,*,#379,.T.);
#379 = EDGE_CURVE('',#372,#325,#380,.T.);
#380 = LINE('',#381,#382);
#381 = CARTESIAN_POINT('',(21.,126.,21.));
#382 = VECTOR('',#383,1.);
#383 = DIRECTION('',(-1.,0.,0.));
#384 = ORIENTED_EDGE('',*,*,#332,.F.);
#385 = PLANE('',#386);
#386 = AXIS2_PLACEMENT_3D('',#387,#388,#389);
#387 = CARTESIAN_POINT('',(21.,126.,0.));
#388 = DIRECTION('',(0.,-1.,0.));
#389 = DIRECTION('',(-1.,0.,0.));
#390 = ADVANCED_FACE('',(#391),#409,.F.);
#391 = FACE_BOUND('',#392,.F.);
#392 = EDGE_LOOP('',(#393,#394,#395,#403));
#393 = ORIENTED_EDGE('',*,*,#71,.F.);
#394 = ORIENTED_EDGE('',*,*,#356,.T.);
#395 = ORIENTED_EDGE('',*,*,#396,.T.);
#396 = EDGE_CURVE('',#349,#397,#399,.T.);
#397 = VERTEX_POINT('',#398);
#398 = CARTESIAN_POINT('',(15.,-1.7763568394E-15,21.));
#399 = LINE('',#400,#401);
#400 = CARTESIAN_POINT('',(-21.,0.,21.));
#401 = VECTOR('',#402,1.);
#402 = DIRECTION('',(1.,0.,0.));
#403 = ORIENTED_EDGE('',*,*,#404,.F.);
#404 = EDGE_CURVE('',#64,#397,#405,.T.);
#405 = LINE('',#406,#407);
#406 = CARTESIAN_POINT('',(15.,0.,0.));
#407 = VECTOR('',#408,1.);
#408 = DIRECTION('',(0.,0.,1.));
#409 = PLANE('',#410);
#410 = AXIS2_PLACEMENT_3D('',#411,#412,#413);
#411 = CARTESIAN_POINT('',(-21.,0.,0.));
#412 = DIRECTION('',(0.,1.,0.));
#413 = DIRECTION('',(1.,0.,0.));
#414 = ADVANCED_FACE('',(#415),#433,.T.);
#415 = FACE_BOUND('',#416,.T.);
#416 = EDGE_LOOP('',(#417,#418,#419,#427));
#417 = ORIENTED_EDGE('',*,*,#47,.F.);
#418 = ORIENTED_EDGE('',*,*,#371,.T.);
#419 = ORIENTED_EDGE('',*,*,#420,.T.);
#420 = EDGE_CURVE('',#372,#421,#423,.T.);
#421 = VERTEX_POINT('',#422);
#422 = CARTESIAN_POINT('',(21.,120.,21.));
#423 = LINE('',#424,#425);
#424 = CARTESIAN_POINT('',(28.5,112.5,21.));
#425 = VECTOR('',#426,1.);
#426 = DIRECTION('',(0.707106781187,-0.707106781187,0.));
#427 = ORIENTED_EDGE('',*,*,#428,.F.);
#428 = EDGE_CURVE('',#48,#421,#429,.T.);
#429 = LINE('',#430,#431);
#430 = CARTESIAN_POINT('',(21.,120.,0.));
#431 = VECTOR('',#432,1.);
#432 = DIRECTION('',(0.,0.,1.));
#433 = PLANE('',#434);
#434 = AXIS2_PLACEMENT_3D('',#435,#436,#437);
#435 = CARTESIAN_POINT('',(18.,123.,0.));
#436 = DIRECTION('',(0.707106781187,0.707106781187,0.));
#437 = DIRECTION('',(0.,0.,1.));
#438 = ADVANCED_FACE('',(#439),#457,.T.);
#439 = FACE_BOUND('',#440,.T.);
#440 = EDGE_LOOP('',(#441,#442,#450,#456));
#441 = ORIENTED_EDGE('',*,*,#63,.F.);
#442 = ORIENTED_EDGE('',*,*,#443,.T.);
#443 = EDGE_CURVE('',#56,#444,#446,.T.);
#444 = VERTEX_POINT('',#445);
#445 = CARTESIAN_POINT('',(21.,6.,21.));
#446 = LINE('',#447,#448);
#447 = CARTESIAN_POINT('',(21.,6.,0.));
#448 = VECTOR('',#449,1.);
#449 = DIRECTION('',(0.,0.,1.));
#450 = ORIENTED_EDGE('',*,*,#451,.T.);
#451 = EDGE_CURVE('',#444,#397,#452,.T.);
#452 = LINE('',#453,#454);
#453 = CARTESIAN_POINT('',(28.5,13.5,21.));
#454 = VECTOR('',#455,1.);
#455 = DIRECTION('',(-0.707106781187,-0.707106781187,0.));
#456 = ORIENTED_EDGE('',*,*,#404,.F.);
#457 = PLANE('',#458);
#458 = AXIS2_PLACEMENT_3D('',#459,#460,#461);
#459 = CARTESIAN_POINT('',(18.,3.,0.));
#460 = DIRECTION('',(0.707106781187,-0.707106781187,0.));
#461 = DIRECTION('',(0.,0.,1.));
#462 = ADVANCED_FACE('',(#463),#474,.F.);
#463 = FACE_BOUND('',#464,.F.);
#464 = EDGE_LOOP('',(#465,#466,#467,#473));
#465 = ORIENTED_EDGE('',*,*,#55,.F.);
#466 = ORIENTED_EDGE('',*,*,#443,.T.);
#467 = ORIENTED_EDGE('',*,*,#468,.T.);
#468 = EDGE_CURVE('',#444,#421,#469,.T.);
#469 = LINE('',#470,#471);
#470 = CARTESIAN_POINT('',(21.,0.,21.));
#471 = VECTOR('',#472,1.);
#472 = DIRECTION('',(0.,1.,0.));
#473 = ORIENTED_EDGE('',*,*,#428,.F.);
#474 = PLANE('',#475);
#475 = AXIS2_PLACEMENT_3D('',#476,#477,#478);
#476 = CARTESIAN_POINT('',(21.,0.,0.));
#477 = DIRECTION('',(-1.,0.,0.));
#478 = DIRECTION('',(0.,1.,0.));
#479 = ADVANCED_FACE('',(#480),#505,.F.);
#480 = FACE_BOUND('',#481,.F.);
#481 = EDGE_LOOP('',(#482,#490,#491,#499));
#482 = ORIENTED_EDGE('',*,*,#483,.F.);
#483 = EDGE_CURVE('',#88,#484,#486,.T.);
#484 = VERTEX_POINT('',#485);
#485 = CARTESIAN_POINT('',(18.,5.24,-2.24));
#486 = LINE('',#487,#488);
#487 = CARTESIAN_POINT('',(19.68,5.24,-0.56));
#488 = VECTOR('',#489,1.);
#489 = DIRECTION('',(-0.707106781187,-1.057629477511E-15,-0.707106781187
    ));
#490 = ORIENTED_EDGE('',*,*,#87,.T.);
#491 = ORIENTED_EDGE('',*,*,#492,.T.);
#492 = EDGE_CURVE('',#90,#493,#495,.T.);
#493 = VERTEX_POINT('',#494);
#494 = CARTESIAN_POINT('',(18.,36.76,-2.24));
#495 = LINE('',#496,#497);
#496 = CARTESIAN_POINT('',(19.68,36.76,-0.56));
#497 = VECTOR('',#498,1.);
#498 = DIRECTION('',(-0.707106781187,-6.730369402342E-16,-0.707106781187
    ));
#499 = ORIENTED_EDGE('',*,*,#500,.F.);
#500 = EDGE_CURVE('',#484,#493,#501,.T.);
#501 = LINE('',#502,#503);
#502 = CARTESIAN_POINT('',(18.,3.,-2.24));
#503 = VECTOR('',#504,1.);
#504 = DIRECTION('',(0.,1.,0.));
#505 = PLANE('',#506);
#506 = AXIS2_PLACEMENT_3D('',#507,#508,#509);
#507 = CARTESIAN_POINT('',(19.12,3.,-1.12));
#508 = DIRECTION('',(-0.707106781187,0.,0.707106781187));
#509 = DIRECTION('',(0.,1.,0.));
#510 = ADVANCED_FACE('',(#511),#529,.T.);
#511 = FACE_BOUND('',#512,.T.);
#512 = EDGE_LOOP('',(#513,#514,#515,#523));
#513 = ORIENTED_EDGE('',*,*,#483,.F.);
#514 = ORIENTED_EDGE('',*,*,#145,.T.);
#515 = ORIENTED_EDGE('',*,*,#516,.T.);
#516 = EDGE_CURVE('',#138,#517,#519,.T.);
#517 = VERTEX_POINT('',#518);
#518 = CARTESIAN_POINT('',(15.76,3.,-2.24));
#519 = LINE('',#520,#521);
#520 = CARTESIAN_POINT('',(15.76,2.44,-1.68));
#521 = VECTOR('',#522,1.);
#522 = DIRECTION('',(2.595999626618E-15,0.707106781187,-0.707106781187)
  );
#523 = ORIENTED_EDGE('',*,*,#524,.F.);
#524 = EDGE_CURVE('',#484,#517,#525,.T.);
#525 = LINE('',#526,#527);
#526 = CARTESIAN_POINT('',(18.,5.24,-2.24));
#527 = VECTOR('',#528,1.);
#528 = DIRECTION('',(-0.707106781187,-0.707106781187,9.614813431918E-16)
  );
#529 = PLANE('',#530);
#530 = AXIS2_PLACEMENT_3D('',#531,#532,#533);
#531 = CARTESIAN_POINT('',(20.24,5.24,0.));
#532 = DIRECTION('',(0.57735026919,-0.57735026919,-0.57735026919));
#533 = DIRECTION('',(-0.707106781187,-0.707106781187,3.885780586188E-16)
  );
#534 = ADVANCED_FACE('',(#535),#553,.F.);
#535 = FACE_BOUND('',#536,.F.);
#536 = EDGE_LOOP('',(#537,#538,#539,#547));
#537 = ORIENTED_EDGE('',*,*,#492,.F.);
#538 = ORIENTED_EDGE('',*,*,#97,.T.);
#539 = ORIENTED_EDGE('',*,*,#540,.T.);
#540 = EDGE_CURVE('',#98,#541,#543,.T.);
#541 = VERTEX_POINT('',#542);
#542 = CARTESIAN_POINT('',(15.76,39.,-2.24));
#543 = LINE('',#544,#545);
#544 = CARTESIAN_POINT('',(15.76,39.56,-1.68));
#545 = VECTOR('',#546,1.);
#546 = DIRECTION('',(3.845925372767E-16,-0.707106781187,-0.707106781187)
  );
#547 = ORIENTED_EDGE('',*,*,#548,.F.);
#548 = EDGE_CURVE('',#493,#541,#549,.T.);
#549 = LINE('',#550,#551);
#550 = CARTESIAN_POINT('',(18.,36.76,-2.24));
#551 = VECTOR('',#552,1.);
#552 = DIRECTION('',(-0.707106781187,0.707106781187,5.768888059151E-16)
  );
#553 = PLANE('',#554);
#554 = AXIS2_PLACEMENT_3D('',#555,#556,#557);
#555 = CARTESIAN_POINT('',(20.24,36.76,0.));
#556 = DIRECTION('',(-0.57735026919,-0.57735026919,0.57735026919));
#557 = DIRECTION('',(-0.707106781187,0.707106781187,-1.110223024625E-16)
  );
#558 = ADVANCED_FACE('',(#559),#577,.F.);
#559 = FACE_BOUND('',#560,.F.);
#560 = EDGE_LOOP('',(#561,#569,#570,#571));
#561 = ORIENTED_EDGE('',*,*,#562,.F.);
#562 = EDGE_CURVE('',#130,#563,#565,.T.);
#563 = VERTEX_POINT('',#564);
#564 = CARTESIAN_POINT('',(-15.76,3.,-2.24));
#565 = LINE('',#566,#567);
#566 = CARTESIAN_POINT('',(-15.76,1.32,-0.56));
#567 = VECTOR('',#568,1.);
#568 = DIRECTION('',(6.730369402342E-16,0.707106781187,-0.707106781187)
  );
#569 = ORIENTED_EDGE('',*,*,#137,.T.);
#570 = ORIENTED_EDGE('',*,*,#516,.T.);
#571 = ORIENTED_EDGE('',*,*,#572,.F.);
#572 = EDGE_CURVE('',#563,#517,#573,.T.);
#573 = LINE('',#574,#575);
#574 = CARTESIAN_POINT('',(-18.,3.,-2.24));
#575 = VECTOR('',#576,1.);
#576 = DIRECTION('',(1.,0.,0.));
#577 = PLANE('',#578);
#578 = AXIS2_PLACEMENT_3D('',#579,#580,#581);
#579 = CARTESIAN_POINT('',(-18.,1.88,-1.12));
#580 = DIRECTION('',(0.,0.707106781187,0.707106781187));
#581 = DIRECTION('',(1.,0.,0.));
#582 = ADVANCED_FACE('',(#583),#601,.F.);
#583 = FACE_BOUND('',#584,.F.);
#584 = EDGE_LOOP('',(#585,#586,#587,#595));
#585 = ORIENTED_EDGE('',*,*,#540,.F.);
#586 = ORIENTED_EDGE('',*,*,#105,.T.);
#587 = ORIENTED_EDGE('',*,*,#588,.T.);
#588 = EDGE_CURVE('',#106,#589,#591,.T.);
#589 = VERTEX_POINT('',#590);
#590 = CARTESIAN_POINT('',(-15.76,39.,-2.24));
#591 = LINE('',#592,#593);
#592 = CARTESIAN_POINT('',(-15.76,40.68,-0.56));
#593 = VECTOR('',#594,1.);
#594 = DIRECTION('',(-1.346073880468E-15,-0.707106781187,-0.707106781187
    ));
#595 = ORIENTED_EDGE('',*,*,#596,.F.);
#596 = EDGE_CURVE('',#541,#589,#597,.T.);
#597 = LINE('',#598,#599);
#598 = CARTESIAN_POINT('',(18.,39.,-2.24));
#599 = VECTOR('',#600,1.);
#600 = DIRECTION('',(-1.,0.,0.));
#601 = PLANE('',#602);
#602 = AXIS2_PLACEMENT_3D('',#603,#604,#605);
#603 = CARTESIAN_POINT('',(18.,40.12,-1.12));
#604 = DIRECTION('',(0.,-0.707106781187,0.707106781187));
#605 = DIRECTION('',(-1.,0.,0.));
#606 = ADVANCED_FACE('',(#607),#625,.T.);
#607 = FACE_BOUND('',#608,.T.);
#608 = EDGE_LOOP('',(#609,#610,#611,#619));
#609 = ORIENTED_EDGE('',*,*,#562,.F.);
#610 = ORIENTED_EDGE('',*,*,#129,.T.);
#611 = ORIENTED_EDGE('',*,*,#612,.T.);
#612 = EDGE_CURVE('',#122,#613,#615,.T.);
#613 = VERTEX_POINT('',#614);
#614 = CARTESIAN_POINT('',(-18.,5.24,-2.24));
#615 = LINE('',#616,#617);
#616 = CARTESIAN_POINT('',(-18.56,5.24,-1.68));
#617 = VECTOR('',#618,1.);
#618 = DIRECTION('',(0.707106781187,1.249925746149E-15,-0.707106781187)
  );
#619 = ORIENTED_EDGE('',*,*,#620,.F.);
#620 = EDGE_CURVE('',#563,#613,#621,.T.);
#621 = LINE('',#622,#623);
#622 = CARTESIAN_POINT('',(-15.76,3.,-2.24));
#623 = VECTOR('',#624,1.);
#624 = DIRECTION('',(-0.707106781187,0.707106781187,0.));
#625 = PLANE('',#626);
#626 = AXIS2_PLACEMENT_3D('',#627,#628,#629);
#627 = CARTESIAN_POINT('',(-15.76,0.76,0.));
#628 = DIRECTION('',(-0.57735026919,-0.57735026919,-0.57735026919));
#629 = DIRECTION('',(-0.707106781187,0.707106781187,-3.608224830032E-16)
  );
#630 = ADVANCED_FACE('',(#631),#649,.F.);
#631 = FACE_BOUND('',#632,.F.);
#632 = EDGE_LOOP('',(#633,#634,#635,#643));
#633 = ORIENTED_EDGE('',*,*,#588,.F.);
#634 = ORIENTED_EDGE('',*,*,#113,.T.);
#635 = ORIENTED_EDGE('',*,*,#636,.T.);
#636 = EDGE_CURVE('',#114,#637,#639,.T.);
#637 = VERTEX_POINT('',#638);
#638 = CARTESIAN_POINT('',(-18.,36.76,-2.24));
#639 = LINE('',#640,#641);
#640 = CARTESIAN_POINT('',(-18.56,36.76,-1.68));
#641 = VECTOR('',#642,1.);
#642 = DIRECTION('',(0.707106781187,-3.845925372767E-16,-0.707106781187)
  );
#643 = ORIENTED_EDGE('',*,*,#644,.F.);
#644 = EDGE_CURVE('',#589,#637,#645,.T.);
#645 = LINE('',#646,#647);
#646 = CARTESIAN_POINT('',(-15.76,39.,-2.24));
#647 = VECTOR('',#648,1.);
#648 = DIRECTION('',(-0.707106781187,-0.707106781187,-1.249925746149E-15
    ));
#649 = PLANE('',#650);
#650 = AXIS2_PLACEMENT_3D('',#651,#652,#653);
#651 = CARTESIAN_POINT('',(-15.76,41.24,0.));
#652 = DIRECTION('',(0.57735026919,-0.57735026919,0.57735026919));
#653 = DIRECTION('',(-0.707106781187,-0.707106781187,8.326672684689E-17)
  );
#654 = ADVANCED_FACE('',(#655),#666,.F.);
#655 = FACE_BOUND('',#656,.F.);
#656 = EDGE_LOOP('',(#657,#658,#659,#660));
#657 = ORIENTED_EDGE('',*,*,#636,.F.);
#658 = ORIENTED_EDGE('',*,*,#121,.T.);
#659 = ORIENTED_EDGE('',*,*,#612,.T.);
#660 = ORIENTED_EDGE('',*,*,#661,.F.);
#661 = EDGE_CURVE('',#637,#613,#662,.T.);
#662 = LINE('',#663,#664);
#663 = CARTESIAN_POINT('',(-18.,39.,-2.24));
#664 = VECTOR('',#665,1.);
#665 = DIRECTION('',(0.,-1.,0.));
#666 = PLANE('',#667);
#667 = AXIS2_PLACEMENT_3D('',#668,#669,#670);
#668 = CARTESIAN_POINT('',(-19.12,39.,-1.12));
#669 = DIRECTION('',(0.707106781187,0.,0.707106781187));
#670 = DIRECTION('',(0.,-1.,0.));
#671 = ADVANCED_FACE('',(#672),#697,.F.);
#672 = FACE_BOUND('',#673,.F.);
#673 = EDGE_LOOP('',(#674,#682,#683,#691));
#674 = ORIENTED_EDGE('',*,*,#675,.F.);
#675 = EDGE_CURVE('',#154,#676,#678,.T.);
#676 = VERTEX_POINT('',#677);
#677 = CARTESIAN_POINT('',(-15.76,45.,-2.24));
#678 = LINE('',#679,#680);
#679 = CARTESIAN_POINT('',(-15.76,43.32,-0.56));
#680 = VECTOR('',#681,1.);
#681 = DIRECTION('',(-6.730369402342E-16,0.707106781187,-0.707106781187)
  );
#682 = ORIENTED_EDGE('',*,*,#153,.T.);
#683 = ORIENTED_EDGE('',*,*,#684,.T.);
#684 = EDGE_CURVE('',#156,#685,#687,.T.);
#685 = VERTEX_POINT('',#686);
#686 = CARTESIAN_POINT('',(15.76,45.,-2.24));
#687 = LINE('',#688,#689);
#688 = CARTESIAN_POINT('',(15.76,43.32,-0.56));
#689 = VECTOR('',#690,1.);
#690 = DIRECTION('',(6.730369402342E-16,0.707106781187,-0.707106781187)
  );
#691 = ORIENTED_EDGE('',*,*,#692,.F.);
#692 = EDGE_CURVE('',#676,#685,#693,.T.);
#693 = LINE('',#694,#695);
#694 = CARTESIAN_POINT('',(-18.,45.,-2.24));
#695 = VECTOR('',#696,1.);
#696 = DIRECTION('',(1.,0.,0.));
#697 = PLANE('',#698);
#698 = AXIS2_PLACEMENT_3D('',#699,#700,#701);
#699 = CARTESIAN_POINT('',(-18.,43.88,-1.12));
#700 = DIRECTION('',(0.,0.707106781187,0.707106781187));
#701 = DIRECTION('',(1.,0.,0.));
#702 = ADVANCED_FACE('',(#703),#721,.T.);
#703 = FACE_BOUND('',#704,.T.);
#704 = EDGE_LOOP('',(#705,#706,#707,#715));
#705 = ORIENTED_EDGE('',*,*,#675,.F.);
#706 = ORIENTED_EDGE('',*,*,#211,.T.);
#707 = ORIENTED_EDGE('',*,*,#708,.T.);
#708 = EDGE_CURVE('',#204,#709,#711,.T.);
#709 = VERTEX_POINT('',#710);
#710 = CARTESIAN_POINT('',(-18.,47.24,-2.24));
#711 = LINE('',#712,#713);
#712 = CARTESIAN_POINT('',(-18.56,47.24,-1.68));
#713 = VECTOR('',#714,1.);
#714 = DIRECTION('',(0.707106781187,9.614813431918E-17,-0.707106781187)
  );
#715 = ORIENTED_EDGE('',*,*,#716,.F.);
#716 = EDGE_CURVE('',#676,#709,#717,.T.);
#717 = LINE('',#718,#719);
#718 = CARTESIAN_POINT('',(-15.76,45.,-2.24));
#719 = VECTOR('',#720,1.);
#720 = DIRECTION('',(-0.707106781187,0.707106781187,-1.442222014788E-15)
  );
#721 = PLANE('',#722);
#722 = AXIS2_PLACEMENT_3D('',#723,#724,#725);
#723 = CARTESIAN_POINT('',(-15.76,42.76,0.));
#724 = DIRECTION('',(-0.57735026919,-0.57735026919,-0.57735026919));
#725 = DIRECTION('',(-0.707106781187,0.707106781187,3.608224830032E-16)
  );
#726 = ADVANCED_FACE('',(#727),#745,.F.);
#727 = FACE_BOUND('',#728,.F.);
#728 = EDGE_LOOP('',(#729,#730,#731,#739));
#729 = ORIENTED_EDGE('',*,*,#684,.F.);
#730 = ORIENTED_EDGE('',*,*,#163,.T.);
#731 = ORIENTED_EDGE('',*,*,#732,.T.);
#732 = EDGE_CURVE('',#164,#733,#735,.T.);
#733 = VERTEX_POINT('',#734);
#734 = CARTESIAN_POINT('',(18.,47.24,-2.24));
#735 = LINE('',#736,#737);
#736 = CARTESIAN_POINT('',(18.56,47.24,-1.68));
#737 = VECTOR('',#738,1.);
#738 = DIRECTION('',(-0.707106781187,-1.15377761183E-15,-0.707106781187)
  );
#739 = ORIENTED_EDGE('',*,*,#740,.F.);
#740 = EDGE_CURVE('',#685,#733,#741,.T.);
#741 = LINE('',#742,#743);
#742 = CARTESIAN_POINT('',(15.76,45.,-2.24));
#743 = VECTOR('',#744,1.);
#744 = DIRECTION('',(0.707106781187,0.707106781187,-1.922962686384E-16)
  );
#745 = PLANE('',#746);
#746 = AXIS2_PLACEMENT_3D('',#747,#748,#749);
#747 = CARTESIAN_POINT('',(15.76,42.76,0.));
#748 = DIRECTION('',(-0.57735026919,0.57735026919,0.57735026919));
#749 = DIRECTION('',(0.707106781187,0.707106781187,3.885780586188E-16));
#750 = ADVANCED_FACE('',(#751),#769,.F.);
#751 = FACE_BOUND('',#752,.F.);
#752 = EDGE_LOOP('',(#753,#761,#762,#763));
#753 = ORIENTED_EDGE('',*,*,#754,.F.);
#754 = EDGE_CURVE('',#196,#755,#757,.T.);
#755 = VERTEX_POINT('',#756);
#756 = CARTESIAN_POINT('',(-18.,78.76,-2.24));
#757 = LINE('',#758,#759);
#758 = CARTESIAN_POINT('',(-19.68,78.76,-0.56));
#759 = VECTOR('',#760,1.);
#760 = DIRECTION('',(0.707106781187,1.922962686384E-16,-0.707106781187)
  );
#761 = ORIENTED_EDGE('',*,*,#203,.T.);
#762 = ORIENTED_EDGE('',*,*,#708,.T.);
#763 = ORIENTED_EDGE('',*,*,#764,.F.);
#764 = EDGE_CURVE('',#755,#709,#765,.T.);
#765 = LINE('',#766,#767);
#766 = CARTESIAN_POINT('',(-18.,81.,-2.24));
#767 = VECTOR('',#768,1.);
#768 = DIRECTION('',(0.,-1.,0.));
#769 = PLANE('',#770);
#770 = AXIS2_PLACEMENT_3D('',#771,#772,#773);
#771 = CARTESIAN_POINT('',(-19.12,81.,-1.12));
#772 = DIRECTION('',(0.707106781187,0.,0.707106781187));
#773 = DIRECTION('',(0.,-1.,0.));
#774 = ADVANCED_FACE('',(#775),#793,.F.);
#775 = FACE_BOUND('',#776,.F.);
#776 = EDGE_LOOP('',(#777,#778,#779,#787));
#777 = ORIENTED_EDGE('',*,*,#732,.F.);
#778 = ORIENTED_EDGE('',*,*,#171,.T.);
#779 = ORIENTED_EDGE('',*,*,#780,.T.);
#780 = EDGE_CURVE('',#172,#781,#783,.T.);
#781 = VERTEX_POINT('',#782);
#782 = CARTESIAN_POINT('',(18.,78.76,-2.24));
#783 = LINE('',#784,#785);
#784 = CARTESIAN_POINT('',(18.56,78.76,-1.68));
#785 = VECTOR('',#786,1.);
#786 = DIRECTION('',(-0.707106781187,-1.249925746149E-15,-0.707106781187
    ));
#787 = ORIENTED_EDGE('',*,*,#788,.F.);
#788 = EDGE_CURVE('',#733,#781,#789,.T.);
#789 = LINE('',#790,#791);
#790 = CARTESIAN_POINT('',(18.,45.,-2.24));
#791 = VECTOR('',#792,1.);
#792 = DIRECTION('',(0.,1.,0.));
#793 = PLANE('',#794);
#794 = AXIS2_PLACEMENT_3D('',#795,#796,#797);
#795 = CARTESIAN_POINT('',(19.12,45.,-1.12));
#796 = DIRECTION('',(-0.707106781187,0.,0.707106781187));
#797 = DIRECTION('',(0.,1.,0.));
#798 = ADVANCED_FACE('',(#799),#817,.T.);
#799 = FACE_BOUND('',#800,.T.);
#800 = EDGE_LOOP('',(#801,#802,#803,#811));
#801 = ORIENTED_EDGE('',*,*,#754,.F.);
#802 = ORIENTED_EDGE('',*,*,#195,.T.);
#803 = ORIENTED_EDGE('',*,*,#804,.T.);
#804 = EDGE_CURVE('',#188,#805,#807,.T.);
#805 = VERTEX_POINT('',#806);
#806 = CARTESIAN_POINT('',(-15.76,81.,-2.24));
#807 = LINE('',#808,#809);
#808 = CARTESIAN_POINT('',(-15.76,81.56,-1.68));
#809 = VECTOR('',#810,1.);
#810 = DIRECTION('',(-2.403703357979E-15,-0.707106781187,-0.707106781187
    ));
#811 = ORIENTED_EDGE('',*,*,#812,.F.);
#812 = EDGE_CURVE('',#755,#805,#813,.T.);
#813 = LINE('',#814,#815);
#814 = CARTESIAN_POINT('',(-18.,78.76,-2.24));
#815 = VECTOR('',#816,1.);
#816 = DIRECTION('',(0.707106781187,0.707106781187,2.788295895256E-15));
#817 = PLANE('',#818);
#818 = AXIS2_PLACEMENT_3D('',#819,#820,#821);
#819 = CARTESIAN_POINT('',(-20.24,78.76,0.));
#820 = DIRECTION('',(-0.57735026919,0.57735026919,-0.57735026919));
#821 = DIRECTION('',(0.707106781187,0.707106781187,-8.326672684689E-17)
  );
#822 = ADVANCED_FACE('',(#823),#841,.T.);
#823 = FACE_BOUND('',#824,.T.);
#824 = EDGE_LOOP('',(#825,#833,#834,#835));
#825 = ORIENTED_EDGE('',*,*,#826,.F.);
#826 = EDGE_CURVE('',#180,#827,#829,.T.);
#827 = VERTEX_POINT('',#828);
#828 = CARTESIAN_POINT('',(15.76,81.,-2.24));
#829 = LINE('',#830,#831);
#830 = CARTESIAN_POINT('',(15.76,82.68,-0.56));
#831 = VECTOR('',#832,1.);
#832 = DIRECTION('',(2.884444029575E-16,-0.707106781187,-0.707106781187)
  );
#833 = ORIENTED_EDGE('',*,*,#179,.T.);
#834 = ORIENTED_EDGE('',*,*,#780,.T.);
#835 = ORIENTED_EDGE('',*,*,#836,.F.);
#836 = EDGE_CURVE('',#827,#781,#837,.T.);
#837 = LINE('',#838,#839);
#838 = CARTESIAN_POINT('',(15.76,81.,-2.24));
#839 = VECTOR('',#840,1.);
#840 = DIRECTION('',(0.707106781187,-0.707106781187,-2.115258955022E-15)
  );
#841 = PLANE('',#842);
#842 = AXIS2_PLACEMENT_3D('',#843,#844,#845);
#843 = CARTESIAN_POINT('',(15.76,83.24,0.));
#844 = DIRECTION('',(0.57735026919,0.57735026919,-0.57735026919));
#845 = DIRECTION('',(0.707106781187,-0.707106781187,1.387778780781E-16)
  );
#846 = ADVANCED_FACE('',(#847),#858,.F.);
#847 = FACE_BOUND('',#848,.F.);
#848 = EDGE_LOOP('',(#849,#850,#851,#852));
#849 = ORIENTED_EDGE('',*,*,#826,.F.);
#850 = ORIENTED_EDGE('',*,*,#187,.T.);
#851 = ORIENTED_EDGE('',*,*,#804,.T.);
#852 = ORIENTED_EDGE('',*,*,#853,.F.);
#853 = EDGE_CURVE('',#827,#805,#854,.T.);
#854 = LINE('',#855,#856);
#855 = CARTESIAN_POINT('',(18.,81.,-2.24));
#856 = VECTOR('',#857,1.);
#857 = DIRECTION('',(-1.,0.,0.));
#858 = PLANE('',#859);
#859 = AXIS2_PLACEMENT_3D('',#860,#861,#862);
#860 = CARTESIAN_POINT('',(18.,82.12,-1.12));
#861 = DIRECTION('',(0.,-0.707106781187,0.707106781187));
#862 = DIRECTION('',(-1.,0.,0.));
#863 = ADVANCED_FACE('',(#864),#889,.F.);
#864 = FACE_BOUND('',#865,.F.);
#865 = EDGE_LOOP('',(#866,#874,#875,#883));
#866 = ORIENTED_EDGE('',*,*,#867,.F.);
#867 = EDGE_CURVE('',#220,#868,#870,.T.);
#868 = VERTEX_POINT('',#869);
#869 = CARTESIAN_POINT('',(18.,89.24,-2.24));
#870 = LINE('',#871,#872);
#871 = CARTESIAN_POINT('',(19.68,89.24,-0.56));
#872 = VECTOR('',#873,1.);
#873 = DIRECTION('',(-0.707106781187,1.922962686384E-16,-0.707106781187)
  );
#874 = ORIENTED_EDGE('',*,*,#219,.T.);
#875 = ORIENTED_EDGE('',*,*,#876,.T.);
#876 = EDGE_CURVE('',#222,#877,#879,.T.);
#877 = VERTEX_POINT('',#878);
#878 = CARTESIAN_POINT('',(18.,120.76,-2.24));
#879 = LINE('',#880,#881);
#880 = CARTESIAN_POINT('',(19.68,120.76,-0.56));
#881 = VECTOR('',#882,1.);
#882 = DIRECTION('',(-0.707106781187,-2.30755522366E-15,-0.707106781187)
  );
#883 = ORIENTED_EDGE('',*,*,#884,.F.);
#884 = EDGE_CURVE('',#868,#877,#885,.T.);
#885 = LINE('',#886,#887);
#886 = CARTESIAN_POINT('',(18.,87.,-2.24));
#887 = VECTOR('',#888,1.);
#888 = DIRECTION('',(0.,1.,0.));
#889 = PLANE('',#890);
#890 = AXIS2_PLACEMENT_3D('',#891,#892,#893);
#891 = CARTESIAN_POINT('',(19.12,87.,-1.12));
#892 = DIRECTION('',(-0.707106781187,0.,0.707106781187));
#893 = DIRECTION('',(0.,1.,0.));
#894 = ADVANCED_FACE('',(#895),#913,.T.);
#895 = FACE_BOUND('',#896,.T.);
#896 = EDGE_LOOP('',(#897,#898,#899,#907));
#897 = ORIENTED_EDGE('',*,*,#867,.F.);
#898 = ORIENTED_EDGE('',*,*,#277,.T.);
#899 = ORIENTED_EDGE('',*,*,#900,.T.);
#900 = EDGE_CURVE('',#270,#901,#903,.T.);
#901 = VERTEX_POINT('',#902);
#902 = CARTESIAN_POINT('',(15.76,87.,-2.24));
#903 = LINE('',#904,#905);
#904 = CARTESIAN_POINT('',(15.76,86.44,-1.68));
#905 = VECTOR('',#906,1.);
#906 = DIRECTION('',(-5.288147387555E-15,0.707106781187,-0.707106781187)
  );
#907 = ORIENTED_EDGE('',*,*,#908,.F.);
#908 = EDGE_CURVE('',#868,#901,#909,.T.);
#909 = LINE('',#910,#911);
#910 = CARTESIAN_POINT('',(18.,89.24,-2.24));
#911 = VECTOR('',#912,1.);
#912 = DIRECTION('',(-0.707106781187,-0.707106781187,-4.422814178682E-15
    ));
#913 = PLANE('',#914);
#914 = AXIS2_PLACEMENT_3D('',#915,#916,#917);
#915 = CARTESIAN_POINT('',(20.24,89.24,0.));
#916 = DIRECTION('',(0.57735026919,-0.57735026919,-0.57735026919));
#917 = DIRECTION('',(-0.707106781187,-0.707106781187,-5.551115123126E-16
    ));
#918 = ADVANCED_FACE('',(#919),#937,.F.);
#919 = FACE_BOUND('',#920,.F.);
#920 = EDGE_LOOP('',(#921,#922,#923,#931));
#921 = ORIENTED_EDGE('',*,*,#876,.F.);
#922 = ORIENTED_EDGE('',*,*,#229,.T.);
#923 = ORIENTED_EDGE('',*,*,#924,.T.);
#924 = EDGE_CURVE('',#230,#925,#927,.T.);
#925 = VERTEX_POINT('',#926);
#926 = CARTESIAN_POINT('',(15.76,123.,-2.24));
#927 = LINE('',#928,#929);
#928 = CARTESIAN_POINT('',(15.76,123.56,-1.68));
#929 = VECTOR('',#930,1.);
#930 = DIRECTION('',(-5.384295521874E-15,-0.707106781187,-0.707106781187
    ));
#931 = ORIENTED_EDGE('',*,*,#932,.F.);
#932 = EDGE_CURVE('',#877,#925,#933,.T.);
#933 = LINE('',#934,#935);
#934 = CARTESIAN_POINT('',(18.,120.76,-2.24));
#935 = VECTOR('',#936,1.);
#936 = DIRECTION('',(-0.707106781187,0.707106781187,-2.403703357979E-15)
  );
#937 = PLANE('',#938);
#938 = AXIS2_PLACEMENT_3D('',#939,#940,#941);
#939 = CARTESIAN_POINT('',(20.24,120.76,0.));
#940 = DIRECTION('',(-0.57735026919,-0.57735026919,0.57735026919));
#941 = DIRECTION('',(-0.707106781187,0.707106781187,-6.661338147751E-16)
  );
#942 = ADVANCED_FACE('',(#943),#961,.F.);
#943 = FACE_BOUND('',#944,.F.);
#944 = EDGE_LOOP('',(#945,#953,#954,#955));
#945 = ORIENTED_EDGE('',*,*,#946,.F.);
#946 = EDGE_CURVE('',#262,#947,#949,.T.);
#947 = VERTEX_POINT('',#948);
#948 = CARTESIAN_POINT('',(-15.76,87.,-2.24));
#949 = LINE('',#950,#951);
#950 = CARTESIAN_POINT('',(-15.76,85.32,-0.56));
#951 = VECTOR('',#952,1.);
#952 = DIRECTION('',(-4.807406715959E-16,0.707106781187,-0.707106781187)
  );
#953 = ORIENTED_EDGE('',*,*,#269,.T.);
#954 = ORIENTED_EDGE('',*,*,#900,.T.);
#955 = ORIENTED_EDGE('',*,*,#956,.F.);
#956 = EDGE_CURVE('',#947,#901,#957,.T.);
#957 = LINE('',#958,#959);
#958 = CARTESIAN_POINT('',(-18.,87.,-2.24));
#959 = VECTOR('',#960,1.);
#960 = DIRECTION('',(1.,0.,0.));
#961 = PLANE('',#962);
#962 = AXIS2_PLACEMENT_3D('',#963,#964,#965);
#963 = CARTESIAN_POINT('',(-18.,85.88,-1.12));
#964 = DIRECTION('',(0.,0.707106781187,0.707106781187));
#965 = DIRECTION('',(1.,0.,0.));
#966 = ADVANCED_FACE('',(#967),#985,.F.);
#967 = FACE_BOUND('',#968,.F.);
#968 = EDGE_LOOP('',(#969,#970,#971,#979));
#969 = ORIENTED_EDGE('',*,*,#924,.F.);
#970 = ORIENTED_EDGE('',*,*,#237,.T.);
#971 = ORIENTED_EDGE('',*,*,#972,.T.);
#972 = EDGE_CURVE('',#238,#973,#975,.T.);
#973 = VERTEX_POINT('',#974);
#974 = CARTESIAN_POINT('',(-15.76,123.,-2.24));
#975 = LINE('',#976,#977);
#976 = CARTESIAN_POINT('',(-15.76,123.56,-1.68));
#977 = VECTOR('',#978,1.);
#978 = DIRECTION('',(7.0188138053E-15,-0.707106781187,-0.707106781187));
#979 = ORIENTED_EDGE('',*,*,#980,.F.);
#980 = EDGE_CURVE('',#925,#973,#981,.T.);
#981 = LINE('',#982,#983);
#982 = CARTESIAN_POINT('',(18.,123.,-2.24));
#983 = VECTOR('',#984,1.);
#984 = DIRECTION('',(-1.,0.,0.));
#985 = PLANE('',#986);
#986 = AXIS2_PLACEMENT_3D('',#987,#988,#989);
#987 = CARTESIAN_POINT('',(18.,124.12,-1.12));
#988 = DIRECTION('',(0.,-0.707106781187,0.707106781187));
#989 = DIRECTION('',(-1.,0.,0.));
#990 = ADVANCED_FACE('',(#991),#1009,.T.);
#991 = FACE_BOUND('',#992,.T.);
#992 = EDGE_LOOP('',(#993,#994,#995,#1003));
#993 = ORIENTED_EDGE('',*,*,#946,.F.);
#994 = ORIENTED_EDGE('',*,*,#261,.T.);
#995 = ORIENTED_EDGE('',*,*,#996,.T.);
#996 = EDGE_CURVE('',#254,#997,#999,.T.);
#997 = VERTEX_POINT('',#998);
#998 = CARTESIAN_POINT('',(-18.,89.24,-2.24));
#999 = LINE('',#1000,#1001);
#1000 = CARTESIAN_POINT('',(-18.56,89.24,-1.68));
#1001 = VECTOR('',#1002,1.);
#1002 = DIRECTION('',(0.707106781187,5.768888059151E-16,-0.707106781187)
  );
#1003 = ORIENTED_EDGE('',*,*,#1004,.F.);
#1004 = EDGE_CURVE('',#947,#997,#1005,.T.);
#1005 = LINE('',#1006,#1007);
#1006 = CARTESIAN_POINT('',(-15.76,87.,-2.24));
#1007 = VECTOR('',#1008,1.);
#1008 = DIRECTION('',(-0.707106781187,0.707106781187,-1.730666417745E-15
    ));
#1009 = PLANE('',#1010);
#1010 = AXIS2_PLACEMENT_3D('',#1011,#1012,#1013);
#1011 = CARTESIAN_POINT('',(-15.76,84.76,0.));
#1012 = DIRECTION('',(-0.57735026919,-0.57735026919,-0.57735026919));
#1013 = DIRECTION('',(-0.707106781187,0.707106781187,1.387778780781E-16)
  );
#1014 = ADVANCED_FACE('',(#1015),#1033,.T.);
#1015 = FACE_BOUND('',#1016,.T.);
#1016 = EDGE_LOOP('',(#1017,#1025,#1026,#1027));
#1017 = ORIENTED_EDGE('',*,*,#1018,.F.);
#1018 = EDGE_CURVE('',#246,#1019,#1021,.T.);
#1019 = VERTEX_POINT('',#1020);
#1020 = CARTESIAN_POINT('',(-18.,120.76,-2.24));
#1021 = LINE('',#1022,#1023);
#1022 = CARTESIAN_POINT('',(-19.68,120.76,-0.56));
#1023 = VECTOR('',#1024,1.);
#1024 = DIRECTION('',(0.707106781187,3.845925372767E-16,-0.707106781187)
  );
#1025 = ORIENTED_EDGE('',*,*,#245,.T.);
#1026 = ORIENTED_EDGE('',*,*,#972,.T.);
#1027 = ORIENTED_EDGE('',*,*,#1028,.F.);
#1028 = EDGE_CURVE('',#1019,#973,#1029,.T.);
#1029 = LINE('',#1030,#1031);
#1030 = CARTESIAN_POINT('',(-18.,120.76,-2.24));
#1031 = VECTOR('',#1032,1.);
#1032 = DIRECTION('',(0.707106781187,0.707106781187,-6.730369402342E-15)
  );
#1033 = PLANE('',#1034);
#1034 = AXIS2_PLACEMENT_3D('',#1035,#1036,#1037);
#1035 = CARTESIAN_POINT('',(-20.24,120.76,0.));
#1036 = DIRECTION('',(-0.57735026919,0.57735026919,-0.57735026919));
#1037 = DIRECTION('',(0.707106781187,0.707106781187,-1.110223024625E-16)
  );
#1038 = ADVANCED_FACE('',(#1039),#1050,.F.);
#1039 = FACE_BOUND('',#1040,.F.);
#1040 = EDGE_LOOP('',(#1041,#1042,#1043,#1044));
#1041 = ORIENTED_EDGE('',*,*,#1018,.F.);
#1042 = ORIENTED_EDGE('',*,*,#253,.T.);
#1043 = ORIENTED_EDGE('',*,*,#996,.T.);
#1044 = ORIENTED_EDGE('',*,*,#1045,.F.);
#1045 = EDGE_CURVE('',#1019,#997,#1046,.T.);
#1046 = LINE('',#1047,#1048);
#1047 = CARTESIAN_POINT('',(-18.,123.,-2.24));
#1048 = VECTOR('',#1049,1.);
#1049 = DIRECTION('',(0.,-1.,0.));
#1050 = PLANE('',#1051);
#1051 = AXIS2_PLACEMENT_3D('',#1052,#1053,#1054);
#1052 = CARTESIAN_POINT('',(-19.12,123.,-1.12));
#1053 = DIRECTION('',(0.707106781187,0.,0.707106781187));
#1054 = DIRECTION('',(0.,-1.,0.));
#1055 = ADVANCED_FACE('',(#1056,#1066,#2151,#2217,#2283,#2349,#2415),
  #2481,.T.);
#1056 = FACE_BOUND('',#1057,.T.);
#1057 = EDGE_LOOP('',(#1058,#1059,#1060,#1061,#1062,#1063,#1064,#1065));
#1058 = ORIENTED_EDGE('',*,*,#300,.T.);
#1059 = ORIENTED_EDGE('',*,*,#348,.T.);
#1060 = ORIENTED_EDGE('',*,*,#396,.T.);
#1061 = ORIENTED_EDGE('',*,*,#451,.F.);
#1062 = ORIENTED_EDGE('',*,*,#468,.T.);
#1063 = ORIENTED_EDGE('',*,*,#420,.F.);
#1064 = ORIENTED_EDGE('',*,*,#379,.T.);
#1065 = ORIENTED_EDGE('',*,*,#324,.F.);
#1066 = FACE_BOUND('',#1067,.T.);
#1067 = EDGE_LOOP('',(#1068,#1078,#1086,#1095,#1103,#1112,#1120,#1129,
    #1137,#1145,#1153,#1162,#1170,#1179,#1187,#1195,#1203,#1212,#1220,
    #1229,#1237,#1245,#1253,#1262,#1270,#1279,#1287,#1295,#1303,#1312,
    #1320,#1329,#1337,#1345,#1353,#1362,#1370,#1379,#1387,#1395,#1403,
    #1412,#1420,#1429,#1437,#1445,#1453,#1462,#1470,#1479,#1487,#1495,
    #1503,#1512,#1520,#1528,#1536,#1545,#1553,#1562,#1570,#1578,#1586,
    #1595,#1603,#1612,#1620,#1628,#1636,#1645,#1653,#1661,#1669,#1678,
    #1686,#1695,#1703,#1711,#1719,#1728,#1736,#1745,#1753,#1761,#1769,
    #1778,#1786,#1795,#1803,#1811,#1819,#1828,#1836,#1845,#1853,#1861,
    #1869,#1878,#1886,#1895,#1903,#1911,#1919,#1928,#1936,#1945,#1953,
    #1961,#1969,#1978,#1986,#1995,#2003,#2011,#2019,#2028,#2036,#2045,
    #2053,#2061,#2069,#2078,#2086,#2095,#2103,#2111,#2119,#2128,#2136,
    #2145));
#1068 = ORIENTED_EDGE('',*,*,#1069,.F.);
#1069 = EDGE_CURVE('',#1070,#1072,#1074,.T.);
#1070 = VERTEX_POINT('',#1071);
#1071 = CARTESIAN_POINT('',(-19.,118.45,21.));
#1072 = VERTEX_POINT('',#1073);
#1073 = CARTESIAN_POINT('',(-19.,114.45,21.));
#1074 = LINE('',#1075,#1076);
#1075 = CARTESIAN_POINT('',(-19.,93.5,21.));
#1076 = VECTOR('',#1077,1.);
#1077 = DIRECTION('',(0.,-1.,0.));
#1078 = ORIENTED_EDGE('',*,*,#1079,.F.);
#1079 = EDGE_CURVE('',#1080,#1070,#1082,.T.);
#1080 = VERTEX_POINT('',#1081);
#1081 = CARTESIAN_POINT('',(-18.51210640756,118.45,21.));
#1082 = LINE('',#1083,#1084);
#1083 = CARTESIAN_POINT('',(-9.256053203783,118.45,21.));
#1084 = VECTOR('',#1085,1.);
#1085 = DIRECTION('',(-1.,0.,0.));
#1086 = ORIENTED_EDGE('',*,*,#1087,.T.);
#1087 = EDGE_CURVE('',#1080,#1088,#1090,.T.);
#1088 = VERTEX_POINT('',#1089);
#1089 = CARTESIAN_POINT('',(-8.587893592435,118.45,21.));
#1090 = CIRCLE('',#1091,5.35);
#1091 = AXIS2_PLACEMENT_3D('',#1092,#1093,#1094);
#1092 = CARTESIAN_POINT('',(-13.55,116.45,21.));
#1093 = DIRECTION('',(0.,0.,-1.));
#1094 = DIRECTION('',(1.,0.,0.));
#1095 = ORIENTED_EDGE('',*,*,#1096,.T.);
#1096 = EDGE_CURVE('',#1088,#1097,#1099,.T.);
#1097 = VERTEX_POINT('',#1098);
#1098 = CARTESIAN_POINT('',(-7.612106407565,118.45,21.));
#1099 = LINE('',#1100,#1101);
#1100 = CARTESIAN_POINT('',(-4.293946796217,118.45,21.));
#1101 = VECTOR('',#1102,1.);
#1102 = DIRECTION('',(1.,0.,0.));
#1103 = ORIENTED_EDGE('',*,*,#1104,.T.);
#1104 = EDGE_CURVE('',#1097,#1105,#1107,.T.);
#1105 = VERTEX_POINT('',#1106);
#1106 = CARTESIAN_POINT('',(2.312106407565,118.45,21.));
#1107 = CIRCLE('',#1108,5.35);
#1108 = AXIS2_PLACEMENT_3D('',#1109,#1110,#1111);
#1109 = CARTESIAN_POINT('',(-2.65,116.45,21.));
#1110 = DIRECTION('',(0.,0.,-1.));
#1111 = DIRECTION('',(1.,0.,0.));
#1112 = ORIENTED_EDGE('',*,*,#1113,.T.);
#1113 = EDGE_CURVE('',#1105,#1114,#1116,.T.);
#1114 = VERTEX_POINT('',#1115);
#1115 = CARTESIAN_POINT('',(5.899115113542,118.45,21.));
#1116 = LINE('',#1117,#1118);
#1117 = CARTESIAN_POINT('',(1.156053203783,118.45,21.));
#1118 = VECTOR('',#1119,1.);
#1119 = DIRECTION('',(1.,0.,0.));
#1120 = ORIENTED_EDGE('',*,*,#1121,.T.);
#1121 = EDGE_CURVE('',#1114,#1122,#1124,.T.);
#1122 = VERTEX_POINT('',#1123);
#1123 = CARTESIAN_POINT('',(18.259880773904,116.75,21.));
#1124 = CIRCLE('',#1125,7.35);
#1125 = AXIS2_PLACEMENT_3D('',#1126,#1127,#1128);
#1126 = CARTESIAN_POINT('',(11.55,113.75,21.));
#1127 = DIRECTION('',(0.,0.,-1.));
#1128 = DIRECTION('',(1.,0.,0.));
#1129 = ORIENTED_EDGE('',*,*,#1130,.T.);
#1130 = EDGE_CURVE('',#1122,#1131,#1133,.T.);
#1131 = VERTEX_POINT('',#1132);
#1132 = CARTESIAN_POINT('',(19.,116.75,21.));
#1133 = LINE('',#1134,#1135);
#1134 = CARTESIAN_POINT('',(9.129940386952,116.75,21.));
#1135 = VECTOR('',#1136,1.);
#1136 = DIRECTION('',(1.,0.,0.));
#1137 = ORIENTED_EDGE('',*,*,#1138,.F.);
#1138 = EDGE_CURVE('',#1139,#1131,#1141,.T.);
#1139 = VERTEX_POINT('',#1140);
#1140 = CARTESIAN_POINT('',(19.,110.75,21.));
#1141 = LINE('',#1142,#1143);
#1142 = CARTESIAN_POINT('',(19.,32.5,21.));
#1143 = VECTOR('',#1144,1.);
#1144 = DIRECTION('',(0.,1.,0.));
#1145 = ORIENTED_EDGE('',*,*,#1146,.F.);
#1146 = EDGE_CURVE('',#1147,#1139,#1149,.T.);
#1147 = VERTEX_POINT('',#1148);
#1148 = CARTESIAN_POINT('',(18.259880773904,110.75,21.));
#1149 = LINE('',#1150,#1151);
#1150 = CARTESIAN_POINT('',(9.129940386952,110.75,21.));
#1151 = VECTOR('',#1152,1.);
#1152 = DIRECTION('',(1.,0.,0.));
#1153 = ORIENTED_EDGE('',*,*,#1154,.T.);
#1154 = EDGE_CURVE('',#1147,#1155,#1157,.T.);
#1155 = VERTEX_POINT('',#1156);
#1156 = CARTESIAN_POINT('',(14.55,107.04011922609,21.));
#1157 = CIRCLE('',#1158,7.35);
#1158 = AXIS2_PLACEMENT_3D('',#1159,#1160,#1161);
#1159 = CARTESIAN_POINT('',(11.55,113.75,21.));
#1160 = DIRECTION('',(0.,0.,-1.));
#1161 = DIRECTION('',(1.,0.,0.));
#1162 = ORIENTED_EDGE('',*,*,#1163,.T.);
#1163 = EDGE_CURVE('',#1155,#1164,#1166,.T.);
#1164 = VERTEX_POINT('',#1165);
#1165 = CARTESIAN_POINT('',(14.55,105.5598807739,21.));
#1166 = LINE('',#1167,#1168);
#1167 = CARTESIAN_POINT('',(14.55,85.020059613048,21.));
#1168 = VECTOR('',#1169,1.);
#1169 = DIRECTION('',(0.,-1.,0.));
#1170 = ORIENTED_EDGE('',*,*,#1171,.T.);
#1171 = EDGE_CURVE('',#1164,#1172,#1174,.T.);
#1172 = VERTEX_POINT('',#1173);
#1173 = CARTESIAN_POINT('',(18.259880773904,101.85,21.));
#1174 = CIRCLE('',#1175,7.35);
#1175 = AXIS2_PLACEMENT_3D('',#1176,#1177,#1178);
#1176 = CARTESIAN_POINT('',(11.55,98.85,21.));
#1177 = DIRECTION('',(0.,0.,-1.));
#1178 = DIRECTION('',(1.,0.,0.));
#1179 = ORIENTED_EDGE('',*,*,#1180,.F.);
#1180 = EDGE_CURVE('',#1181,#1172,#1183,.T.);
#1181 = VERTEX_POINT('',#1182);
#1182 = CARTESIAN_POINT('',(19.,101.85,21.));
#1183 = LINE('',#1184,#1185);
#1184 = CARTESIAN_POINT('',(9.5,101.85,21.));
#1185 = VECTOR('',#1186,1.);
#1186 = DIRECTION('',(-1.,0.,0.));
#1187 = ORIENTED_EDGE('',*,*,#1188,.F.);
#1188 = EDGE_CURVE('',#1189,#1181,#1191,.T.);
#1189 = VERTEX_POINT('',#1190);
#1190 = CARTESIAN_POINT('',(19.,95.85,21.));
#1191 = LINE('',#1192,#1193);
#1192 = CARTESIAN_POINT('',(19.,32.5,21.));
#1193 = VECTOR('',#1194,1.);
#1194 = DIRECTION('',(0.,1.,0.));
#1195 = ORIENTED_EDGE('',*,*,#1196,.F.);
#1196 = EDGE_CURVE('',#1197,#1189,#1199,.T.);
#1197 = VERTEX_POINT('',#1198);
#1198 = CARTESIAN_POINT('',(18.259880773904,95.85,21.));
#1199 = LINE('',#1200,#1201);
#1200 = CARTESIAN_POINT('',(9.129940386952,95.85,21.));
#1201 = VECTOR('',#1202,1.);
#1202 = DIRECTION('',(1.,0.,0.));
#1203 = ORIENTED_EDGE('',*,*,#1204,.T.);
#1204 = EDGE_CURVE('',#1197,#1205,#1207,.T.);
#1205 = VERTEX_POINT('',#1206);
#1206 = CARTESIAN_POINT('',(14.55,92.140119226096,21.));
#1207 = CIRCLE('',#1208,7.35);
#1208 = AXIS2_PLACEMENT_3D('',#1209,#1210,#1211);
#1209 = CARTESIAN_POINT('',(11.55,98.85,21.));
#1210 = DIRECTION('',(0.,0.,-1.));
#1211 = DIRECTION('',(1.,0.,0.));
#1212 = ORIENTED_EDGE('',*,*,#1213,.T.);
#1213 = EDGE_CURVE('',#1205,#1214,#1216,.T.);
#1214 = VERTEX_POINT('',#1215);
#1215 = CARTESIAN_POINT('',(14.55,90.659880773903,21.));
#1216 = LINE('',#1217,#1218);
#1217 = CARTESIAN_POINT('',(14.55,77.570059613048,21.));
#1218 = VECTOR('',#1219,1.);
#1219 = DIRECTION('',(0.,-1.,0.));
#1220 = ORIENTED_EDGE('',*,*,#1221,.T.);
#1221 = EDGE_CURVE('',#1214,#1222,#1224,.T.);
#1222 = VERTEX_POINT('',#1223);
#1223 = CARTESIAN_POINT('',(18.259880773904,86.95,21.));
#1224 = CIRCLE('',#1225,7.35);
#1225 = AXIS2_PLACEMENT_3D('',#1226,#1227,#1228);
#1226 = CARTESIAN_POINT('',(11.55,83.95,21.));
#1227 = DIRECTION('',(0.,0.,-1.));
#1228 = DIRECTION('',(1.,0.,0.));
#1229 = ORIENTED_EDGE('',*,*,#1230,.F.);
#1230 = EDGE_CURVE('',#1231,#1222,#1233,.T.);
#1231 = VERTEX_POINT('',#1232);
#1232 = CARTESIAN_POINT('',(19.,86.95,21.));
#1233 = LINE('',#1234,#1235);
#1234 = CARTESIAN_POINT('',(9.5,86.95,21.));
#1235 = VECTOR('',#1236,1.);
#1236 = DIRECTION('',(-1.,0.,0.));
#1237 = ORIENTED_EDGE('',*,*,#1238,.F.);
#1238 = EDGE_CURVE('',#1239,#1231,#1241,.T.);
#1239 = VERTEX_POINT('',#1240);
#1240 = CARTESIAN_POINT('',(19.,80.95,21.));
#1241 = LINE('',#1242,#1243);
#1242 = CARTESIAN_POINT('',(19.,32.5,21.));
#1243 = VECTOR('',#1244,1.);
#1244 = DIRECTION('',(0.,1.,0.));
#1245 = ORIENTED_EDGE('',*,*,#1246,.F.);
#1246 = EDGE_CURVE('',#1247,#1239,#1249,.T.);
#1247 = VERTEX_POINT('',#1248);
#1248 = CARTESIAN_POINT('',(18.259880773904,80.95,21.));
#1249 = LINE('',#1250,#1251);
#1250 = CARTESIAN_POINT('',(9.129940386952,80.95,21.));
#1251 = VECTOR('',#1252,1.);
#1252 = DIRECTION('',(1.,0.,0.));
#1253 = ORIENTED_EDGE('',*,*,#1254,.T.);
#1254 = EDGE_CURVE('',#1247,#1255,#1257,.T.);
#1255 = VERTEX_POINT('',#1256);
#1256 = CARTESIAN_POINT('',(14.55,77.240119226096,21.));
#1257 = CIRCLE('',#1258,7.35);
#1258 = AXIS2_PLACEMENT_3D('',#1259,#1260,#1261);
#1259 = CARTESIAN_POINT('',(11.55,83.95,21.));
#1260 = DIRECTION('',(0.,0.,-1.));
#1261 = DIRECTION('',(1.,0.,0.));
#1262 = ORIENTED_EDGE('',*,*,#1263,.T.);
#1263 = EDGE_CURVE('',#1255,#1264,#1266,.T.);
#1264 = VERTEX_POINT('',#1265);
#1265 = CARTESIAN_POINT('',(14.55,75.759880773904,21.));
#1266 = LINE('',#1267,#1268);
#1267 = CARTESIAN_POINT('',(14.55,70.120059613048,21.));
#1268 = VECTOR('',#1269,1.);
#1269 = DIRECTION('',(0.,-1.,0.));
#1270 = ORIENTED_EDGE('',*,*,#1271,.T.);
#1271 = EDGE_CURVE('',#1264,#1272,#1274,.T.);
#1272 = VERTEX_POINT('',#1273);
#1273 = CARTESIAN_POINT('',(18.259880773904,72.05,21.));
#1274 = CIRCLE('',#1275,7.35);
#1275 = AXIS2_PLACEMENT_3D('',#1276,#1277,#1278);
#1276 = CARTESIAN_POINT('',(11.55,69.05,21.));
#1277 = DIRECTION('',(0.,0.,-1.));
#1278 = DIRECTION('',(1.,0.,0.));
#1279 = ORIENTED_EDGE('',*,*,#1280,.T.);
#1280 = EDGE_CURVE('',#1272,#1281,#1283,.T.);
#1281 = VERTEX_POINT('',#1282);
#1282 = CARTESIAN_POINT('',(19.,72.05,21.));
#1283 = LINE('',#1284,#1285);
#1284 = CARTESIAN_POINT('',(9.129940386952,72.05,21.));
#1285 = VECTOR('',#1286,1.);
#1286 = DIRECTION('',(1.,0.,0.));
#1287 = ORIENTED_EDGE('',*,*,#1288,.F.);
#1288 = EDGE_CURVE('',#1289,#1281,#1291,.T.);
#1289 = VERTEX_POINT('',#1290);
#1290 = CARTESIAN_POINT('',(19.,66.05,21.));
#1291 = LINE('',#1292,#1293);
#1292 = CARTESIAN_POINT('',(19.,32.5,21.));
#1293 = VECTOR('',#1294,1.);
#1294 = DIRECTION('',(0.,1.,0.));
#1295 = ORIENTED_EDGE('',*,*,#1296,.T.);
#1296 = EDGE_CURVE('',#1289,#1297,#1299,.T.);
#1297 = VERTEX_POINT('',#1298);
#1298 = CARTESIAN_POINT('',(18.259880773904,66.05,21.));
#1299 = LINE('',#1300,#1301);
#1300 = CARTESIAN_POINT('',(9.5,66.05,21.));
#1301 = VECTOR('',#1302,1.);
#1302 = DIRECTION('',(-1.,0.,0.));
#1303 = ORIENTED_EDGE('',*,*,#1304,.T.);
#1304 = EDGE_CURVE('',#1297,#1305,#1307,.T.);
#1305 = VERTEX_POINT('',#1306);
#1306 = CARTESIAN_POINT('',(14.55,62.340119226096,21.));
#1307 = CIRCLE('',#1308,7.35);
#1308 = AXIS2_PLACEMENT_3D('',#1309,#1310,#1311);
#1309 = CARTESIAN_POINT('',(11.55,69.05,21.));
#1310 = DIRECTION('',(0.,0.,-1.));
#1311 = DIRECTION('',(1.,0.,0.));
#1312 = ORIENTED_EDGE('',*,*,#1313,.T.);
#1313 = EDGE_CURVE('',#1305,#1314,#1316,.T.);
#1314 = VERTEX_POINT('',#1315);
#1315 = CARTESIAN_POINT('',(14.55,60.859880773904,21.));
#1316 = LINE('',#1317,#1318);
#1317 = CARTESIAN_POINT('',(14.55,62.670059613048,21.));
#1318 = VECTOR('',#1319,1.);
#1319 = DIRECTION('',(0.,-1.,0.));
#1320 = ORIENTED_EDGE('',*,*,#1321,.T.);
#1321 = EDGE_CURVE('',#1314,#1322,#1324,.T.);
#1322 = VERTEX_POINT('',#1323);
#1323 = CARTESIAN_POINT('',(18.259880773904,57.15,21.));
#1324 = CIRCLE('',#1325,7.35);
#1325 = AXIS2_PLACEMENT_3D('',#1326,#1327,#1328);
#1326 = CARTESIAN_POINT('',(11.55,54.15,21.));
#1327 = DIRECTION('',(0.,0.,-1.));
#1328 = DIRECTION('',(1.,0.,0.));
#1329 = ORIENTED_EDGE('',*,*,#1330,.T.);
#1330 = EDGE_CURVE('',#1322,#1331,#1333,.T.);
#1331 = VERTEX_POINT('',#1332);
#1332 = CARTESIAN_POINT('',(19.,57.15,21.));
#1333 = LINE('',#1334,#1335);
#1334 = CARTESIAN_POINT('',(9.129940386952,57.15,21.));
#1335 = VECTOR('',#1336,1.);
#1336 = DIRECTION('',(1.,0.,0.));
#1337 = ORIENTED_EDGE('',*,*,#1338,.F.);
#1338 = EDGE_CURVE('',#1339,#1331,#1341,.T.);
#1339 = VERTEX_POINT('',#1340);
#1340 = CARTESIAN_POINT('',(19.,51.15,21.));
#1341 = LINE('',#1342,#1343);
#1342 = CARTESIAN_POINT('',(19.,32.5,21.));
#1343 = VECTOR('',#1344,1.);
#1344 = DIRECTION('',(0.,1.,0.));
#1345 = ORIENTED_EDGE('',*,*,#1346,.T.);
#1346 = EDGE_CURVE('',#1339,#1347,#1349,.T.);
#1347 = VERTEX_POINT('',#1348);
#1348 = CARTESIAN_POINT('',(18.259880773904,51.15,21.));
#1349 = LINE('',#1350,#1351);
#1350 = CARTESIAN_POINT('',(9.5,51.15,21.));
#1351 = VECTOR('',#1352,1.);
#1352 = DIRECTION('',(-1.,0.,0.));
#1353 = ORIENTED_EDGE('',*,*,#1354,.T.);
#1354 = EDGE_CURVE('',#1347,#1355,#1357,.T.);
#1355 = VERTEX_POINT('',#1356);
#1356 = CARTESIAN_POINT('',(14.55,47.440119226096,21.));
#1357 = CIRCLE('',#1358,7.35);
#1358 = AXIS2_PLACEMENT_3D('',#1359,#1360,#1361);
#1359 = CARTESIAN_POINT('',(11.55,54.15,21.));
#1360 = DIRECTION('',(0.,0.,-1.));
#1361 = DIRECTION('',(1.,0.,0.));
#1362 = ORIENTED_EDGE('',*,*,#1363,.T.);
#1363 = EDGE_CURVE('',#1355,#1364,#1366,.T.);
#1364 = VERTEX_POINT('',#1365);
#1365 = CARTESIAN_POINT('',(14.55,45.959880773904,21.));
#1366 = LINE('',#1367,#1368);
#1367 = CARTESIAN_POINT('',(14.55,55.220059613048,21.));
#1368 = VECTOR('',#1369,1.);
#1369 = DIRECTION('',(0.,-1.,0.));
#1370 = ORIENTED_EDGE('',*,*,#1371,.T.);
#1371 = EDGE_CURVE('',#1364,#1372,#1374,.T.);
#1372 = VERTEX_POINT('',#1373);
#1373 = CARTESIAN_POINT('',(18.259880773904,42.25,21.));
#1374 = CIRCLE('',#1375,7.35);
#1375 = AXIS2_PLACEMENT_3D('',#1376,#1377,#1378);
#1376 = CARTESIAN_POINT('',(11.55,39.25,21.));
#1377 = DIRECTION('',(0.,0.,-1.));
#1378 = DIRECTION('',(1.,0.,0.));
#1379 = ORIENTED_EDGE('',*,*,#1380,.T.);
#1380 = EDGE_CURVE('',#1372,#1381,#1383,.T.);
#1381 = VERTEX_POINT('',#1382);
#1382 = CARTESIAN_POINT('',(19.,42.25,21.));
#1383 = LINE('',#1384,#1385);
#1384 = CARTESIAN_POINT('',(9.129940386952,42.25,21.));
#1385 = VECTOR('',#1386,1.);
#1386 = DIRECTION('',(1.,0.,0.));
#1387 = ORIENTED_EDGE('',*,*,#1388,.F.);
#1388 = EDGE_CURVE('',#1389,#1381,#1391,.T.);
#1389 = VERTEX_POINT('',#1390);
#1390 = CARTESIAN_POINT('',(19.,36.25,21.));
#1391 = LINE('',#1392,#1393);
#1392 = CARTESIAN_POINT('',(19.,32.5,21.));
#1393 = VECTOR('',#1394,1.);
#1394 = DIRECTION('',(0.,1.,0.));
#1395 = ORIENTED_EDGE('',*,*,#1396,.T.);
#1396 = EDGE_CURVE('',#1389,#1397,#1399,.T.);
#1397 = VERTEX_POINT('',#1398);
#1398 = CARTESIAN_POINT('',(18.259880773904,36.25,21.));
#1399 = LINE('',#1400,#1401);
#1400 = CARTESIAN_POINT('',(9.5,36.25,21.));
#1401 = VECTOR('',#1402,1.);
#1402 = DIRECTION('',(-1.,0.,0.));
#1403 = ORIENTED_EDGE('',*,*,#1404,.T.);
#1404 = EDGE_CURVE('',#1397,#1405,#1407,.T.);
#1405 = VERTEX_POINT('',#1406);
#1406 = CARTESIAN_POINT('',(14.55,32.540119226096,21.));
#1407 = CIRCLE('',#1408,7.35);
#1408 = AXIS2_PLACEMENT_3D('',#1409,#1410,#1411);
#1409 = CARTESIAN_POINT('',(11.55,39.25,21.));
#1410 = DIRECTION('',(0.,0.,-1.));
#1411 = DIRECTION('',(1.,0.,0.));
#1412 = ORIENTED_EDGE('',*,*,#1413,.F.);
#1413 = EDGE_CURVE('',#1414,#1405,#1416,.T.);
#1414 = VERTEX_POINT('',#1415);
#1415 = CARTESIAN_POINT('',(14.55,31.059880773904,21.));
#1416 = LINE('',#1417,#1418);
#1417 = CARTESIAN_POINT('',(14.55,47.029940386952,21.));
#1418 = VECTOR('',#1419,1.);
#1419 = DIRECTION('',(0.,1.,0.));
#1420 = ORIENTED_EDGE('',*,*,#1421,.T.);
#1421 = EDGE_CURVE('',#1414,#1422,#1424,.T.);
#1422 = VERTEX_POINT('',#1423);
#1423 = CARTESIAN_POINT('',(18.259880773904,27.35,21.));
#1424 = CIRCLE('',#1425,7.35);
#1425 = AXIS2_PLACEMENT_3D('',#1426,#1427,#1428);
#1426 = CARTESIAN_POINT('',(11.55,24.35,21.));
#1427 = DIRECTION('',(0.,0.,-1.));
#1428 = DIRECTION('',(1.,0.,0.));
#1429 = ORIENTED_EDGE('',*,*,#1430,.T.);
#1430 = EDGE_CURVE('',#1422,#1431,#1433,.T.);
#1431 = VERTEX_POINT('',#1432);
#1432 = CARTESIAN_POINT('',(19.,27.35,21.));
#1433 = LINE('',#1434,#1435);
#1434 = CARTESIAN_POINT('',(9.129940386952,27.35,21.));
#1435 = VECTOR('',#1436,1.);
#1436 = DIRECTION('',(1.,0.,0.));
#1437 = ORIENTED_EDGE('',*,*,#1438,.F.);
#1438 = EDGE_CURVE('',#1439,#1431,#1441,.T.);
#1439 = VERTEX_POINT('',#1440);
#1440 = CARTESIAN_POINT('',(19.,21.35,21.));
#1441 = LINE('',#1442,#1443);
#1442 = CARTESIAN_POINT('',(19.,32.5,21.));
#1443 = VECTOR('',#1444,1.);
#1444 = DIRECTION('',(0.,1.,0.));
#1445 = ORIENTED_EDGE('',*,*,#1446,.F.);
#1446 = EDGE_CURVE('',#1447,#1439,#1449,.T.);
#1447 = VERTEX_POINT('',#1448);
#1448 = CARTESIAN_POINT('',(18.259880773904,21.35,21.));
#1449 = LINE('',#1450,#1451);
#1450 = CARTESIAN_POINT('',(9.129940386952,21.35,21.));
#1451 = VECTOR('',#1452,1.);
#1452 = DIRECTION('',(1.,0.,0.));
#1453 = ORIENTED_EDGE('',*,*,#1454,.T.);
#1454 = EDGE_CURVE('',#1447,#1455,#1457,.T.);
#1455 = VERTEX_POINT('',#1456);
#1456 = CARTESIAN_POINT('',(14.55,17.640119226096,21.));
#1457 = CIRCLE('',#1458,7.35);
#1458 = AXIS2_PLACEMENT_3D('',#1459,#1460,#1461);
#1459 = CARTESIAN_POINT('',(11.55,24.35,21.));
#1460 = DIRECTION('',(0.,0.,-1.));
#1461 = DIRECTION('',(1.,0.,0.));
#1462 = ORIENTED_EDGE('',*,*,#1463,.F.);
#1463 = EDGE_CURVE('',#1464,#1455,#1466,.T.);
#1464 = VERTEX_POINT('',#1465);
#1465 = CARTESIAN_POINT('',(14.55,16.159880773904,21.));
#1466 = LINE('',#1467,#1468);
#1467 = CARTESIAN_POINT('',(14.55,39.579940386952,21.));
#1468 = VECTOR('',#1469,1.);
#1469 = DIRECTION('',(0.,1.,0.));
#1470 = ORIENTED_EDGE('',*,*,#1471,.T.);
#1471 = EDGE_CURVE('',#1464,#1472,#1474,.T.);
#1472 = VERTEX_POINT('',#1473);
#1473 = CARTESIAN_POINT('',(18.259880773904,12.45,21.));
#1474 = CIRCLE('',#1475,7.35);
#1475 = AXIS2_PLACEMENT_3D('',#1476,#1477,#1478);
#1476 = CARTESIAN_POINT('',(11.55,9.45,21.));
#1477 = DIRECTION('',(0.,0.,-1.));
#1478 = DIRECTION('',(1.,0.,0.));
#1479 = ORIENTED_EDGE('',*,*,#1480,.T.);
#1480 = EDGE_CURVE('',#1472,#1481,#1483,.T.);
#1481 = VERTEX_POINT('',#1482);
#1482 = CARTESIAN_POINT('',(19.,12.45,21.));
#1483 = LINE('',#1484,#1485);
#1484 = CARTESIAN_POINT('',(9.129940386952,12.45,21.));
#1485 = VECTOR('',#1486,1.);
#1486 = DIRECTION('',(1.,0.,0.));
#1487 = ORIENTED_EDGE('',*,*,#1488,.F.);
#1488 = EDGE_CURVE('',#1489,#1481,#1491,.T.);
#1489 = VERTEX_POINT('',#1490);
#1490 = CARTESIAN_POINT('',(19.,6.45,21.));
#1491 = LINE('',#1492,#1493);
#1492 = CARTESIAN_POINT('',(19.,32.5,21.));
#1493 = VECTOR('',#1494,1.);
#1494 = DIRECTION('',(0.,1.,0.));
#1495 = ORIENTED_EDGE('',*,*,#1496,.F.);
#1496 = EDGE_CURVE('',#1497,#1489,#1499,.T.);
#1497 = VERTEX_POINT('',#1498);
#1498 = CARTESIAN_POINT('',(18.259880773904,6.45,21.));
#1499 = LINE('',#1500,#1501);
#1500 = CARTESIAN_POINT('',(9.129940386952,6.45,21.));
#1501 = VECTOR('',#1502,1.);
#1502 = DIRECTION('',(1.,0.,0.));
#1503 = ORIENTED_EDGE('',*,*,#1504,.T.);
#1504 = EDGE_CURVE('',#1497,#1505,#1507,.T.);
#1505 = VERTEX_POINT('',#1506);
#1506 = CARTESIAN_POINT('',(14.55,2.740119226096,21.));
#1507 = CIRCLE('',#1508,7.35);
#1508 = AXIS2_PLACEMENT_3D('',#1509,#1510,#1511);
#1509 = CARTESIAN_POINT('',(11.55,9.45,21.));
#1510 = DIRECTION('',(0.,0.,-1.));
#1511 = DIRECTION('',(1.,0.,0.));
#1512 = ORIENTED_EDGE('',*,*,#1513,.T.);
#1513 = EDGE_CURVE('',#1505,#1514,#1516,.T.);
#1514 = VERTEX_POINT('',#1515);
#1515 = CARTESIAN_POINT('',(14.55,2.,21.));
#1516 = LINE('',#1517,#1518);
#1517 = CARTESIAN_POINT('',(14.55,32.870059613048,21.));
#1518 = VECTOR('',#1519,1.);
#1519 = DIRECTION('',(0.,-1.,0.));
#1520 = ORIENTED_EDGE('',*,*,#1521,.F.);
#1521 = EDGE_CURVE('',#1522,#1514,#1524,.T.);
#1522 = VERTEX_POINT('',#1523);
#1523 = CARTESIAN_POINT('',(8.55,2.,21.));
#1524 = LINE('',#1525,#1526);
#1525 = CARTESIAN_POINT('',(-9.5,2.,21.));
#1526 = VECTOR('',#1527,1.);
#1527 = DIRECTION('',(1.,0.,0.));
#1528 = ORIENTED_EDGE('',*,*,#1529,.F.);
#1529 = EDGE_CURVE('',#1530,#1522,#1532,.T.);
#1530 = VERTEX_POINT('',#1531);
#1531 = CARTESIAN_POINT('',(8.55,2.740119226096,21.));
#1532 = LINE('',#1533,#1534);
#1533 = CARTESIAN_POINT('',(8.55,32.870059613048,21.));
#1534 = VECTOR('',#1535,1.);
#1535 = DIRECTION('',(0.,-1.,0.));
#1536 = ORIENTED_EDGE('',*,*,#1537,.T.);
#1537 = EDGE_CURVE('',#1530,#1538,#1540,.T.);
#1538 = VERTEX_POINT('',#1539);
#1539 = CARTESIAN_POINT('',(5.38376127611,5.45,21.));
#1540 = CIRCLE('',#1541,7.35);
#1541 = AXIS2_PLACEMENT_3D('',#1542,#1543,#1544);
#1542 = CARTESIAN_POINT('',(11.55,9.45,21.));
#1543 = DIRECTION('',(0.,0.,-1.));
#1544 = DIRECTION('',(1.,0.,0.));
#1545 = ORIENTED_EDGE('',*,*,#1546,.F.);
#1546 = EDGE_CURVE('',#1547,#1538,#1549,.T.);
#1547 = VERTEX_POINT('',#1548);
#1548 = CARTESIAN_POINT('',(2.312106407565,5.45,21.));
#1549 = LINE('',#1550,#1551);
#1550 = CARTESIAN_POINT('',(1.156053203783,5.45,21.));
#1551 = VECTOR('',#1552,1.);
#1552 = DIRECTION('',(1.,0.,0.));
#1553 = ORIENTED_EDGE('',*,*,#1554,.T.);
#1554 = EDGE_CURVE('',#1547,#1555,#1557,.T.);
#1555 = VERTEX_POINT('',#1556);
#1556 = CARTESIAN_POINT('',(-0.65,2.487893592435,21.));
#1557 = CIRCLE('',#1558,5.35);
#1558 = AXIS2_PLACEMENT_3D('',#1559,#1560,#1561);
#1559 = CARTESIAN_POINT('',(-2.65,7.45,21.));
#1560 = DIRECTION('',(0.,0.,-1.));
#1561 = DIRECTION('',(1.,0.,0.));
#1562 = ORIENTED_EDGE('',*,*,#1563,.T.);
#1563 = EDGE_CURVE('',#1555,#1564,#1566,.T.);
#1564 = VERTEX_POINT('',#1565);
#1565 = CARTESIAN_POINT('',(-0.65,2.,21.));
#1566 = LINE('',#1567,#1568);
#1567 = CARTESIAN_POINT('',(-0.65,32.743946796217,21.));
#1568 = VECTOR('',#1569,1.);
#1569 = DIRECTION('',(0.,-1.,0.));
#1570 = ORIENTED_EDGE('',*,*,#1571,.F.);
#1571 = EDGE_CURVE('',#1572,#1564,#1574,.T.);
#1572 = VERTEX_POINT('',#1573);
#1573 = CARTESIAN_POINT('',(-4.65,2.,21.));
#1574 = LINE('',#1575,#1576);
#1575 = CARTESIAN_POINT('',(-9.5,2.,21.));
#1576 = VECTOR('',#1577,1.);
#1577 = DIRECTION('',(1.,0.,0.));
#1578 = ORIENTED_EDGE('',*,*,#1579,.F.);
#1579 = EDGE_CURVE('',#1580,#1572,#1582,.T.);
#1580 = VERTEX_POINT('',#1581);
#1581 = CARTESIAN_POINT('',(-4.65,2.487893592435,21.));
#1582 = LINE('',#1583,#1584);
#1583 = CARTESIAN_POINT('',(-4.65,32.743946796217,21.));
#1584 = VECTOR('',#1585,1.);
#1585 = DIRECTION('',(0.,-1.,0.));
#1586 = ORIENTED_EDGE('',*,*,#1587,.T.);
#1587 = EDGE_CURVE('',#1580,#1588,#1590,.T.);
#1588 = VERTEX_POINT('',#1589);
#1589 = CARTESIAN_POINT('',(-7.612106407565,5.45,21.));
#1590 = CIRCLE('',#1591,5.35);
#1591 = AXIS2_PLACEMENT_3D('',#1592,#1593,#1594);
#1592 = CARTESIAN_POINT('',(-2.65,7.45,21.));
#1593 = DIRECTION('',(0.,0.,-1.));
#1594 = DIRECTION('',(1.,0.,0.));
#1595 = ORIENTED_EDGE('',*,*,#1596,.T.);
#1596 = EDGE_CURVE('',#1588,#1597,#1599,.T.);
#1597 = VERTEX_POINT('',#1598);
#1598 = CARTESIAN_POINT('',(-8.587893592435,5.45,21.));
#1599 = LINE('',#1600,#1601);
#1600 = CARTESIAN_POINT('',(-3.806053203783,5.45,21.));
#1601 = VECTOR('',#1602,1.);
#1602 = DIRECTION('',(-1.,0.,0.));
#1603 = ORIENTED_EDGE('',*,*,#1604,.T.);
#1604 = EDGE_CURVE('',#1597,#1605,#1607,.T.);
#1605 = VERTEX_POINT('',#1606);
#1606 = CARTESIAN_POINT('',(-11.55,2.487893592435,21.));
#1607 = CIRCLE('',#1608,5.35);
#1608 = AXIS2_PLACEMENT_3D('',#1609,#1610,#1611);
#1609 = CARTESIAN_POINT('',(-13.55,7.45,21.));
#1610 = DIRECTION('',(0.,0.,-1.));
#1611 = DIRECTION('',(1.,0.,0.));
#1612 = ORIENTED_EDGE('',*,*,#1613,.T.);
#1613 = EDGE_CURVE('',#1605,#1614,#1616,.T.);
#1614 = VERTEX_POINT('',#1615);
#1615 = CARTESIAN_POINT('',(-11.55,2.,21.));
#1616 = LINE('',#1617,#1618);
#1617 = CARTESIAN_POINT('',(-11.55,32.743946796217,21.));
#1618 = VECTOR('',#1619,1.);
#1619 = DIRECTION('',(0.,-1.,0.));
#1620 = ORIENTED_EDGE('',*,*,#1621,.F.);
#1621 = EDGE_CURVE('',#1622,#1614,#1624,.T.);
#1622 = VERTEX_POINT('',#1623);
#1623 = CARTESIAN_POINT('',(-15.55,2.,21.));
#1624 = LINE('',#1625,#1626);
#1625 = CARTESIAN_POINT('',(-9.5,2.,21.));
#1626 = VECTOR('',#1627,1.);
#1627 = DIRECTION('',(1.,0.,0.));
#1628 = ORIENTED_EDGE('',*,*,#1629,.T.);
#1629 = EDGE_CURVE('',#1622,#1630,#1632,.T.);
#1630 = VERTEX_POINT('',#1631);
#1631 = CARTESIAN_POINT('',(-15.55,2.487893592435,21.));
#1632 = LINE('',#1633,#1634);
#1633 = CARTESIAN_POINT('',(-15.55,32.5,21.));
#1634 = VECTOR('',#1635,1.);
#1635 = DIRECTION('',(0.,1.,0.));
#1636 = ORIENTED_EDGE('',*,*,#1637,.T.);
#1637 = EDGE_CURVE('',#1630,#1638,#1640,.T.);
#1638 = VERTEX_POINT('',#1639);
#1639 = CARTESIAN_POINT('',(-18.51210640756,5.45,21.));
#1640 = CIRCLE('',#1641,5.35);
#1641 = AXIS2_PLACEMENT_3D('',#1642,#1643,#1644);
#1642 = CARTESIAN_POINT('',(-13.55,7.45,21.));
#1643 = DIRECTION('',(0.,0.,-1.));
#1644 = DIRECTION('',(1.,0.,0.));
#1645 = ORIENTED_EDGE('',*,*,#1646,.F.);
#1646 = EDGE_CURVE('',#1647,#1638,#1649,.T.);
#1647 = VERTEX_POINT('',#1648);
#1648 = CARTESIAN_POINT('',(-19.,5.45,21.));
#1649 = LINE('',#1650,#1651);
#1650 = CARTESIAN_POINT('',(-9.5,5.45,21.));
#1651 = VECTOR('',#1652,1.);
#1652 = DIRECTION('',(1.,0.,0.));
#1653 = ORIENTED_EDGE('',*,*,#1654,.F.);
#1654 = EDGE_CURVE('',#1655,#1647,#1657,.T.);
#1655 = VERTEX_POINT('',#1656);
#1656 = CARTESIAN_POINT('',(-19.,9.45,21.));
#1657 = LINE('',#1658,#1659);
#1658 = CARTESIAN_POINT('',(-19.,93.5,21.));
#1659 = VECTOR('',#1660,1.);
#1660 = DIRECTION('',(0.,-1.,0.));
#1661 = ORIENTED_EDGE('',*,*,#1662,.T.);
#1662 = EDGE_CURVE('',#1655,#1663,#1665,.T.);
#1663 = VERTEX_POINT('',#1664);
#1664 = CARTESIAN_POINT('',(-18.51210640756,9.45,21.));
#1665 = LINE('',#1666,#1667);
#1666 = CARTESIAN_POINT('',(-9.5,9.45,21.));
#1667 = VECTOR('',#1668,1.);
#1668 = DIRECTION('',(1.,0.,0.));
#1669 = ORIENTED_EDGE('',*,*,#1670,.T.);
#1670 = EDGE_CURVE('',#1663,#1671,#1673,.T.);
#1671 = VERTEX_POINT('',#1672);
#1672 = CARTESIAN_POINT('',(-15.55,12.412106407565,21.));
#1673 = CIRCLE('',#1674,5.35);
#1674 = AXIS2_PLACEMENT_3D('',#1675,#1676,#1677);
#1675 = CARTESIAN_POINT('',(-13.55,7.45,21.));
#1676 = DIRECTION('',(0.,0.,-1.));
#1677 = DIRECTION('',(1.,0.,0.));
#1678 = ORIENTED_EDGE('',*,*,#1679,.F.);
#1679 = EDGE_CURVE('',#1680,#1671,#1682,.T.);
#1680 = VERTEX_POINT('',#1681);
#1681 = CARTESIAN_POINT('',(-15.55,13.387893592435,21.));
#1682 = LINE('',#1683,#1684);
#1683 = CARTESIAN_POINT('',(-15.55,38.193946796217,21.));
#1684 = VECTOR('',#1685,1.);
#1685 = DIRECTION('',(0.,-1.,0.));
#1686 = ORIENTED_EDGE('',*,*,#1687,.T.);
#1687 = EDGE_CURVE('',#1680,#1688,#1690,.T.);
#1688 = VERTEX_POINT('',#1689);
#1689 = CARTESIAN_POINT('',(-18.51210640756,16.35,21.));
#1690 = CIRCLE('',#1691,5.35);
#1691 = AXIS2_PLACEMENT_3D('',#1692,#1693,#1694);
#1692 = CARTESIAN_POINT('',(-13.55,18.35,21.));
#1693 = DIRECTION('',(0.,0.,-1.));
#1694 = DIRECTION('',(1.,0.,0.));
#1695 = ORIENTED_EDGE('',*,*,#1696,.F.);
#1696 = EDGE_CURVE('',#1697,#1688,#1699,.T.);
#1697 = VERTEX_POINT('',#1698);
#1698 = CARTESIAN_POINT('',(-19.,16.35,21.));
#1699 = LINE('',#1700,#1701);
#1700 = CARTESIAN_POINT('',(-9.5,16.35,21.));
#1701 = VECTOR('',#1702,1.);
#1702 = DIRECTION('',(1.,0.,0.));
#1703 = ORIENTED_EDGE('',*,*,#1704,.F.);
#1704 = EDGE_CURVE('',#1705,#1697,#1707,.T.);
#1705 = VERTEX_POINT('',#1706);
#1706 = CARTESIAN_POINT('',(-19.,20.35,21.));
#1707 = LINE('',#1708,#1709);
#1708 = CARTESIAN_POINT('',(-19.,93.5,21.));
#1709 = VECTOR('',#1710,1.);
#1710 = DIRECTION('',(0.,-1.,0.));
#1711 = ORIENTED_EDGE('',*,*,#1712,.F.);
#1712 = EDGE_CURVE('',#1713,#1705,#1715,.T.);
#1713 = VERTEX_POINT('',#1714);
#1714 = CARTESIAN_POINT('',(-18.51210640756,20.35,21.));
#1715 = LINE('',#1716,#1717);
#1716 = CARTESIAN_POINT('',(-9.256053203783,20.35,21.));
#1717 = VECTOR('',#1718,1.);
#1718 = DIRECTION('',(-1.,0.,0.));
#1719 = ORIENTED_EDGE('',*,*,#1720,.T.);
#1720 = EDGE_CURVE('',#1713,#1721,#1723,.T.);
#1721 = VERTEX_POINT('',#1722);
#1722 = CARTESIAN_POINT('',(-15.55,23.312106407565,21.));
#1723 = CIRCLE('',#1724,5.35);
#1724 = AXIS2_PLACEMENT_3D('',#1725,#1726,#1727);
#1725 = CARTESIAN_POINT('',(-13.55,18.35,21.));
#1726 = DIRECTION('',(0.,0.,-1.));
#1727 = DIRECTION('',(1.,0.,0.));
#1728 = ORIENTED_EDGE('',*,*,#1729,.F.);
#1729 = EDGE_CURVE('',#1730,#1721,#1732,.T.);
#1730 = VERTEX_POINT('',#1731);
#1731 = CARTESIAN_POINT('',(-15.55,24.287893592435,21.));
#1732 = LINE('',#1733,#1734);
#1733 = CARTESIAN_POINT('',(-15.55,43.643946796217,21.));
#1734 = VECTOR('',#1735,1.);
#1735 = DIRECTION('',(0.,-1.,0.));
#1736 = ORIENTED_EDGE('',*,*,#1737,.T.);
#1737 = EDGE_CURVE('',#1730,#1738,#1740,.T.);
#1738 = VERTEX_POINT('',#1739);
#1739 = CARTESIAN_POINT('',(-18.51210640756,27.25,21.));
#1740 = CIRCLE('',#1741,5.35);
#1741 = AXIS2_PLACEMENT_3D('',#1742,#1743,#1744);
#1742 = CARTESIAN_POINT('',(-13.55,29.25,21.));
#1743 = DIRECTION('',(0.,0.,-1.));
#1744 = DIRECTION('',(1.,0.,0.));
#1745 = ORIENTED_EDGE('',*,*,#1746,.T.);
#1746 = EDGE_CURVE('',#1738,#1747,#1749,.T.);
#1747 = VERTEX_POINT('',#1748);
#1748 = CARTESIAN_POINT('',(-19.,27.25,21.));
#1749 = LINE('',#1750,#1751);
#1750 = CARTESIAN_POINT('',(-9.256053203783,27.25,21.));
#1751 = VECTOR('',#1752,1.);
#1752 = DIRECTION('',(-1.,0.,0.));
#1753 = ORIENTED_EDGE('',*,*,#1754,.F.);
#1754 = EDGE_CURVE('',#1755,#1747,#1757,.T.);
#1755 = VERTEX_POINT('',#1756);
#1756 = CARTESIAN_POINT('',(-19.,31.25,21.));
#1757 = LINE('',#1758,#1759);
#1758 = CARTESIAN_POINT('',(-19.,93.5,21.));
#1759 = VECTOR('',#1760,1.);
#1760 = DIRECTION('',(0.,-1.,0.));
#1761 = ORIENTED_EDGE('',*,*,#1762,.F.);
#1762 = EDGE_CURVE('',#1763,#1755,#1765,.T.);
#1763 = VERTEX_POINT('',#1764);
#1764 = CARTESIAN_POINT('',(-18.51210640756,31.25,21.));
#1765 = LINE('',#1766,#1767);
#1766 = CARTESIAN_POINT('',(-9.256053203783,31.25,21.));
#1767 = VECTOR('',#1768,1.);
#1768 = DIRECTION('',(-1.,0.,0.));
#1769 = ORIENTED_EDGE('',*,*,#1770,.T.);
#1770 = EDGE_CURVE('',#1763,#1771,#1773,.T.);
#1771 = VERTEX_POINT('',#1772);
#1772 = CARTESIAN_POINT('',(-15.55,34.212106407565,21.));
#1773 = CIRCLE('',#1774,5.35);
#1774 = AXIS2_PLACEMENT_3D('',#1775,#1776,#1777);
#1775 = CARTESIAN_POINT('',(-13.55,29.25,21.));
#1776 = DIRECTION('',(0.,0.,-1.));
#1777 = DIRECTION('',(1.,0.,0.));
#1778 = ORIENTED_EDGE('',*,*,#1779,.T.);
#1779 = EDGE_CURVE('',#1771,#1780,#1782,.T.);
#1780 = VERTEX_POINT('',#1781);
#1781 = CARTESIAN_POINT('',(-15.55,35.187893592435,21.));
#1782 = LINE('',#1783,#1784);
#1783 = CARTESIAN_POINT('',(-15.55,48.606053203783,21.));
#1784 = VECTOR('',#1785,1.);
#1785 = DIRECTION('',(0.,1.,0.));
#1786 = ORIENTED_EDGE('',*,*,#1787,.T.);
#1787 = EDGE_CURVE('',#1780,#1788,#1790,.T.);
#1788 = VERTEX_POINT('',#1789);
#1789 = CARTESIAN_POINT('',(-18.51210640756,38.15,21.));
#1790 = CIRCLE('',#1791,5.35);
#1791 = AXIS2_PLACEMENT_3D('',#1792,#1793,#1794);
#1792 = CARTESIAN_POINT('',(-13.55,40.15,21.));
#1793 = DIRECTION('',(0.,0.,-1.));
#1794 = DIRECTION('',(1.,0.,0.));
#1795 = ORIENTED_EDGE('',*,*,#1796,.T.);
#1796 = EDGE_CURVE('',#1788,#1797,#1799,.T.);
#1797 = VERTEX_POINT('',#1798);
#1798 = CARTESIAN_POINT('',(-19.,38.15,21.));
#1799 = LINE('',#1800,#1801);
#1800 = CARTESIAN_POINT('',(-9.256053203783,38.15,21.));
#1801 = VECTOR('',#1802,1.);
#1802 = DIRECTION('',(-1.,0.,0.));
#1803 = ORIENTED_EDGE('',*,*,#1804,.F.);
#1804 = EDGE_CURVE('',#1805,#1797,#1807,.T.);
#1805 = VERTEX_POINT('',#1806);
#1806 = CARTESIAN_POINT('',(-19.,42.15,21.));
#1807 = LINE('',#1808,#1809);
#1808 = CARTESIAN_POINT('',(-19.,93.5,21.));
#1809 = VECTOR('',#1810,1.);
#1810 = DIRECTION('',(0.,-1.,0.));
#1811 = ORIENTED_EDGE('',*,*,#1812,.F.);
#1812 = EDGE_CURVE('',#1813,#1805,#1815,.T.);
#1813 = VERTEX_POINT('',#1814);
#1814 = CARTESIAN_POINT('',(-18.51210640756,42.15,21.));
#1815 = LINE('',#1816,#1817);
#1816 = CARTESIAN_POINT('',(-9.256053203783,42.15,21.));
#1817 = VECTOR('',#1818,1.);
#1818 = DIRECTION('',(-1.,0.,0.));
#1819 = ORIENTED_EDGE('',*,*,#1820,.T.);
#1820 = EDGE_CURVE('',#1813,#1821,#1823,.T.);
#1821 = VERTEX_POINT('',#1822);
#1822 = CARTESIAN_POINT('',(-15.55,45.112106407565,21.));
#1823 = CIRCLE('',#1824,5.35);
#1824 = AXIS2_PLACEMENT_3D('',#1825,#1826,#1827);
#1825 = CARTESIAN_POINT('',(-13.55,40.15,21.));
#1826 = DIRECTION('',(0.,0.,-1.));
#1827 = DIRECTION('',(1.,0.,0.));
#1828 = ORIENTED_EDGE('',*,*,#1829,.T.);
#1829 = EDGE_CURVE('',#1821,#1830,#1832,.T.);
#1830 = VERTEX_POINT('',#1831);
#1831 = CARTESIAN_POINT('',(-15.55,46.087893592435,21.));
#1832 = LINE('',#1833,#1834);
#1833 = CARTESIAN_POINT('',(-15.55,54.056053203783,21.));
#1834 = VECTOR('',#1835,1.);
#1835 = DIRECTION('',(0.,1.,0.));
#1836 = ORIENTED_EDGE('',*,*,#1837,.T.);
#1837 = EDGE_CURVE('',#1830,#1838,#1840,.T.);
#1838 = VERTEX_POINT('',#1839);
#1839 = CARTESIAN_POINT('',(-18.51210640756,49.05,21.));
#1840 = CIRCLE('',#1841,5.35);
#1841 = AXIS2_PLACEMENT_3D('',#1842,#1843,#1844);
#1842 = CARTESIAN_POINT('',(-13.55,51.05,21.));
#1843 = DIRECTION('',(0.,0.,-1.));
#1844 = DIRECTION('',(1.,0.,0.));
#1845 = ORIENTED_EDGE('',*,*,#1846,.T.);
#1846 = EDGE_CURVE('',#1838,#1847,#1849,.T.);
#1847 = VERTEX_POINT('',#1848);
#1848 = CARTESIAN_POINT('',(-19.,49.05,21.));
#1849 = LINE('',#1850,#1851);
#1850 = CARTESIAN_POINT('',(-9.256053203783,49.05,21.));
#1851 = VECTOR('',#1852,1.);
#1852 = DIRECTION('',(-1.,0.,0.));
#1853 = ORIENTED_EDGE('',*,*,#1854,.F.);
#1854 = EDGE_CURVE('',#1855,#1847,#1857,.T.);
#1855 = VERTEX_POINT('',#1856);
#1856 = CARTESIAN_POINT('',(-19.,53.05,21.));
#1857 = LINE('',#1858,#1859);
#1858 = CARTESIAN_POINT('',(-19.,93.5,21.));
#1859 = VECTOR('',#1860,1.);
#1860 = DIRECTION('',(0.,-1.,0.));
#1861 = ORIENTED_EDGE('',*,*,#1862,.F.);
#1862 = EDGE_CURVE('',#1863,#1855,#1865,.T.);
#1863 = VERTEX_POINT('',#1864);
#1864 = CARTESIAN_POINT('',(-18.51210640756,53.05,21.));
#1865 = LINE('',#1866,#1867);
#1866 = CARTESIAN_POINT('',(-9.256053203783,53.05,21.));
#1867 = VECTOR('',#1868,1.);
#1868 = DIRECTION('',(-1.,0.,0.));
#1869 = ORIENTED_EDGE('',*,*,#1870,.T.);
#1870 = EDGE_CURVE('',#1863,#1871,#1873,.T.);
#1871 = VERTEX_POINT('',#1872);
#1872 = CARTESIAN_POINT('',(-15.55,56.012106407565,21.));
#1873 = CIRCLE('',#1874,5.35);
#1874 = AXIS2_PLACEMENT_3D('',#1875,#1876,#1877);
#1875 = CARTESIAN_POINT('',(-13.55,51.05,21.));
#1876 = DIRECTION('',(0.,0.,-1.));
#1877 = DIRECTION('',(1.,0.,0.));
#1878 = ORIENTED_EDGE('',*,*,#1879,.T.);
#1879 = EDGE_CURVE('',#1871,#1880,#1882,.T.);
#1880 = VERTEX_POINT('',#1881);
#1881 = CARTESIAN_POINT('',(-15.55,56.987893592435,21.));
#1882 = LINE('',#1883,#1884);
#1883 = CARTESIAN_POINT('',(-15.55,59.506053203783,21.));
#1884 = VECTOR('',#1885,1.);
#1885 = DIRECTION('',(0.,1.,0.));
#1886 = ORIENTED_EDGE('',*,*,#1887,.T.);
#1887 = EDGE_CURVE('',#1880,#1888,#1890,.T.);
#1888 = VERTEX_POINT('',#1889);
#1889 = CARTESIAN_POINT('',(-18.51210640756,59.95,21.));
#1890 = CIRCLE('',#1891,5.35);
#1891 = AXIS2_PLACEMENT_3D('',#1892,#1893,#1894);
#1892 = CARTESIAN_POINT('',(-13.55,61.95,21.));
#1893 = DIRECTION('',(0.,0.,-1.));
#1894 = DIRECTION('',(1.,0.,0.));
#1895 = ORIENTED_EDGE('',*,*,#1896,.F.);
#1896 = EDGE_CURVE('',#1897,#1888,#1899,.T.);
#1897 = VERTEX_POINT('',#1898);
#1898 = CARTESIAN_POINT('',(-19.,59.95,21.));
#1899 = LINE('',#1900,#1901);
#1900 = CARTESIAN_POINT('',(-9.5,59.95,21.));
#1901 = VECTOR('',#1902,1.);
#1902 = DIRECTION('',(1.,0.,0.));
#1903 = ORIENTED_EDGE('',*,*,#1904,.F.);
#1904 = EDGE_CURVE('',#1905,#1897,#1907,.T.);
#1905 = VERTEX_POINT('',#1906);
#1906 = CARTESIAN_POINT('',(-19.,63.95,21.));
#1907 = LINE('',#1908,#1909);
#1908 = CARTESIAN_POINT('',(-19.,93.5,21.));
#1909 = VECTOR('',#1910,1.);
#1910 = DIRECTION('',(0.,-1.,0.));
#1911 = ORIENTED_EDGE('',*,*,#1912,.F.);
#1912 = EDGE_CURVE('',#1913,#1905,#1915,.T.);
#1913 = VERTEX_POINT('',#1914);
#1914 = CARTESIAN_POINT('',(-18.51210640756,63.95,21.));
#1915 = LINE('',#1916,#1917);
#1916 = CARTESIAN_POINT('',(-9.256053203783,63.95,21.));
#1917 = VECTOR('',#1918,1.);
#1918 = DIRECTION('',(-1.,0.,0.));
#1919 = ORIENTED_EDGE('',*,*,#1920,.T.);
#1920 = EDGE_CURVE('',#1913,#1921,#1923,.T.);
#1921 = VERTEX_POINT('',#1922);
#1922 = CARTESIAN_POINT('',(-15.55,66.912106407565,21.));
#1923 = CIRCLE('',#1924,5.35);
#1924 = AXIS2_PLACEMENT_3D('',#1925,#1926,#1927);
#1925 = CARTESIAN_POINT('',(-13.55,61.95,21.));
#1926 = DIRECTION('',(0.,0.,-1.));
#1927 = DIRECTION('',(1.,0.,0.));
#1928 = ORIENTED_EDGE('',*,*,#1929,.T.);
#1929 = EDGE_CURVE('',#1921,#1930,#1932,.T.);
#1930 = VERTEX_POINT('',#1931);
#1931 = CARTESIAN_POINT('',(-15.55,67.887893592435,21.));
#1932 = LINE('',#1933,#1934);
#1933 = CARTESIAN_POINT('',(-15.55,64.956053203783,21.));
#1934 = VECTOR('',#1935,1.);
#1935 = DIRECTION('',(0.,1.,0.));
#1936 = ORIENTED_EDGE('',*,*,#1937,.T.);
#1937 = EDGE_CURVE('',#1930,#1938,#1940,.T.);
#1938 = VERTEX_POINT('',#1939);
#1939 = CARTESIAN_POINT('',(-18.51210640756,70.85,21.));
#1940 = CIRCLE('',#1941,5.35);
#1941 = AXIS2_PLACEMENT_3D('',#1942,#1943,#1944);
#1942 = CARTESIAN_POINT('',(-13.55,72.85,21.));
#1943 = DIRECTION('',(0.,0.,-1.));
#1944 = DIRECTION('',(1.,0.,0.));
#1945 = ORIENTED_EDGE('',*,*,#1946,.T.);
#1946 = EDGE_CURVE('',#1938,#1947,#1949,.T.);
#1947 = VERTEX_POINT('',#1948);
#1948 = CARTESIAN_POINT('',(-19.,70.85,21.));
#1949 = LINE('',#1950,#1951);
#1950 = CARTESIAN_POINT('',(-9.256053203783,70.85,21.));
#1951 = VECTOR('',#1952,1.);
#1952 = DIRECTION('',(-1.,0.,0.));
#1953 = ORIENTED_EDGE('',*,*,#1954,.F.);
#1954 = EDGE_CURVE('',#1955,#1947,#1957,.T.);
#1955 = VERTEX_POINT('',#1956);
#1956 = CARTESIAN_POINT('',(-19.,74.85,21.));
#1957 = LINE('',#1958,#1959);
#1958 = CARTESIAN_POINT('',(-19.,93.5,21.));
#1959 = VECTOR('',#1960,1.);
#1960 = DIRECTION('',(0.,-1.,0.));
#1961 = ORIENTED_EDGE('',*,*,#1962,.F.);
#1962 = EDGE_CURVE('',#1963,#1955,#1965,.T.);
#1963 = VERTEX_POINT('',#1964);
#1964 = CARTESIAN_POINT('',(-18.51210640756,74.85,21.));
#1965 = LINE('',#1966,#1967);
#1966 = CARTESIAN_POINT('',(-9.256053203783,74.85,21.));
#1967 = VECTOR('',#1968,1.);
#1968 = DIRECTION('',(-1.,0.,0.));
#1969 = ORIENTED_EDGE('',*,*,#1970,.T.);
#1970 = EDGE_CURVE('',#1963,#1971,#1973,.T.);
#1971 = VERTEX_POINT('',#1972);
#1972 = CARTESIAN_POINT('',(-15.55,77.812106407565,21.));
#1973 = CIRCLE('',#1974,5.35);
#1974 = AXIS2_PLACEMENT_3D('',#1975,#1976,#1977);
#1975 = CARTESIAN_POINT('',(-13.55,72.85,21.));
#1976 = DIRECTION('',(0.,0.,-1.));
#1977 = DIRECTION('',(1.,0.,0.));
#1978 = ORIENTED_EDGE('',*,*,#1979,.T.);
#1979 = EDGE_CURVE('',#1971,#1980,#1982,.T.);
#1980 = VERTEX_POINT('',#1981);
#1981 = CARTESIAN_POINT('',(-15.55,78.787893592435,21.));
#1982 = LINE('',#1983,#1984);
#1983 = CARTESIAN_POINT('',(-15.55,70.406053203783,21.));
#1984 = VECTOR('',#1985,1.);
#1985 = DIRECTION('',(0.,1.,0.));
#1986 = ORIENTED_EDGE('',*,*,#1987,.T.);
#1987 = EDGE_CURVE('',#1980,#1988,#1990,.T.);
#1988 = VERTEX_POINT('',#1989);
#1989 = CARTESIAN_POINT('',(-18.51210640756,81.75,21.));
#1990 = CIRCLE('',#1991,5.35);
#1991 = AXIS2_PLACEMENT_3D('',#1992,#1993,#1994);
#1992 = CARTESIAN_POINT('',(-13.55,83.75,21.));
#1993 = DIRECTION('',(0.,0.,-1.));
#1994 = DIRECTION('',(1.,0.,0.));
#1995 = ORIENTED_EDGE('',*,*,#1996,.F.);
#1996 = EDGE_CURVE('',#1997,#1988,#1999,.T.);
#1997 = VERTEX_POINT('',#1998);
#1998 = CARTESIAN_POINT('',(-19.,81.75,21.));
#1999 = LINE('',#2000,#2001);
#2000 = CARTESIAN_POINT('',(-9.5,81.75,21.));
#2001 = VECTOR('',#2002,1.);
#2002 = DIRECTION('',(1.,0.,0.));
#2003 = ORIENTED_EDGE('',*,*,#2004,.F.);
#2004 = EDGE_CURVE('',#2005,#1997,#2007,.T.);
#2005 = VERTEX_POINT('',#2006);
#2006 = CARTESIAN_POINT('',(-19.,85.75,21.));
#2007 = LINE('',#2008,#2009);
#2008 = CARTESIAN_POINT('',(-19.,93.5,21.));
#2009 = VECTOR('',#2010,1.);
#2010 = DIRECTION('',(0.,-1.,0.));
#2011 = ORIENTED_EDGE('',*,*,#2012,.F.);
#2012 = EDGE_CURVE('',#2013,#2005,#2015,.T.);
#2013 = VERTEX_POINT('',#2014);
#2014 = CARTESIAN_POINT('',(-18.51210640756,85.75,21.));
#2015 = LINE('',#2016,#2017);
#2016 = CARTESIAN_POINT('',(-9.256053203783,85.75,21.));
#2017 = VECTOR('',#2018,1.);
#2018 = DIRECTION('',(-1.,0.,0.));
#2019 = ORIENTED_EDGE('',*,*,#2020,.T.);
#2020 = EDGE_CURVE('',#2013,#2021,#2023,.T.);
#2021 = VERTEX_POINT('',#2022);
#2022 = CARTESIAN_POINT('',(-15.55,88.712106407565,21.));
#2023 = CIRCLE('',#2024,5.35);
#2024 = AXIS2_PLACEMENT_3D('',#2025,#2026,#2027);
#2025 = CARTESIAN_POINT('',(-13.55,83.75,21.));
#2026 = DIRECTION('',(0.,0.,-1.));
#2027 = DIRECTION('',(1.,0.,0.));
#2028 = ORIENTED_EDGE('',*,*,#2029,.T.);
#2029 = EDGE_CURVE('',#2021,#2030,#2032,.T.);
#2030 = VERTEX_POINT('',#2031);
#2031 = CARTESIAN_POINT('',(-15.55,89.687893592435,21.));
#2032 = LINE('',#2033,#2034);
#2033 = CARTESIAN_POINT('',(-15.55,75.856053203783,21.));
#2034 = VECTOR('',#2035,1.);
#2035 = DIRECTION('',(0.,1.,0.));
#2036 = ORIENTED_EDGE('',*,*,#2037,.T.);
#2037 = EDGE_CURVE('',#2030,#2038,#2040,.T.);
#2038 = VERTEX_POINT('',#2039);
#2039 = CARTESIAN_POINT('',(-18.51210640756,92.65,21.));
#2040 = CIRCLE('',#2041,5.35);
#2041 = AXIS2_PLACEMENT_3D('',#2042,#2043,#2044);
#2042 = CARTESIAN_POINT('',(-13.55,94.65,21.));
#2043 = DIRECTION('',(0.,0.,-1.));
#2044 = DIRECTION('',(1.,0.,0.));
#2045 = ORIENTED_EDGE('',*,*,#2046,.F.);
#2046 = EDGE_CURVE('',#2047,#2038,#2049,.T.);
#2047 = VERTEX_POINT('',#2048);
#2048 = CARTESIAN_POINT('',(-19.,92.65,21.));
#2049 = LINE('',#2050,#2051);
#2050 = CARTESIAN_POINT('',(-9.5,92.65,21.));
#2051 = VECTOR('',#2052,1.);
#2052 = DIRECTION('',(1.,0.,0.));
#2053 = ORIENTED_EDGE('',*,*,#2054,.F.);
#2054 = EDGE_CURVE('',#2055,#2047,#2057,.T.);
#2055 = VERTEX_POINT('',#2056);
#2056 = CARTESIAN_POINT('',(-19.,96.65,21.));
#2057 = LINE('',#2058,#2059);
#2058 = CARTESIAN_POINT('',(-19.,93.5,21.));
#2059 = VECTOR('',#2060,1.);
#2060 = DIRECTION('',(0.,-1.,0.));
#2061 = ORIENTED_EDGE('',*,*,#2062,.F.);
#2062 = EDGE_CURVE('',#2063,#2055,#2065,.T.);
#2063 = VERTEX_POINT('',#2064);
#2064 = CARTESIAN_POINT('',(-18.51210640756,96.65,21.));
#2065 = LINE('',#2066,#2067);
#2066 = CARTESIAN_POINT('',(-9.256053203783,96.65,21.));
#2067 = VECTOR('',#2068,1.);
#2068 = DIRECTION('',(-1.,0.,0.));
#2069 = ORIENTED_EDGE('',*,*,#2070,.T.);
#2070 = EDGE_CURVE('',#2063,#2071,#2073,.T.);
#2071 = VERTEX_POINT('',#2072);
#2072 = CARTESIAN_POINT('',(-15.55,99.612106407565,21.));
#2073 = CIRCLE('',#2074,5.35);
#2074 = AXIS2_PLACEMENT_3D('',#2075,#2076,#2077);
#2075 = CARTESIAN_POINT('',(-13.55,94.65,21.));
#2076 = DIRECTION('',(0.,0.,-1.));
#2077 = DIRECTION('',(1.,0.,0.));
#2078 = ORIENTED_EDGE('',*,*,#2079,.T.);
#2079 = EDGE_CURVE('',#2071,#2080,#2082,.T.);
#2080 = VERTEX_POINT('',#2081);
#2081 = CARTESIAN_POINT('',(-15.55,100.58789359243,21.));
#2082 = LINE('',#2083,#2084);
#2083 = CARTESIAN_POINT('',(-15.55,81.306053203783,21.));
#2084 = VECTOR('',#2085,1.);
#2085 = DIRECTION('',(0.,1.,0.));
#2086 = ORIENTED_EDGE('',*,*,#2087,.T.);
#2087 = EDGE_CURVE('',#2080,#2088,#2090,.T.);
#2088 = VERTEX_POINT('',#2089);
#2089 = CARTESIAN_POINT('',(-18.51210640756,103.55,21.));
#2090 = CIRCLE('',#2091,5.35);
#2091 = AXIS2_PLACEMENT_3D('',#2092,#2093,#2094);
#2092 = CARTESIAN_POINT('',(-13.55,105.55,21.));
#2093 = DIRECTION('',(0.,0.,-1.));
#2094 = DIRECTION('',(1.,0.,0.));
#2095 = ORIENTED_EDGE('',*,*,#2096,.F.);
#2096 = EDGE_CURVE('',#2097,#2088,#2099,.T.);
#2097 = VERTEX_POINT('',#2098);
#2098 = CARTESIAN_POINT('',(-19.,103.55,21.));
#2099 = LINE('',#2100,#2101);
#2100 = CARTESIAN_POINT('',(-9.5,103.55,21.));
#2101 = VECTOR('',#2102,1.);
#2102 = DIRECTION('',(1.,0.,0.));
#2103 = ORIENTED_EDGE('',*,*,#2104,.F.);
#2104 = EDGE_CURVE('',#2105,#2097,#2107,.T.);
#2105 = VERTEX_POINT('',#2106);
#2106 = CARTESIAN_POINT('',(-19.,107.55,21.));
#2107 = LINE('',#2108,#2109);
#2108 = CARTESIAN_POINT('',(-19.,93.5,21.));
#2109 = VECTOR('',#2110,1.);
#2110 = DIRECTION('',(0.,-1.,0.));
#2111 = ORIENTED_EDGE('',*,*,#2112,.F.);
#2112 = EDGE_CURVE('',#2113,#2105,#2115,.T.);
#2113 = VERTEX_POINT('',#2114);
#2114 = CARTESIAN_POINT('',(-18.51210640756,107.55,21.));
#2115 = LINE('',#2116,#2117);
#2116 = CARTESIAN_POINT('',(-9.256053203783,107.55,21.));
#2117 = VECTOR('',#2118,1.);
#2118 = DIRECTION('',(-1.,0.,0.));
#2119 = ORIENTED_EDGE('',*,*,#2120,.T.);
#2120 = EDGE_CURVE('',#2113,#2121,#2123,.T.);
#2121 = VERTEX_POINT('',#2122);
#2122 = CARTESIAN_POINT('',(-15.55,110.51210640756,21.));
#2123 = CIRCLE('',#2124,5.35);
#2124 = AXIS2_PLACEMENT_3D('',#2125,#2126,#2127);
#2125 = CARTESIAN_POINT('',(-13.55,105.55,21.));
#2126 = DIRECTION('',(0.,0.,-1.));
#2127 = DIRECTION('',(1.,0.,0.));
#2128 = ORIENTED_EDGE('',*,*,#2129,.T.);
#2129 = EDGE_CURVE('',#2121,#2130,#2132,.T.);
#2130 = VERTEX_POINT('',#2131);
#2131 = CARTESIAN_POINT('',(-15.55,111.48789359243,21.));
#2132 = LINE('',#2133,#2134);
#2133 = CARTESIAN_POINT('',(-15.55,86.756053203783,21.));
#2134 = VECTOR('',#2135,1.);
#2135 = DIRECTION('',(0.,1.,0.));
#2136 = ORIENTED_EDGE('',*,*,#2137,.T.);
#2137 = EDGE_CURVE('',#2130,#2138,#2140,.T.);
#2138 = VERTEX_POINT('',#2139);
#2139 = CARTESIAN_POINT('',(-18.51210640756,114.45,21.));
#2140 = CIRCLE('',#2141,5.35);
#2141 = AXIS2_PLACEMENT_3D('',#2142,#2143,#2144);
#2142 = CARTESIAN_POINT('',(-13.55,116.45,21.));
#2143 = DIRECTION('',(0.,0.,-1.));
#2144 = DIRECTION('',(1.,0.,0.));
#2145 = ORIENTED_EDGE('',*,*,#2146,.F.);
#2146 = EDGE_CURVE('',#1072,#2138,#2147,.T.);
#2147 = LINE('',#2148,#2149);
#2148 = CARTESIAN_POINT('',(-9.5,114.45,21.));
#2149 = VECTOR('',#2150,1.);
#2150 = DIRECTION('',(1.,0.,0.));
#2151 = FACE_BOUND('',#2152,.T.);
#2152 = EDGE_LOOP('',(#2153,#2163,#2171,#2179,#2187,#2195,#2203,#2211));
#2153 = ORIENTED_EDGE('',*,*,#2154,.T.);
#2154 = EDGE_CURVE('',#2155,#2157,#2159,.T.);
#2155 = VERTEX_POINT('',#2156);
#2156 = CARTESIAN_POINT('',(-10.83021800397,121.90450928382,21.));
#2157 = VERTEX_POINT('',#2158);
#2158 = CARTESIAN_POINT('',(-10.12709300397,125.,21.));
#2159 = LINE('',#2160,#2161);
#2160 = CARTESIAN_POINT('',(-10.83021800397,121.90450928382,21.));
#2161 = VECTOR('',#2162,1.);
#2162 = DIRECTION('',(0.22150259355,0.975159782318,0.));
#2163 = ORIENTED_EDGE('',*,*,#2164,.T.);
#2164 = EDGE_CURVE('',#2157,#2165,#2167,.T.);
#2165 = VERTEX_POINT('',#2166);
#2166 = CARTESIAN_POINT('',(-9.692535643236,125.,21.));
#2167 = LINE('',#2168,#2169);
#2168 = CARTESIAN_POINT('',(-10.12709300397,125.,21.));
#2169 = VECTOR('',#2170,1.);
#2170 = DIRECTION('',(1.,0.,0.));
#2171 = ORIENTED_EDGE('',*,*,#2172,.T.);
#2172 = EDGE_CURVE('',#2165,#2173,#2175,.T.);
#2173 = VERTEX_POINT('',#2174);
#2174 = CARTESIAN_POINT('',(-8.989410643236,121.90450928382,21.));
#2175 = LINE('',#2176,#2177);
#2176 = CARTESIAN_POINT('',(-9.692535643236,125.,21.));
#2177 = VECTOR('',#2178,1.);
#2178 = DIRECTION('',(0.22150259355,-0.975159782318,0.));
#2179 = ORIENTED_EDGE('',*,*,#2180,.T.);
#2180 = EDGE_CURVE('',#2173,#2181,#2183,.T.);
#2181 = VERTEX_POINT('',#2182);
#2182 = CARTESIAN_POINT('',(-9.451943799735,121.90450928382,21.));
#2183 = LINE('',#2184,#2185);
#2184 = CARTESIAN_POINT('',(-8.989410643236,121.90450928382,21.));
#2185 = VECTOR('',#2186,1.);
#2186 = DIRECTION('',(-1.,0.,0.));
#2187 = ORIENTED_EDGE('',*,*,#2188,.T.);
#2188 = EDGE_CURVE('',#2181,#2189,#2191,.T.);
#2189 = VERTEX_POINT('',#2190);
#2190 = CARTESIAN_POINT('',(-9.619798574271,122.71618037135,21.));
#2191 = LINE('',#2192,#2193);
#2192 = CARTESIAN_POINT('',(-9.451943799735,121.90450928382,21.));
#2193 = VECTOR('',#2194,1.);
#2194 = DIRECTION('',(-0.202516314359,0.979278888988,0.));
#2195 = ORIENTED_EDGE('',*,*,#2196,.T.);
#2196 = EDGE_CURVE('',#2189,#2197,#2199,.T.);
#2197 = VERTEX_POINT('',#2198);
#2198 = CARTESIAN_POINT('',(-10.19983007294,122.71618037135,21.));
#2199 = LINE('',#2200,#2201);
#2200 = CARTESIAN_POINT('',(-9.619798574271,122.71618037135,21.));
#2201 = VECTOR('',#2202,1.);
#2202 = DIRECTION('',(-1.,0.,0.));
#2203 = ORIENTED_EDGE('',*,*,#2204,.T.);
#2204 = EDGE_CURVE('',#2197,#2205,#2207,.T.);
#2205 = VERTEX_POINT('',#2206);
#2206 = CARTESIAN_POINT('',(-10.36768484748,121.90450928382,21.));
#2207 = LINE('',#2208,#2209);
#2208 = CARTESIAN_POINT('',(-10.19983007294,122.71618037135,21.));
#2209 = VECTOR('',#2210,1.);
#2210 = DIRECTION('',(-0.202516314359,-0.979278888988,0.));
#2211 = ORIENTED_EDGE('',*,*,#2212,.T.);
#2212 = EDGE_CURVE('',#2205,#2155,#2213,.T.);
#2213 = LINE('',#2214,#2215);
#2214 = CARTESIAN_POINT('',(-10.36768484748,121.90450928382,21.));
#2215 = VECTOR('',#2216,1.);
#2216 = DIRECTION('',(-1.,0.,0.));
#2217 = FACE_BOUND('',#2218,.T.);
#2218 = EDGE_LOOP('',(#2219,#2229,#2237,#2245,#2253,#2261,#2269,#2277));
#2219 = ORIENTED_EDGE('',*,*,#2220,.T.);
#2220 = EDGE_CURVE('',#2221,#2223,#2225,.T.);
#2221 = VERTEX_POINT('',#2222);
#2222 = CARTESIAN_POINT('',(-8.920403680371,121.90450928382,21.));
#2223 = VERTEX_POINT('',#2224);
#2224 = CARTESIAN_POINT('',(-8.217278680371,125.,21.));
#2225 = LINE('',#2226,#2227);
#2226 = CARTESIAN_POINT('',(-8.920403680371,121.90450928382,21.));
#2227 = VECTOR('',#2228,1.);
#2228 = DIRECTION('',(0.22150259355,0.975159782318,0.));
#2229 = ORIENTED_EDGE('',*,*,#2230,.T.);
#2230 = EDGE_CURVE('',#2223,#2231,#2233,.T.);
#2231 = VERTEX_POINT('',#2232);
#2232 = CARTESIAN_POINT('',(-7.782721319629,125.,21.));
#2233 = LINE('',#2234,#2235);
#2234 = CARTESIAN_POINT('',(-8.217278680371,125.,21.));
#2235 = VECTOR('',#2236,1.);
#2236 = DIRECTION('',(1.,0.,0.));
#2237 = ORIENTED_EDGE('',*,*,#2238,.T.);
#2238 = EDGE_CURVE('',#2231,#2239,#2241,.T.);
#2239 = VERTEX_POINT('',#2240);
#2240 = CARTESIAN_POINT('',(-7.079596319629,121.90450928382,21.));
#2241 = LINE('',#2242,#2243);
#2242 = CARTESIAN_POINT('',(-7.782721319629,125.,21.));
#2243 = VECTOR('',#2244,1.);
#2244 = DIRECTION('',(0.22150259355,-0.975159782318,0.));
#2245 = ORIENTED_EDGE('',*,*,#2246,.T.);
#2246 = EDGE_CURVE('',#2239,#2247,#2249,.T.);
#2247 = VERTEX_POINT('',#2248);
#2248 = CARTESIAN_POINT('',(-7.542129476127,121.90450928382,21.));
#2249 = LINE('',#2250,#2251);
#2250 = CARTESIAN_POINT('',(-7.079596319629,121.90450928382,21.));
#2251 = VECTOR('',#2252,1.);
#2252 = DIRECTION('',(-1.,0.,0.));
#2253 = ORIENTED_EDGE('',*,*,#2254,.T.);
#2254 = EDGE_CURVE('',#2247,#2255,#2257,.T.);
#2255 = VERTEX_POINT('',#2256);
#2256 = CARTESIAN_POINT('',(-7.709984250663,122.71618037135,21.));
#2257 = LINE('',#2258,#2259);
#2258 = CARTESIAN_POINT('',(-7.542129476127,121.90450928382,21.));
#2259 = VECTOR('',#2260,1.);
#2260 = DIRECTION('',(-0.202516314359,0.979278888988,0.));
#2261 = ORIENTED_EDGE('',*,*,#2262,.T.);
#2262 = EDGE_CURVE('',#2255,#2263,#2265,.T.);
#2263 = VERTEX_POINT('',#2264);
#2264 = CARTESIAN_POINT('',(-8.290015749337,122.71618037135,21.));
#2265 = LINE('',#2266,#2267);
#2266 = CARTESIAN_POINT('',(-7.709984250663,122.71618037135,21.));
#2267 = VECTOR('',#2268,1.);
#2268 = DIRECTION('',(-1.,0.,0.));
#2269 = ORIENTED_EDGE('',*,*,#2270,.T.);
#2270 = EDGE_CURVE('',#2263,#2271,#2273,.T.);
#2271 = VERTEX_POINT('',#2272);
#2272 = CARTESIAN_POINT('',(-8.457870523873,121.90450928382,21.));
#2273 = LINE('',#2274,#2275);
#2274 = CARTESIAN_POINT('',(-8.290015749337,122.71618037135,21.));
#2275 = VECTOR('',#2276,1.);
#2276 = DIRECTION('',(-0.202516314359,-0.979278888988,0.));
#2277 = ORIENTED_EDGE('',*,*,#2278,.T.);
#2278 = EDGE_CURVE('',#2271,#2221,#2279,.T.);
#2279 = LINE('',#2280,#2281);
#2280 = CARTESIAN_POINT('',(-8.457870523873,121.90450928382,21.));
#2281 = VECTOR('',#2282,1.);
#2282 = DIRECTION('',(-1.,0.,0.));
#2283 = FACE_BOUND('',#2284,.T.);
#2284 = EDGE_LOOP('',(#2285,#2295,#2303,#2311,#2319,#2327,#2335,#2343));
#2285 = ORIENTED_EDGE('',*,*,#2286,.T.);
#2286 = EDGE_CURVE('',#2287,#2289,#2291,.T.);
#2287 = VERTEX_POINT('',#2288);
#2288 = CARTESIAN_POINT('',(-7.010589356764,121.90450928382,21.));
#2289 = VERTEX_POINT('',#2290);
#2290 = CARTESIAN_POINT('',(-6.307464356764,125.,21.));
#2291 = LINE('',#2292,#2293);
#2292 = CARTESIAN_POINT('',(-7.010589356764,121.90450928382,21.));
#2293 = VECTOR('',#2294,1.);
#2294 = DIRECTION('',(0.22150259355,0.975159782318,0.));
#2295 = ORIENTED_EDGE('',*,*,#2296,.T.);
#2296 = EDGE_CURVE('',#2289,#2297,#2299,.T.);
#2297 = VERTEX_POINT('',#2298);
#2298 = CARTESIAN_POINT('',(-5.872906996021,125.,21.));
#2299 = LINE('',#2300,#2301);
#2300 = CARTESIAN_POINT('',(-6.307464356764,125.,21.));
#2301 = VECTOR('',#2302,1.);
#2302 = DIRECTION('',(1.,0.,0.));
#2303 = ORIENTED_EDGE('',*,*,#2304,.T.);
#2304 = EDGE_CURVE('',#2297,#2305,#2307,.T.);
#2305 = VERTEX_POINT('',#2306);
#2306 = CARTESIAN_POINT('',(-5.169781996021,121.90450928382,21.));
#2307 = LINE('',#2308,#2309);
#2308 = CARTESIAN_POINT('',(-5.872906996021,125.,21.));
#2309 = VECTOR('',#2310,1.);
#2310 = DIRECTION('',(0.22150259355,-0.975159782318,0.));
#2311 = ORIENTED_EDGE('',*,*,#2312,.T.);
#2312 = EDGE_CURVE('',#2305,#2313,#2315,.T.);
#2313 = VERTEX_POINT('',#2314);
#2314 = CARTESIAN_POINT('',(-5.63231515252,121.90450928382,21.));
#2315 = LINE('',#2316,#2317);
#2316 = CARTESIAN_POINT('',(-5.169781996021,121.90450928382,21.));
#2317 = VECTOR('',#2318,1.);
#2318 = DIRECTION('',(-1.,0.,0.));
#2319 = ORIENTED_EDGE('',*,*,#2320,.T.);
#2320 = EDGE_CURVE('',#2313,#2321,#2323,.T.);
#2321 = VERTEX_POINT('',#2322);
#2322 = CARTESIAN_POINT('',(-5.800169927056,122.71618037135,21.));
#2323 = LINE('',#2324,#2325);
#2324 = CARTESIAN_POINT('',(-5.63231515252,121.90450928382,21.));
#2325 = VECTOR('',#2326,1.);
#2326 = DIRECTION('',(-0.202516314359,0.979278888988,0.));
#2327 = ORIENTED_EDGE('',*,*,#2328,.T.);
#2328 = EDGE_CURVE('',#2321,#2329,#2331,.T.);
#2329 = VERTEX_POINT('',#2330);
#2330 = CARTESIAN_POINT('',(-6.380201425729,122.71618037135,21.));
#2331 = LINE('',#2332,#2333);
#2332 = CARTESIAN_POINT('',(-5.800169927056,122.71618037135,21.));
#2333 = VECTOR('',#2334,1.);
#2334 = DIRECTION('',(-1.,0.,0.));
#2335 = ORIENTED_EDGE('',*,*,#2336,.T.);
#2336 = EDGE_CURVE('',#2329,#2337,#2339,.T.);
#2337 = VERTEX_POINT('',#2338);
#2338 = CARTESIAN_POINT('',(-6.548056200265,121.90450928382,21.));
#2339 = LINE('',#2340,#2341);
#2340 = CARTESIAN_POINT('',(-6.380201425729,122.71618037135,21.));
#2341 = VECTOR('',#2342,1.);
#2342 = DIRECTION('',(-0.202516314359,-0.979278888988,0.));
#2343 = ORIENTED_EDGE('',*,*,#2344,.T.);
#2344 = EDGE_CURVE('',#2337,#2287,#2345,.T.);
#2345 = LINE('',#2346,#2347);
#2346 = CARTESIAN_POINT('',(-6.548056200265,121.90450928382,21.));
#2347 = VECTOR('',#2348,1.);
#2348 = DIRECTION('',(-1.,0.,0.));
#2349 = FACE_BOUND('',#2350,.T.);
#2350 = EDGE_LOOP('',(#2351,#2361,#2369,#2377,#2385,#2393,#2401,#2409));
#2351 = ORIENTED_EDGE('',*,*,#2352,.T.);
#2352 = EDGE_CURVE('',#2353,#2355,#2357,.T.);
#2353 = VERTEX_POINT('',#2354);
#2354 = CARTESIAN_POINT('',(9.5000001,121.90450928382,21.));
#2355 = VERTEX_POINT('',#2356);
#2356 = CARTESIAN_POINT('',(10.2031251,125.,21.));
#2357 = LINE('',#2358,#2359);
#2358 = CARTESIAN_POINT('',(9.5000001,121.90450928382,21.));
#2359 = VECTOR('',#2360,1.);
#2360 = DIRECTION('',(0.22150259355,0.975159782318,0.));
#2361 = ORIENTED_EDGE('',*,*,#2362,.T.);
#2362 = EDGE_CURVE('',#2355,#2363,#2365,.T.);
#2363 = VERTEX_POINT('',#2364);
#2364 = CARTESIAN_POINT('',(10.637682460743,125.,21.));
#2365 = LINE('',#2366,#2367);
#2366 = CARTESIAN_POINT('',(10.2031251,125.,21.));
#2367 = VECTOR('',#2368,1.);
#2368 = DIRECTION('',(1.,0.,0.));
#2369 = ORIENTED_EDGE('',*,*,#2370,.T.);
#2370 = EDGE_CURVE('',#2363,#2371,#2373,.T.);
#2371 = VERTEX_POINT('',#2372);
#2372 = CARTESIAN_POINT('',(11.340807460743,121.90450928382,21.));
#2373 = LINE('',#2374,#2375);
#2374 = CARTESIAN_POINT('',(10.637682460743,125.,21.));
#2375 = VECTOR('',#2376,1.);
#2376 = DIRECTION('',(0.22150259355,-0.975159782318,0.));
#2377 = ORIENTED_EDGE('',*,*,#2378,.T.);
#2378 = EDGE_CURVE('',#2371,#2379,#2381,.T.);
#2379 = VERTEX_POINT('',#2380);
#2380 = CARTESIAN_POINT('',(10.878274304244,121.90450928382,21.));
#2381 = LINE('',#2382,#2383);
#2382 = CARTESIAN_POINT('',(11.340807460743,121.90450928382,21.));
#2383 = VECTOR('',#2384,1.);
#2384 = DIRECTION('',(-1.,0.,0.));
#2385 = ORIENTED_EDGE('',*,*,#2386,.T.);
#2386 = EDGE_CURVE('',#2379,#2387,#2389,.T.);
#2387 = VERTEX_POINT('',#2388);
#2388 = CARTESIAN_POINT('',(10.710419529708,122.71618037135,21.));
#2389 = LINE('',#2390,#2391);
#2390 = CARTESIAN_POINT('',(10.878274304244,121.90450928382,21.));
#2391 = VECTOR('',#2392,1.);
#2392 = DIRECTION('',(-0.202516314359,0.979278888988,0.));
#2393 = ORIENTED_EDGE('',*,*,#2394,.T.);
#2394 = EDGE_CURVE('',#2387,#2395,#2397,.T.);
#2395 = VERTEX_POINT('',#2396);
#2396 = CARTESIAN_POINT('',(10.130388031034,122.71618037135,21.));
#2397 = LINE('',#2398,#2399);
#2398 = CARTESIAN_POINT('',(10.710419529708,122.71618037135,21.));
#2399 = VECTOR('',#2400,1.);
#2400 = DIRECTION('',(-1.,0.,0.));
#2401 = ORIENTED_EDGE('',*,*,#2402,.T.);
#2402 = EDGE_CURVE('',#2395,#2403,#2405,.T.);
#2403 = VERTEX_POINT('',#2404);
#2404 = CARTESIAN_POINT('',(9.962533256499,121.90450928382,21.));
#2405 = LINE('',#2406,#2407);
#2406 = CARTESIAN_POINT('',(10.130388031034,122.71618037135,21.));
#2407 = VECTOR('',#2408,1.);
#2408 = DIRECTION('',(-0.202516314359,-0.979278888988,0.));
#2409 = ORIENTED_EDGE('',*,*,#2410,.T.);
#2410 = EDGE_CURVE('',#2403,#2353,#2411,.T.);
#2411 = LINE('',#2412,#2413);
#2412 = CARTESIAN_POINT('',(9.962533256499,121.90450928382,21.));
#2413 = VECTOR('',#2414,1.);
#2414 = DIRECTION('',(-1.,0.,0.));
#2415 = FACE_BOUND('',#2416,.T.);
#2416 = EDGE_LOOP('',(#2417,#2427,#2435,#2443,#2451,#2459,#2467,#2475));
#2417 = ORIENTED_EDGE('',*,*,#2418,.T.);
#2418 = EDGE_CURVE('',#2419,#2421,#2423,.T.);
#2419 = VERTEX_POINT('',#2420);
#2420 = CARTESIAN_POINT('',(11.409814423607,121.90450928382,21.));
#2421 = VERTEX_POINT('',#2422);
#2422 = CARTESIAN_POINT('',(12.112939423607,125.,21.));
#2423 = LINE('',#2424,#2425);
#2424 = CARTESIAN_POINT('',(11.409814423607,121.90450928382,21.));
#2425 = VECTOR('',#2426,1.);
#2426 = DIRECTION('',(0.22150259355,0.975159782318,0.));
#2427 = ORIENTED_EDGE('',*,*,#2428,.T.);
#2428 = EDGE_CURVE('',#2421,#2429,#2431,.T.);
#2429 = VERTEX_POINT('',#2430);
#2430 = CARTESIAN_POINT('',(12.54749678435,125.,21.));
#2431 = LINE('',#2432,#2433);
#2432 = CARTESIAN_POINT('',(12.112939423607,125.,21.));
#2433 = VECTOR('',#2434,1.);
#2434 = DIRECTION('',(1.,0.,0.));
#2435 = ORIENTED_EDGE('',*,*,#2436,.T.);
#2436 = EDGE_CURVE('',#2429,#2437,#2439,.T.);
#2437 = VERTEX_POINT('',#2438);
#2438 = CARTESIAN_POINT('',(13.25062178435,121.90450928382,21.));
#2439 = LINE('',#2440,#2441);
#2440 = CARTESIAN_POINT('',(12.54749678435,125.,21.));
#2441 = VECTOR('',#2442,1.);
#2442 = DIRECTION('',(0.22150259355,-0.975159782318,0.));
#2443 = ORIENTED_EDGE('',*,*,#2444,.T.);
#2444 = EDGE_CURVE('',#2437,#2445,#2447,.T.);
#2445 = VERTEX_POINT('',#2446);
#2446 = CARTESIAN_POINT('',(12.788088627851,121.90450928382,21.));
#2447 = LINE('',#2448,#2449);
#2448 = CARTESIAN_POINT('',(13.25062178435,121.90450928382,21.));
#2449 = VECTOR('',#2450,1.);
#2450 = DIRECTION('',(-1.,0.,0.));
#2451 = ORIENTED_EDGE('',*,*,#2452,.T.);
#2452 = EDGE_CURVE('',#2445,#2453,#2455,.T.);
#2453 = VERTEX_POINT('',#2454);
#2454 = CARTESIAN_POINT('',(12.620233853316,122.71618037135,21.));
#2455 = LINE('',#2456,#2457);
#2456 = CARTESIAN_POINT('',(12.788088627851,121.90450928382,21.));
#2457 = VECTOR('',#2458,1.);
#2458 = DIRECTION('',(-0.202516314359,0.979278888988,0.));
#2459 = ORIENTED_EDGE('',*,*,#2460,.T.);
#2460 = EDGE_CURVE('',#2453,#2461,#2463,.T.);
#2461 = VERTEX_POINT('',#2462);
#2462 = CARTESIAN_POINT('',(12.040202354642,122.71618037135,21.));
#2463 = LINE('',#2464,#2465);
#2464 = CARTESIAN_POINT('',(12.620233853316,122.71618037135,21.));
#2465 = VECTOR('',#2466,1.);
#2466 = DIRECTION('',(-1.,0.,0.));
#2467 = ORIENTED_EDGE('',*,*,#2468,.T.);
#2468 = EDGE_CURVE('',#2461,#2469,#2471,.T.);
#2469 = VERTEX_POINT('',#2470);
#2470 = CARTESIAN_POINT('',(11.872347580106,121.90450928382,21.));
#2471 = LINE('',#2472,#2473);
#2472 = CARTESIAN_POINT('',(12.040202354642,122.71618037135,21.));
#2473 = VECTOR('',#2474,1.);
#2474 = DIRECTION('',(-0.202516314359,-0.979278888988,0.));
#2475 = ORIENTED_EDGE('',*,*,#2476,.T.);
#2476 = EDGE_CURVE('',#2469,#2419,#2477,.T.);
#2477 = LINE('',#2478,#2479);
#2478 = CARTESIAN_POINT('',(11.872347580106,121.90450928382,21.));
#2479 = VECTOR('',#2480,1.);
#2480 = DIRECTION('',(-1.,0.,0.));
#2481 = PLANE('',#2482);
#2482 = AXIS2_PLACEMENT_3D('',#2483,#2484,#2485);
#2483 = CARTESIAN_POINT('',(0.,63.,21.));
#2484 = DIRECTION('',(0.,0.,1.));
#2485 = DIRECTION('',(1.,0.,0.));
#2486 = ADVANCED_FACE('',(#2487),#2512,.T.);
#2487 = FACE_BOUND('',#2488,.T.);
#2488 = EDGE_LOOP('',(#2489,#2497,#2505,#2511));
#2489 = ORIENTED_EDGE('',*,*,#2490,.T.);
#2490 = EDGE_CURVE('',#484,#2491,#2493,.T.);
#2491 = VERTEX_POINT('',#2492);
#2492 = CARTESIAN_POINT('',(18.,5.24,-2.26));
#2493 = LINE('',#2494,#2495);
#2494 = CARTESIAN_POINT('',(18.,5.24,0.));
#2495 = VECTOR('',#2496,1.);
#2496 = DIRECTION('',(-0.,-0.,-1.));
#2497 = ORIENTED_EDGE('',*,*,#2498,.T.);
#2498 = EDGE_CURVE('',#2491,#2499,#2501,.T.);
#2499 = VERTEX_POINT('',#2500);
#2500 = CARTESIAN_POINT('',(18.,36.76,-2.26));
#2501 = LINE('',#2502,#2503);
#2502 = CARTESIAN_POINT('',(18.,3.,-2.26));
#2503 = VECTOR('',#2504,1.);
#2504 = DIRECTION('',(0.,1.,0.));
#2505 = ORIENTED_EDGE('',*,*,#2506,.F.);
#2506 = EDGE_CURVE('',#493,#2499,#2507,.T.);
#2507 = LINE('',#2508,#2509);
#2508 = CARTESIAN_POINT('',(18.,36.76,0.));
#2509 = VECTOR('',#2510,1.);
#2510 = DIRECTION('',(-0.,-0.,-1.));
#2511 = ORIENTED_EDGE('',*,*,#500,.F.);
#2512 = PLANE('',#2513);
#2513 = AXIS2_PLACEMENT_3D('',#2514,#2515,#2516);
#2514 = CARTESIAN_POINT('',(18.,3.,0.));
#2515 = DIRECTION('',(1.,0.,0.));
#2516 = DIRECTION('',(0.,1.,0.));
#2517 = ADVANCED_FACE('',(#2518),#2536,.T.);
#2518 = FACE_BOUND('',#2519,.T.);
#2519 = EDGE_LOOP('',(#2520,#2528,#2534,#2535));
#2520 = ORIENTED_EDGE('',*,*,#2521,.T.);
#2521 = EDGE_CURVE('',#517,#2522,#2524,.T.);
#2522 = VERTEX_POINT('',#2523);
#2523 = CARTESIAN_POINT('',(15.76,3.,-2.26));
#2524 = LINE('',#2525,#2526);
#2525 = CARTESIAN_POINT('',(15.76,3.,0.));
#2526 = VECTOR('',#2527,1.);
#2527 = DIRECTION('',(-0.,-0.,-1.));
#2528 = ORIENTED_EDGE('',*,*,#2529,.F.);
#2529 = EDGE_CURVE('',#2491,#2522,#2530,.T.);
#2530 = LINE('',#2531,#2532);
#2531 = CARTESIAN_POINT('',(16.88,4.12,-2.26));
#2532 = VECTOR('',#2533,1.);
#2533 = DIRECTION('',(-0.707106781187,-0.707106781187,3.845925372767E-16
    ));
#2534 = ORIENTED_EDGE('',*,*,#2490,.F.);
#2535 = ORIENTED_EDGE('',*,*,#524,.T.);
#2536 = PLANE('',#2537);
#2537 = AXIS2_PLACEMENT_3D('',#2538,#2539,#2540);
#2538 = CARTESIAN_POINT('',(16.88,4.12,0.));
#2539 = DIRECTION('',(0.707106781187,-0.707106781187,0.));
#2540 = DIRECTION('',(0.,0.,-1.));
#2541 = ADVANCED_FACE('',(#2542),#2560,.T.);
#2542 = FACE_BOUND('',#2543,.T.);
#2543 = EDGE_LOOP('',(#2544,#2545,#2553,#2559));
#2544 = ORIENTED_EDGE('',*,*,#2506,.T.);
#2545 = ORIENTED_EDGE('',*,*,#2546,.T.);
#2546 = EDGE_CURVE('',#2499,#2547,#2549,.T.);
#2547 = VERTEX_POINT('',#2548);
#2548 = CARTESIAN_POINT('',(15.76,39.,-2.26));
#2549 = LINE('',#2550,#2551);
#2550 = CARTESIAN_POINT('',(16.88,37.88,-2.26));
#2551 = VECTOR('',#2552,1.);
#2552 = DIRECTION('',(-0.707106781187,0.707106781187,1.826814552064E-15)
  );
#2553 = ORIENTED_EDGE('',*,*,#2554,.F.);
#2554 = EDGE_CURVE('',#541,#2547,#2555,.T.);
#2555 = LINE('',#2556,#2557);
#2556 = CARTESIAN_POINT('',(15.76,39.,0.));
#2557 = VECTOR('',#2558,1.);
#2558 = DIRECTION('',(-0.,-0.,-1.));
#2559 = ORIENTED_EDGE('',*,*,#548,.F.);
#2560 = PLANE('',#2561);
#2561 = AXIS2_PLACEMENT_3D('',#2562,#2563,#2564);
#2562 = CARTESIAN_POINT('',(16.88,37.88,0.));
#2563 = DIRECTION('',(0.707106781187,0.707106781187,0.));
#2564 = DIRECTION('',(0.,0.,-1.));
#2565 = ADVANCED_FACE('',(#2566),#2584,.T.);
#2566 = FACE_BOUND('',#2567,.T.);
#2567 = EDGE_LOOP('',(#2568,#2569,#2570,#2578));
#2568 = ORIENTED_EDGE('',*,*,#2521,.F.);
#2569 = ORIENTED_EDGE('',*,*,#572,.F.);
#2570 = ORIENTED_EDGE('',*,*,#2571,.T.);
#2571 = EDGE_CURVE('',#563,#2572,#2574,.T.);
#2572 = VERTEX_POINT('',#2573);
#2573 = CARTESIAN_POINT('',(-15.76,3.,-2.26));
#2574 = LINE('',#2575,#2576);
#2575 = CARTESIAN_POINT('',(-15.76,3.,0.));
#2576 = VECTOR('',#2577,1.);
#2577 = DIRECTION('',(-0.,-0.,-1.));
#2578 = ORIENTED_EDGE('',*,*,#2579,.T.);
#2579 = EDGE_CURVE('',#2572,#2522,#2580,.T.);
#2580 = LINE('',#2581,#2582);
#2581 = CARTESIAN_POINT('',(-18.,3.,-2.26));
#2582 = VECTOR('',#2583,1.);
#2583 = DIRECTION('',(1.,0.,0.));
#2584 = PLANE('',#2585);
#2585 = AXIS2_PLACEMENT_3D('',#2586,#2587,#2588);
#2586 = CARTESIAN_POINT('',(-18.,3.,0.));
#2587 = DIRECTION('',(0.,-1.,0.));
#2588 = DIRECTION('',(1.,0.,0.));
#2589 = ADVANCED_FACE('',(#2590),#2608,.T.);
#2590 = FACE_BOUND('',#2591,.T.);
#2591 = EDGE_LOOP('',(#2592,#2593,#2601,#2607));
#2592 = ORIENTED_EDGE('',*,*,#2554,.T.);
#2593 = ORIENTED_EDGE('',*,*,#2594,.T.);
#2594 = EDGE_CURVE('',#2547,#2595,#2597,.T.);
#2595 = VERTEX_POINT('',#2596);
#2596 = CARTESIAN_POINT('',(-15.76,39.,-2.26));
#2597 = LINE('',#2598,#2599);
#2598 = CARTESIAN_POINT('',(18.,39.,-2.26));
#2599 = VECTOR('',#2600,1.);
#2600 = DIRECTION('',(-1.,0.,0.));
#2601 = ORIENTED_EDGE('',*,*,#2602,.F.);
#2602 = EDGE_CURVE('',#589,#2595,#2603,.T.);
#2603 = LINE('',#2604,#2605);
#2604 = CARTESIAN_POINT('',(-15.76,39.,0.));
#2605 = VECTOR('',#2606,1.);
#2606 = DIRECTION('',(-0.,-0.,-1.));
#2607 = ORIENTED_EDGE('',*,*,#596,.F.);
#2608 = PLANE('',#2609);
#2609 = AXIS2_PLACEMENT_3D('',#2610,#2611,#2612);
#2610 = CARTESIAN_POINT('',(18.,39.,0.));
#2611 = DIRECTION('',(0.,1.,0.));
#2612 = DIRECTION('',(-1.,0.,0.));
#2613 = ADVANCED_FACE('',(#2614),#2632,.T.);
#2614 = FACE_BOUND('',#2615,.T.);
#2615 = EDGE_LOOP('',(#2616,#2624,#2630,#2631));
#2616 = ORIENTED_EDGE('',*,*,#2617,.T.);
#2617 = EDGE_CURVE('',#613,#2618,#2620,.T.);
#2618 = VERTEX_POINT('',#2619);
#2619 = CARTESIAN_POINT('',(-18.,5.24,-2.26));
#2620 = LINE('',#2621,#2622);
#2621 = CARTESIAN_POINT('',(-18.,5.24,0.));
#2622 = VECTOR('',#2623,1.);
#2623 = DIRECTION('',(-0.,-0.,-1.));
#2624 = ORIENTED_EDGE('',*,*,#2625,.F.);
#2625 = EDGE_CURVE('',#2572,#2618,#2626,.T.);
#2626 = LINE('',#2627,#2628);
#2627 = CARTESIAN_POINT('',(-16.88,4.12,-2.26));
#2628 = VECTOR('',#2629,1.);
#2629 = DIRECTION('',(-0.707106781187,0.707106781187,1.922962686384E-16)
  );
#2630 = ORIENTED_EDGE('',*,*,#2571,.F.);
#2631 = ORIENTED_EDGE('',*,*,#620,.T.);
#2632 = PLANE('',#2633);
#2633 = AXIS2_PLACEMENT_3D('',#2634,#2635,#2636);
#2634 = CARTESIAN_POINT('',(-16.88,4.12,0.));
#2635 = DIRECTION('',(-0.707106781187,-0.707106781187,0.));
#2636 = DIRECTION('',(0.,0.,-1.));
#2637 = ADVANCED_FACE('',(#2638),#2656,.T.);
#2638 = FACE_BOUND('',#2639,.F.);
#2639 = EDGE_LOOP('',(#2640,#2648,#2654,#2655));
#2640 = ORIENTED_EDGE('',*,*,#2641,.T.);
#2641 = EDGE_CURVE('',#637,#2642,#2644,.T.);
#2642 = VERTEX_POINT('',#2643);
#2643 = CARTESIAN_POINT('',(-18.,36.76,-2.26));
#2644 = LINE('',#2645,#2646);
#2645 = CARTESIAN_POINT('',(-18.,36.76,0.));
#2646 = VECTOR('',#2647,1.);
#2647 = DIRECTION('',(-0.,-0.,-1.));
#2648 = ORIENTED_EDGE('',*,*,#2649,.F.);
#2649 = EDGE_CURVE('',#2595,#2642,#2650,.T.);
#2650 = LINE('',#2651,#2652);
#2651 = CARTESIAN_POINT('',(-16.88,37.88,-2.26));
#2652 = VECTOR('',#2653,1.);
#2653 = DIRECTION('',(-0.707106781187,-0.707106781187,
    -2.595999626618E-15));
#2654 = ORIENTED_EDGE('',*,*,#2602,.F.);
#2655 = ORIENTED_EDGE('',*,*,#644,.T.);
#2656 = PLANE('',#2657);
#2657 = AXIS2_PLACEMENT_3D('',#2658,#2659,#2660);
#2658 = CARTESIAN_POINT('',(-16.88,37.88,0.));
#2659 = DIRECTION('',(-0.707106781187,0.707106781187,0.));
#2660 = DIRECTION('',(0.,0.,1.));
#2661 = ADVANCED_FACE('',(#2662),#2673,.T.);
#2662 = FACE_BOUND('',#2663,.T.);
#2663 = EDGE_LOOP('',(#2664,#2665,#2666,#2667));
#2664 = ORIENTED_EDGE('',*,*,#2617,.F.);
#2665 = ORIENTED_EDGE('',*,*,#661,.F.);
#2666 = ORIENTED_EDGE('',*,*,#2641,.T.);
#2667 = ORIENTED_EDGE('',*,*,#2668,.T.);
#2668 = EDGE_CURVE('',#2642,#2618,#2669,.T.);
#2669 = LINE('',#2670,#2671);
#2670 = CARTESIAN_POINT('',(-18.,39.,-2.26));
#2671 = VECTOR('',#2672,1.);
#2672 = DIRECTION('',(0.,-1.,0.));
#2673 = PLANE('',#2674);
#2674 = AXIS2_PLACEMENT_3D('',#2675,#2676,#2677);
#2675 = CARTESIAN_POINT('',(-18.,39.,0.));
#2676 = DIRECTION('',(-1.,0.,0.));
#2677 = DIRECTION('',(0.,-1.,0.));
#2678 = ADVANCED_FACE('',(#2679),#2704,.T.);
#2679 = FACE_BOUND('',#2680,.T.);
#2680 = EDGE_LOOP('',(#2681,#2689,#2697,#2703));
#2681 = ORIENTED_EDGE('',*,*,#2682,.T.);
#2682 = EDGE_CURVE('',#676,#2683,#2685,.T.);
#2683 = VERTEX_POINT('',#2684);
#2684 = CARTESIAN_POINT('',(-15.76,45.,-2.26));
#2685 = LINE('',#2686,#2687);
#2686 = CARTESIAN_POINT('',(-15.76,45.,-5.E-15));
#2687 = VECTOR('',#2688,1.);
#2688 = DIRECTION('',(-0.,-0.,-1.));
#2689 = ORIENTED_EDGE('',*,*,#2690,.T.);
#2690 = EDGE_CURVE('',#2683,#2691,#2693,.T.);
#2691 = VERTEX_POINT('',#2692);
#2692 = CARTESIAN_POINT('',(15.76,45.,-2.26));
#2693 = LINE('',#2694,#2695);
#2694 = CARTESIAN_POINT('',(-18.,45.,-2.26));
#2695 = VECTOR('',#2696,1.);
#2696 = DIRECTION('',(1.,0.,0.));
#2697 = ORIENTED_EDGE('',*,*,#2698,.F.);
#2698 = EDGE_CURVE('',#685,#2691,#2699,.T.);
#2699 = LINE('',#2700,#2701);
#2700 = CARTESIAN_POINT('',(15.76,45.,-5.E-15));
#2701 = VECTOR('',#2702,1.);
#2702 = DIRECTION('',(-0.,-0.,-1.));
#2703 = ORIENTED_EDGE('',*,*,#692,.F.);
#2704 = PLANE('',#2705);
#2705 = AXIS2_PLACEMENT_3D('',#2706,#2707,#2708);
#2706 = CARTESIAN_POINT('',(-18.,45.,-5.E-15));
#2707 = DIRECTION('',(0.,-1.,0.));
#2708 = DIRECTION('',(1.,0.,0.));
#2709 = ADVANCED_FACE('',(#2710),#2728,.T.);
#2710 = FACE_BOUND('',#2711,.T.);
#2711 = EDGE_LOOP('',(#2712,#2720,#2726,#2727));
#2712 = ORIENTED_EDGE('',*,*,#2713,.T.);
#2713 = EDGE_CURVE('',#709,#2714,#2716,.T.);
#2714 = VERTEX_POINT('',#2715);
#2715 = CARTESIAN_POINT('',(-18.,47.24,-2.26));
#2716 = LINE('',#2717,#2718);
#2717 = CARTESIAN_POINT('',(-18.,47.24,-5.E-15));
#2718 = VECTOR('',#2719,1.);
#2719 = DIRECTION('',(-0.,-0.,-1.));
#2720 = ORIENTED_EDGE('',*,*,#2721,.F.);
#2721 = EDGE_CURVE('',#2683,#2714,#2722,.T.);
#2722 = LINE('',#2723,#2724);
#2723 = CARTESIAN_POINT('',(-16.88,46.12,-2.26));
#2724 = VECTOR('',#2725,1.);
#2725 = DIRECTION('',(-0.707106781187,0.707106781187,-2.788295895256E-15
    ));
#2726 = ORIENTED_EDGE('',*,*,#2682,.F.);
#2727 = ORIENTED_EDGE('',*,*,#716,.T.);
#2728 = PLANE('',#2729);
#2729 = AXIS2_PLACEMENT_3D('',#2730,#2731,#2732);
#2730 = CARTESIAN_POINT('',(-16.88,46.12,-5.E-15));
#2731 = DIRECTION('',(-0.707106781187,-0.707106781187,0.));
#2732 = DIRECTION('',(0.,0.,-1.));
#2733 = ADVANCED_FACE('',(#2734),#2752,.T.);
#2734 = FACE_BOUND('',#2735,.T.);
#2735 = EDGE_LOOP('',(#2736,#2737,#2745,#2751));
#2736 = ORIENTED_EDGE('',*,*,#2698,.T.);
#2737 = ORIENTED_EDGE('',*,*,#2738,.T.);
#2738 = EDGE_CURVE('',#2691,#2739,#2741,.T.);
#2739 = VERTEX_POINT('',#2740);
#2740 = CARTESIAN_POINT('',(18.,47.24,-2.26));
#2741 = LINE('',#2742,#2743);
#2742 = CARTESIAN_POINT('',(16.88,46.12,-2.26));
#2743 = VECTOR('',#2744,1.);
#2744 = DIRECTION('',(0.707106781187,0.707106781187,-1.730666417745E-15)
  );
#2745 = ORIENTED_EDGE('',*,*,#2746,.F.);
#2746 = EDGE_CURVE('',#733,#2739,#2747,.T.);
#2747 = LINE('',#2748,#2749);
#2748 = CARTESIAN_POINT('',(18.,47.24,-5.E-15));
#2749 = VECTOR('',#2750,1.);
#2750 = DIRECTION('',(-0.,-0.,-1.));
#2751 = ORIENTED_EDGE('',*,*,#740,.F.);
#2752 = PLANE('',#2753);
#2753 = AXIS2_PLACEMENT_3D('',#2754,#2755,#2756);
#2754 = CARTESIAN_POINT('',(16.88,46.12,-5.E-15));
#2755 = DIRECTION('',(0.707106781187,-0.707106781187,0.));
#2756 = DIRECTION('',(0.,0.,-1.));
#2757 = ADVANCED_FACE('',(#2758),#2776,.T.);
#2758 = FACE_BOUND('',#2759,.T.);
#2759 = EDGE_LOOP('',(#2760,#2761,#2762,#2770));
#2760 = ORIENTED_EDGE('',*,*,#2713,.F.);
#2761 = ORIENTED_EDGE('',*,*,#764,.F.);
#2762 = ORIENTED_EDGE('',*,*,#2763,.T.);
#2763 = EDGE_CURVE('',#755,#2764,#2766,.T.);
#2764 = VERTEX_POINT('',#2765);
#2765 = CARTESIAN_POINT('',(-18.,78.76,-2.26));
#2766 = LINE('',#2767,#2768);
#2767 = CARTESIAN_POINT('',(-18.,78.76,-5.E-15));
#2768 = VECTOR('',#2769,1.);
#2769 = DIRECTION('',(-0.,-0.,-1.));
#2770 = ORIENTED_EDGE('',*,*,#2771,.T.);
#2771 = EDGE_CURVE('',#2764,#2714,#2772,.T.);
#2772 = LINE('',#2773,#2774);
#2773 = CARTESIAN_POINT('',(-18.,81.,-2.26));
#2774 = VECTOR('',#2775,1.);
#2775 = DIRECTION('',(0.,-1.,0.));
#2776 = PLANE('',#2777);
#2777 = AXIS2_PLACEMENT_3D('',#2778,#2779,#2780);
#2778 = CARTESIAN_POINT('',(-18.,81.,-5.E-15));
#2779 = DIRECTION('',(-1.,0.,0.));
#2780 = DIRECTION('',(0.,-1.,0.));
#2781 = ADVANCED_FACE('',(#2782),#2800,.T.);
#2782 = FACE_BOUND('',#2783,.T.);
#2783 = EDGE_LOOP('',(#2784,#2785,#2793,#2799));
#2784 = ORIENTED_EDGE('',*,*,#2746,.T.);
#2785 = ORIENTED_EDGE('',*,*,#2786,.T.);
#2786 = EDGE_CURVE('',#2739,#2787,#2789,.T.);
#2787 = VERTEX_POINT('',#2788);
#2788 = CARTESIAN_POINT('',(18.,78.76,-2.26));
#2789 = LINE('',#2790,#2791);
#2790 = CARTESIAN_POINT('',(18.,45.,-2.26));
#2791 = VECTOR('',#2792,1.);
#2792 = DIRECTION('',(0.,1.,0.));
#2793 = ORIENTED_EDGE('',*,*,#2794,.F.);
#2794 = EDGE_CURVE('',#781,#2787,#2795,.T.);
#2795 = LINE('',#2796,#2797);
#2796 = CARTESIAN_POINT('',(18.,78.76,-5.E-15));
#2797 = VECTOR('',#2798,1.);
#2798 = DIRECTION('',(-0.,-0.,-1.));
#2799 = ORIENTED_EDGE('',*,*,#788,.F.);
#2800 = PLANE('',#2801);
#2801 = AXIS2_PLACEMENT_3D('',#2802,#2803,#2804);
#2802 = CARTESIAN_POINT('',(18.,45.,-5.E-15));
#2803 = DIRECTION('',(1.,0.,0.));
#2804 = DIRECTION('',(0.,1.,0.));
#2805 = ADVANCED_FACE('',(#2806),#2824,.T.);
#2806 = FACE_BOUND('',#2807,.F.);
#2807 = EDGE_LOOP('',(#2808,#2809,#2817,#2823));
#2808 = ORIENTED_EDGE('',*,*,#2763,.T.);
#2809 = ORIENTED_EDGE('',*,*,#2810,.T.);
#2810 = EDGE_CURVE('',#2764,#2811,#2813,.T.);
#2811 = VERTEX_POINT('',#2812);
#2812 = CARTESIAN_POINT('',(-15.76,81.,-2.26));
#2813 = LINE('',#2814,#2815);
#2814 = CARTESIAN_POINT('',(-16.88,79.88,-2.26));
#2815 = VECTOR('',#2816,1.);
#2816 = DIRECTION('',(0.707106781187,0.707106781187,4.518962313001E-15)
  );
#2817 = ORIENTED_EDGE('',*,*,#2818,.F.);
#2818 = EDGE_CURVE('',#805,#2811,#2819,.T.);
#2819 = LINE('',#2820,#2821);
#2820 = CARTESIAN_POINT('',(-15.76,81.,-5.E-15));
#2821 = VECTOR('',#2822,1.);
#2822 = DIRECTION('',(-0.,-0.,-1.));
#2823 = ORIENTED_EDGE('',*,*,#812,.F.);
#2824 = PLANE('',#2825);
#2825 = AXIS2_PLACEMENT_3D('',#2826,#2827,#2828);
#2826 = CARTESIAN_POINT('',(-16.88,79.88,-5.E-15));
#2827 = DIRECTION('',(-0.707106781187,0.707106781187,0.));
#2828 = DIRECTION('',(0.,0.,1.));
#2829 = ADVANCED_FACE('',(#2830),#2848,.T.);
#2830 = FACE_BOUND('',#2831,.T.);
#2831 = EDGE_LOOP('',(#2832,#2833,#2841,#2847));
#2832 = ORIENTED_EDGE('',*,*,#2794,.T.);
#2833 = ORIENTED_EDGE('',*,*,#2834,.F.);
#2834 = EDGE_CURVE('',#2835,#2787,#2837,.T.);
#2835 = VERTEX_POINT('',#2836);
#2836 = CARTESIAN_POINT('',(15.76,81.,-2.26));
#2837 = LINE('',#2838,#2839);
#2838 = CARTESIAN_POINT('',(16.88,79.88,-2.26));
#2839 = VECTOR('',#2840,1.);
#2840 = DIRECTION('',(0.707106781187,-0.707106781187,-4.038221641405E-15
    ));
#2841 = ORIENTED_EDGE('',*,*,#2842,.F.);
#2842 = EDGE_CURVE('',#827,#2835,#2843,.T.);
#2843 = LINE('',#2844,#2845);
#2844 = CARTESIAN_POINT('',(15.76,81.,-5.E-15));
#2845 = VECTOR('',#2846,1.);
#2846 = DIRECTION('',(-0.,-0.,-1.));
#2847 = ORIENTED_EDGE('',*,*,#836,.T.);
#2848 = PLANE('',#2849);
#2849 = AXIS2_PLACEMENT_3D('',#2850,#2851,#2852);
#2850 = CARTESIAN_POINT('',(16.88,79.88,-5.E-15));
#2851 = DIRECTION('',(0.707106781187,0.707106781187,0.));
#2852 = DIRECTION('',(0.,0.,-1.));
#2853 = ADVANCED_FACE('',(#2854),#2865,.T.);
#2854 = FACE_BOUND('',#2855,.T.);
#2855 = EDGE_LOOP('',(#2856,#2857,#2858,#2859));
#2856 = ORIENTED_EDGE('',*,*,#2818,.F.);
#2857 = ORIENTED_EDGE('',*,*,#853,.F.);
#2858 = ORIENTED_EDGE('',*,*,#2842,.T.);
#2859 = ORIENTED_EDGE('',*,*,#2860,.T.);
#2860 = EDGE_CURVE('',#2835,#2811,#2861,.T.);
#2861 = LINE('',#2862,#2863);
#2862 = CARTESIAN_POINT('',(18.,81.,-2.26));
#2863 = VECTOR('',#2864,1.);
#2864 = DIRECTION('',(-1.,0.,0.));
#2865 = PLANE('',#2866);
#2866 = AXIS2_PLACEMENT_3D('',#2867,#2868,#2869);
#2867 = CARTESIAN_POINT('',(18.,81.,-5.E-15));
#2868 = DIRECTION('',(0.,1.,0.));
#2869 = DIRECTION('',(-1.,0.,0.));
#2870 = ADVANCED_FACE('',(#2871),#2896,.T.);
#2871 = FACE_BOUND('',#2872,.T.);
#2872 = EDGE_LOOP('',(#2873,#2881,#2889,#2895));
#2873 = ORIENTED_EDGE('',*,*,#2874,.T.);
#2874 = EDGE_CURVE('',#868,#2875,#2877,.T.);
#2875 = VERTEX_POINT('',#2876);
#2876 = CARTESIAN_POINT('',(18.,89.24,-2.26));
#2877 = LINE('',#2878,#2879);
#2878 = CARTESIAN_POINT('',(18.,89.24,-9.E-15));
#2879 = VECTOR('',#2880,1.);
#2880 = DIRECTION('',(-0.,-0.,-1.));
#2881 = ORIENTED_EDGE('',*,*,#2882,.T.);
#2882 = EDGE_CURVE('',#2875,#2883,#2885,.T.);
#2883 = VERTEX_POINT('',#2884);
#2884 = CARTESIAN_POINT('',(18.,120.76,-2.26));
#2885 = LINE('',#2886,#2887);
#2886 = CARTESIAN_POINT('',(18.,87.,-2.26));
#2887 = VECTOR('',#2888,1.);
#2888 = DIRECTION('',(0.,1.,0.));
#2889 = ORIENTED_EDGE('',*,*,#2890,.F.);
#2890 = EDGE_CURVE('',#877,#2883,#2891,.T.);
#2891 = LINE('',#2892,#2893);
#2892 = CARTESIAN_POINT('',(18.,120.76,-9.E-15));
#2893 = VECTOR('',#2894,1.);
#2894 = DIRECTION('',(-0.,-0.,-1.));
#2895 = ORIENTED_EDGE('',*,*,#884,.F.);
#2896 = PLANE('',#2897);
#2897 = AXIS2_PLACEMENT_3D('',#2898,#2899,#2900);
#2898 = CARTESIAN_POINT('',(18.,87.,-9.E-15));
#2899 = DIRECTION('',(1.,0.,0.));
#2900 = DIRECTION('',(0.,1.,0.));
#2901 = ADVANCED_FACE('',(#2902),#2920,.T.);
#2902 = FACE_BOUND('',#2903,.T.);
#2903 = EDGE_LOOP('',(#2904,#2912,#2918,#2919));
#2904 = ORIENTED_EDGE('',*,*,#2905,.T.);
#2905 = EDGE_CURVE('',#901,#2906,#2908,.T.);
#2906 = VERTEX_POINT('',#2907);
#2907 = CARTESIAN_POINT('',(15.76,87.,-2.26));
#2908 = LINE('',#2909,#2910);
#2909 = CARTESIAN_POINT('',(15.76,87.,-9.E-15));
#2910 = VECTOR('',#2911,1.);
#2911 = DIRECTION('',(-0.,-0.,-1.));
#2912 = ORIENTED_EDGE('',*,*,#2913,.F.);
#2913 = EDGE_CURVE('',#2875,#2906,#2914,.T.);
#2914 = LINE('',#2915,#2916);
#2915 = CARTESIAN_POINT('',(16.88,88.12,-2.26));
#2916 = VECTOR('',#2917,1.);
#2917 = DIRECTION('',(-0.707106781187,-0.707106781187,
    -3.845925372767E-16));
#2918 = ORIENTED_EDGE('',*,*,#2874,.F.);
#2919 = ORIENTED_EDGE('',*,*,#908,.T.);
#2920 = PLANE('',#2921);
#2921 = AXIS2_PLACEMENT_3D('',#2922,#2923,#2924);
#2922 = CARTESIAN_POINT('',(16.88,88.12,-9.E-15));
#2923 = DIRECTION('',(0.707106781187,-0.707106781187,0.));
#2924 = DIRECTION('',(0.,0.,-1.));
#2925 = ADVANCED_FACE('',(#2926),#2944,.T.);
#2926 = FACE_BOUND('',#2927,.T.);
#2927 = EDGE_LOOP('',(#2928,#2929,#2937,#2943));
#2928 = ORIENTED_EDGE('',*,*,#2890,.T.);
#2929 = ORIENTED_EDGE('',*,*,#2930,.T.);
#2930 = EDGE_CURVE('',#2883,#2931,#2933,.T.);
#2931 = VERTEX_POINT('',#2932);
#2932 = CARTESIAN_POINT('',(15.76,123.,-2.26));
#2933 = LINE('',#2934,#2935);
#2934 = CARTESIAN_POINT('',(16.88,121.88,-2.26));
#2935 = VECTOR('',#2936,1.);
#2936 = DIRECTION('',(-0.707106781187,0.707106781187,-4.422814178682E-15
    ));
#2937 = ORIENTED_EDGE('',*,*,#2938,.F.);
#2938 = EDGE_CURVE('',#925,#2931,#2939,.T.);
#2939 = LINE('',#2940,#2941);
#2940 = CARTESIAN_POINT('',(15.76,123.,-9.E-15));
#2941 = VECTOR('',#2942,1.);
#2942 = DIRECTION('',(-0.,-0.,-1.));
#2943 = ORIENTED_EDGE('',*,*,#932,.F.);
#2944 = PLANE('',#2945);
#2945 = AXIS2_PLACEMENT_3D('',#2946,#2947,#2948);
#2946 = CARTESIAN_POINT('',(16.88,121.88,-9.E-15));
#2947 = DIRECTION('',(0.707106781187,0.707106781187,0.));
#2948 = DIRECTION('',(0.,0.,-1.));
#2949 = ADVANCED_FACE('',(#2950),#2968,.T.);
#2950 = FACE_BOUND('',#2951,.T.);
#2951 = EDGE_LOOP('',(#2952,#2953,#2954,#2962));
#2952 = ORIENTED_EDGE('',*,*,#2905,.F.);
#2953 = ORIENTED_EDGE('',*,*,#956,.F.);
#2954 = ORIENTED_EDGE('',*,*,#2955,.T.);
#2955 = EDGE_CURVE('',#947,#2956,#2958,.T.);
#2956 = VERTEX_POINT('',#2957);
#2957 = CARTESIAN_POINT('',(-15.76,87.,-2.26));
#2958 = LINE('',#2959,#2960);
#2959 = CARTESIAN_POINT('',(-15.76,87.,-9.E-15));
#2960 = VECTOR('',#2961,1.);
#2961 = DIRECTION('',(-0.,-0.,-1.));
#2962 = ORIENTED_EDGE('',*,*,#2963,.T.);
#2963 = EDGE_CURVE('',#2956,#2906,#2964,.T.);
#2964 = LINE('',#2965,#2966);
#2965 = CARTESIAN_POINT('',(-18.,87.,-2.26));
#2966 = VECTOR('',#2967,1.);
#2967 = DIRECTION('',(1.,0.,0.));
#2968 = PLANE('',#2969);
#2969 = AXIS2_PLACEMENT_3D('',#2970,#2971,#2972);
#2970 = CARTESIAN_POINT('',(-18.,87.,-9.E-15));
#2971 = DIRECTION('',(0.,-1.,0.));
#2972 = DIRECTION('',(1.,0.,0.));
#2973 = ADVANCED_FACE('',(#2974),#2992,.T.);
#2974 = FACE_BOUND('',#2975,.T.);
#2975 = EDGE_LOOP('',(#2976,#2977,#2985,#2991));
#2976 = ORIENTED_EDGE('',*,*,#2938,.T.);
#2977 = ORIENTED_EDGE('',*,*,#2978,.T.);
#2978 = EDGE_CURVE('',#2931,#2979,#2981,.T.);
#2979 = VERTEX_POINT('',#2980);
#2980 = CARTESIAN_POINT('',(-15.76,123.,-2.26));
#2981 = LINE('',#2982,#2983);
#2982 = CARTESIAN_POINT('',(18.,123.,-2.26));
#2983 = VECTOR('',#2984,1.);
#2984 = DIRECTION('',(-1.,0.,0.));
#2985 = ORIENTED_EDGE('',*,*,#2986,.F.);
#2986 = EDGE_CURVE('',#973,#2979,#2987,.T.);
#2987 = LINE('',#2988,#2989);
#2988 = CARTESIAN_POINT('',(-15.76,123.,-9.E-15));
#2989 = VECTOR('',#2990,1.);
#2990 = DIRECTION('',(-0.,-0.,-1.));
#2991 = ORIENTED_EDGE('',*,*,#980,.F.);
#2992 = PLANE('',#2993);
#2993 = AXIS2_PLACEMENT_3D('',#2994,#2995,#2996);
#2994 = CARTESIAN_POINT('',(18.,123.,-9.E-15));
#2995 = DIRECTION('',(0.,1.,0.));
#2996 = DIRECTION('',(-1.,0.,0.));
#2997 = ADVANCED_FACE('',(#2998),#3016,.T.);
#2998 = FACE_BOUND('',#2999,.F.);
#2999 = EDGE_LOOP('',(#3000,#3001,#3009,#3015));
#3000 = ORIENTED_EDGE('',*,*,#2955,.T.);
#3001 = ORIENTED_EDGE('',*,*,#3002,.T.);
#3002 = EDGE_CURVE('',#2956,#3003,#3005,.T.);
#3003 = VERTEX_POINT('',#3004);
#3004 = CARTESIAN_POINT('',(-18.,89.24,-2.26));
#3005 = LINE('',#3006,#3007);
#3006 = CARTESIAN_POINT('',(-16.88,88.12,-2.26));
#3007 = VECTOR('',#3008,1.);
#3008 = DIRECTION('',(-0.707106781187,0.707106781187,-4.903554850278E-15
    ));
#3009 = ORIENTED_EDGE('',*,*,#3010,.F.);
#3010 = EDGE_CURVE('',#997,#3003,#3011,.T.);
#3011 = LINE('',#3012,#3013);
#3012 = CARTESIAN_POINT('',(-18.,89.24,-9.E-15));
#3013 = VECTOR('',#3014,1.);
#3014 = DIRECTION('',(-0.,-0.,-1.));
#3015 = ORIENTED_EDGE('',*,*,#1004,.F.);
#3016 = PLANE('',#3017);
#3017 = AXIS2_PLACEMENT_3D('',#3018,#3019,#3020);
#3018 = CARTESIAN_POINT('',(-16.88,88.12,-9.E-15));
#3019 = DIRECTION('',(-0.707106781187,-0.707106781187,0.));
#3020 = DIRECTION('',(0.,0.,1.));
#3021 = ADVANCED_FACE('',(#3022),#3040,.T.);
#3022 = FACE_BOUND('',#3023,.T.);
#3023 = EDGE_LOOP('',(#3024,#3025,#3033,#3039));
#3024 = ORIENTED_EDGE('',*,*,#2986,.T.);
#3025 = ORIENTED_EDGE('',*,*,#3026,.F.);
#3026 = EDGE_CURVE('',#3027,#2979,#3029,.T.);
#3027 = VERTEX_POINT('',#3028);
#3028 = CARTESIAN_POINT('',(-18.,120.76,-2.26));
#3029 = LINE('',#3030,#3031);
#3030 = CARTESIAN_POINT('',(-16.88,121.88,-2.26));
#3031 = VECTOR('',#3032,1.);
#3032 = DIRECTION('',(0.707106781187,0.707106781187,-5.095851118916E-15)
  );
#3033 = ORIENTED_EDGE('',*,*,#3034,.F.);
#3034 = EDGE_CURVE('',#1019,#3027,#3035,.T.);
#3035 = LINE('',#3036,#3037);
#3036 = CARTESIAN_POINT('',(-18.,120.76,-9.E-15));
#3037 = VECTOR('',#3038,1.);
#3038 = DIRECTION('',(-0.,-0.,-1.));
#3039 = ORIENTED_EDGE('',*,*,#1028,.T.);
#3040 = PLANE('',#3041);
#3041 = AXIS2_PLACEMENT_3D('',#3042,#3043,#3044);
#3042 = CARTESIAN_POINT('',(-16.88,121.88,-9.E-15));
#3043 = DIRECTION('',(-0.707106781187,0.707106781187,0.));
#3044 = DIRECTION('',(0.,0.,-1.));
#3045 = ADVANCED_FACE('',(#3046),#3057,.T.);
#3046 = FACE_BOUND('',#3047,.T.);
#3047 = EDGE_LOOP('',(#3048,#3049,#3050,#3051));
#3048 = ORIENTED_EDGE('',*,*,#3010,.F.);
#3049 = ORIENTED_EDGE('',*,*,#1045,.F.);
#3050 = ORIENTED_EDGE('',*,*,#3034,.T.);
#3051 = ORIENTED_EDGE('',*,*,#3052,.T.);
#3052 = EDGE_CURVE('',#3027,#3003,#3053,.T.);
#3053 = LINE('',#3054,#3055);
#3054 = CARTESIAN_POINT('',(-18.,123.,-2.26));
#3055 = VECTOR('',#3056,1.);
#3056 = DIRECTION('',(0.,-1.,0.));
#3057 = PLANE('',#3058);
#3058 = AXIS2_PLACEMENT_3D('',#3059,#3060,#3061);
#3059 = CARTESIAN_POINT('',(-18.,123.,-9.E-15));
#3060 = DIRECTION('',(-1.,0.,0.));
#3061 = DIRECTION('',(0.,-1.,0.));
#3062 = ADVANCED_FACE('',(#3063),#3088,.F.);
#3063 = FACE_BOUND('',#3064,.F.);
#3064 = EDGE_LOOP('',(#3065,#3066,#3074,#3082));
#3065 = ORIENTED_EDGE('',*,*,#1069,.F.);
#3066 = ORIENTED_EDGE('',*,*,#3067,.F.);
#3067 = EDGE_CURVE('',#3068,#1070,#3070,.T.);
#3068 = VERTEX_POINT('',#3069);
#3069 = CARTESIAN_POINT('',(-19.,118.45,2.));
#3070 = LINE('',#3071,#3072);
#3071 = CARTESIAN_POINT('',(-19.,118.45,0.));
#3072 = VECTOR('',#3073,1.);
#3073 = DIRECTION('',(0.,0.,1.));
#3074 = ORIENTED_EDGE('',*,*,#3075,.T.);
#3075 = EDGE_CURVE('',#3068,#3076,#3078,.T.);
#3076 = VERTEX_POINT('',#3077);
#3077 = CARTESIAN_POINT('',(-19.,114.45,2.));
#3078 = LINE('',#3079,#3080);
#3079 = CARTESIAN_POINT('',(-19.,124.,2.));
#3080 = VECTOR('',#3081,1.);
#3081 = DIRECTION('',(0.,-1.,0.));
#3082 = ORIENTED_EDGE('',*,*,#3083,.T.);
#3083 = EDGE_CURVE('',#3076,#1072,#3084,.T.);
#3084 = LINE('',#3085,#3086);
#3085 = CARTESIAN_POINT('',(-19.,114.45,0.));
#3086 = VECTOR('',#3087,1.);
#3087 = DIRECTION('',(0.,0.,1.));
#3088 = PLANE('',#3089);
#3089 = AXIS2_PLACEMENT_3D('',#3090,#3091,#3092);
#3090 = CARTESIAN_POINT('',(-19.,124.,273.18773050779));
#3091 = DIRECTION('',(-1.,0.,0.));
#3092 = DIRECTION('',(0.,-1.,0.));
#3093 = ADVANCED_FACE('',(#3094),#3112,.T.);
#3094 = FACE_BOUND('',#3095,.T.);
#3095 = EDGE_LOOP('',(#3096,#3104,#3110,#3111));
#3096 = ORIENTED_EDGE('',*,*,#3097,.T.);
#3097 = EDGE_CURVE('',#3068,#3098,#3100,.T.);
#3098 = VERTEX_POINT('',#3099);
#3099 = CARTESIAN_POINT('',(-18.51210640756,118.45,2.));
#3100 = LINE('',#3101,#3102);
#3101 = CARTESIAN_POINT('',(-9.256053203783,118.45,2.));
#3102 = VECTOR('',#3103,1.);
#3103 = DIRECTION('',(1.,0.,0.));
#3104 = ORIENTED_EDGE('',*,*,#3105,.T.);
#3105 = EDGE_CURVE('',#3098,#1080,#3106,.T.);
#3106 = LINE('',#3107,#3108);
#3107 = CARTESIAN_POINT('',(-18.51210640756,118.45,0.));
#3108 = VECTOR('',#3109,1.);
#3109 = DIRECTION('',(0.,0.,1.));
#3110 = ORIENTED_EDGE('',*,*,#1079,.T.);
#3111 = ORIENTED_EDGE('',*,*,#3067,.F.);
#3112 = PLANE('',#3113);
#3113 = AXIS2_PLACEMENT_3D('',#3114,#3115,#3116);
#3114 = CARTESIAN_POINT('',(-18.51210640756,118.45,0.));
#3115 = DIRECTION('',(0.,-1.,0.));
#3116 = DIRECTION('',(-1.,0.,0.));
#3117 = ADVANCED_FACE('',(#3118),#3136,.T.);
#3118 = FACE_BOUND('',#3119,.T.);
#3119 = EDGE_LOOP('',(#3120,#3128,#3129,#3130));
#3120 = ORIENTED_EDGE('',*,*,#3121,.T.);
#3121 = EDGE_CURVE('',#3122,#3076,#3124,.T.);
#3122 = VERTEX_POINT('',#3123);
#3123 = CARTESIAN_POINT('',(-18.51210640756,114.45,2.));
#3124 = LINE('',#3125,#3126);
#3125 = CARTESIAN_POINT('',(-9.5,114.45,2.));
#3126 = VECTOR('',#3127,1.);
#3127 = DIRECTION('',(-1.,0.,0.));
#3128 = ORIENTED_EDGE('',*,*,#3083,.T.);
#3129 = ORIENTED_EDGE('',*,*,#2146,.T.);
#3130 = ORIENTED_EDGE('',*,*,#3131,.F.);
#3131 = EDGE_CURVE('',#3122,#2138,#3132,.T.);
#3132 = LINE('',#3133,#3134);
#3133 = CARTESIAN_POINT('',(-18.51210640756,114.45,0.));
#3134 = VECTOR('',#3135,1.);
#3135 = DIRECTION('',(0.,0.,1.));
#3136 = PLANE('',#3137);
#3137 = AXIS2_PLACEMENT_3D('',#3138,#3139,#3140);
#3138 = CARTESIAN_POINT('',(-19.,114.45,0.));
#3139 = DIRECTION('',(0.,1.,0.));
#3140 = DIRECTION('',(1.,0.,0.));
#3141 = ADVANCED_FACE('',(#3142),#3161,.F.);
#3142 = FACE_BOUND('',#3143,.T.);
#3143 = EDGE_LOOP('',(#3144,#3153,#3159,#3160));
#3144 = ORIENTED_EDGE('',*,*,#3145,.T.);
#3145 = EDGE_CURVE('',#3098,#3146,#3148,.T.);
#3146 = VERTEX_POINT('',#3147);
#3147 = CARTESIAN_POINT('',(-8.587893592435,118.45,2.));
#3148 = CIRCLE('',#3149,5.35);
#3149 = AXIS2_PLACEMENT_3D('',#3150,#3151,#3152);
#3150 = CARTESIAN_POINT('',(-13.55,116.45,2.));
#3151 = DIRECTION('',(0.,0.,-1.));
#3152 = DIRECTION('',(1.,0.,0.));
#3153 = ORIENTED_EDGE('',*,*,#3154,.T.);
#3154 = EDGE_CURVE('',#3146,#1088,#3155,.T.);
#3155 = LINE('',#3156,#3157);
#3156 = CARTESIAN_POINT('',(-8.587893592435,118.45,0.));
#3157 = VECTOR('',#3158,1.);
#3158 = DIRECTION('',(0.,0.,1.));
#3159 = ORIENTED_EDGE('',*,*,#1087,.F.);
#3160 = ORIENTED_EDGE('',*,*,#3105,.F.);
#3161 = CYLINDRICAL_SURFACE('',#3162,5.35);
#3162 = AXIS2_PLACEMENT_3D('',#3163,#3164,#3165);
#3163 = CARTESIAN_POINT('',(-13.55,116.45,0.));
#3164 = DIRECTION('',(-0.,-0.,-1.));
#3165 = DIRECTION('',(1.,0.,0.));
#3166 = ADVANCED_FACE('',(#3167),#3186,.F.);
#3167 = FACE_BOUND('',#3168,.T.);
#3168 = EDGE_LOOP('',(#3169,#3178,#3179,#3180));
#3169 = ORIENTED_EDGE('',*,*,#3170,.T.);
#3170 = EDGE_CURVE('',#3171,#3122,#3173,.T.);
#3171 = VERTEX_POINT('',#3172);
#3172 = CARTESIAN_POINT('',(-15.55,111.48789359243,2.));
#3173 = CIRCLE('',#3174,5.35);
#3174 = AXIS2_PLACEMENT_3D('',#3175,#3176,#3177);
#3175 = CARTESIAN_POINT('',(-13.55,116.45,2.));
#3176 = DIRECTION('',(0.,0.,-1.));
#3177 = DIRECTION('',(1.,0.,0.));
#3178 = ORIENTED_EDGE('',*,*,#3131,.T.);
#3179 = ORIENTED_EDGE('',*,*,#2137,.F.);
#3180 = ORIENTED_EDGE('',*,*,#3181,.F.);
#3181 = EDGE_CURVE('',#3171,#2130,#3182,.T.);
#3182 = LINE('',#3183,#3184);
#3183 = CARTESIAN_POINT('',(-15.55,111.48789359243,0.));
#3184 = VECTOR('',#3185,1.);
#3185 = DIRECTION('',(0.,0.,1.));
#3186 = CYLINDRICAL_SURFACE('',#3187,5.35);
#3187 = AXIS2_PLACEMENT_3D('',#3188,#3189,#3190);
#3188 = CARTESIAN_POINT('',(-13.55,116.45,0.));
#3189 = DIRECTION('',(-0.,-0.,-1.));
#3190 = DIRECTION('',(1.,0.,0.));
#3191 = ADVANCED_FACE('',(#3192),#3210,.F.);
#3192 = FACE_BOUND('',#3193,.F.);
#3193 = EDGE_LOOP('',(#3194,#3202,#3203,#3204));
#3194 = ORIENTED_EDGE('',*,*,#3195,.T.);
#3195 = EDGE_CURVE('',#3196,#3146,#3198,.T.);
#3196 = VERTEX_POINT('',#3197);
#3197 = CARTESIAN_POINT('',(-7.612106407565,118.45,2.));
#3198 = LINE('',#3199,#3200);
#3199 = CARTESIAN_POINT('',(-4.293946796217,118.45,2.));
#3200 = VECTOR('',#3201,1.);
#3201 = DIRECTION('',(-1.,0.,0.));
#3202 = ORIENTED_EDGE('',*,*,#3154,.T.);
#3203 = ORIENTED_EDGE('',*,*,#1096,.T.);
#3204 = ORIENTED_EDGE('',*,*,#3205,.F.);
#3205 = EDGE_CURVE('',#3196,#1097,#3206,.T.);
#3206 = LINE('',#3207,#3208);
#3207 = CARTESIAN_POINT('',(-7.612106407565,118.45,0.));
#3208 = VECTOR('',#3209,1.);
#3209 = DIRECTION('',(0.,0.,1.));
#3210 = PLANE('',#3211);
#3211 = AXIS2_PLACEMENT_3D('',#3212,#3213,#3214);
#3212 = CARTESIAN_POINT('',(-8.587893592435,118.45,0.));
#3213 = DIRECTION('',(0.,1.,0.));
#3214 = DIRECTION('',(1.,0.,0.));
#3215 = ADVANCED_FACE('',(#3216),#3234,.F.);
#3216 = FACE_BOUND('',#3217,.F.);
#3217 = EDGE_LOOP('',(#3218,#3226,#3232,#3233));
#3218 = ORIENTED_EDGE('',*,*,#3219,.T.);
#3219 = EDGE_CURVE('',#3171,#3220,#3222,.T.);
#3220 = VERTEX_POINT('',#3221);
#3221 = CARTESIAN_POINT('',(-15.55,110.51210640756,2.));
#3222 = LINE('',#3223,#3224);
#3223 = CARTESIAN_POINT('',(-15.55,86.756053203783,2.));
#3224 = VECTOR('',#3225,1.);
#3225 = DIRECTION('',(0.,-1.,0.));
#3226 = ORIENTED_EDGE('',*,*,#3227,.T.);
#3227 = EDGE_CURVE('',#3220,#2121,#3228,.T.);
#3228 = LINE('',#3229,#3230);
#3229 = CARTESIAN_POINT('',(-15.55,110.51210640756,0.));
#3230 = VECTOR('',#3231,1.);
#3231 = DIRECTION('',(0.,0.,1.));
#3232 = ORIENTED_EDGE('',*,*,#2129,.T.);
#3233 = ORIENTED_EDGE('',*,*,#3181,.F.);
#3234 = PLANE('',#3235);
#3235 = AXIS2_PLACEMENT_3D('',#3236,#3237,#3238);
#3236 = CARTESIAN_POINT('',(-15.55,110.51210640756,0.));
#3237 = DIRECTION('',(-1.,0.,0.));
#3238 = DIRECTION('',(0.,1.,0.));
#3239 = ADVANCED_FACE('',(#3240),#3259,.F.);
#3240 = FACE_BOUND('',#3241,.T.);
#3241 = EDGE_LOOP('',(#3242,#3251,#3257,#3258));
#3242 = ORIENTED_EDGE('',*,*,#3243,.T.);
#3243 = EDGE_CURVE('',#3196,#3244,#3246,.T.);
#3244 = VERTEX_POINT('',#3245);
#3245 = CARTESIAN_POINT('',(2.312106407565,118.45,2.));
#3246 = CIRCLE('',#3247,5.35);
#3247 = AXIS2_PLACEMENT_3D('',#3248,#3249,#3250);
#3248 = CARTESIAN_POINT('',(-2.65,116.45,2.));
#3249 = DIRECTION('',(0.,0.,-1.));
#3250 = DIRECTION('',(1.,0.,0.));
#3251 = ORIENTED_EDGE('',*,*,#3252,.T.);
#3252 = EDGE_CURVE('',#3244,#1105,#3253,.T.);
#3253 = LINE('',#3254,#3255);
#3254 = CARTESIAN_POINT('',(2.312106407565,118.45,0.));
#3255 = VECTOR('',#3256,1.);
#3256 = DIRECTION('',(0.,0.,1.));
#3257 = ORIENTED_EDGE('',*,*,#1104,.F.);
#3258 = ORIENTED_EDGE('',*,*,#3205,.F.);
#3259 = CYLINDRICAL_SURFACE('',#3260,5.35);
#3260 = AXIS2_PLACEMENT_3D('',#3261,#3262,#3263);
#3261 = CARTESIAN_POINT('',(-2.65,116.45,0.));
#3262 = DIRECTION('',(-0.,-0.,-1.));
#3263 = DIRECTION('',(1.,0.,0.));
#3264 = ADVANCED_FACE('',(#3265),#3284,.F.);
#3265 = FACE_BOUND('',#3266,.T.);
#3266 = EDGE_LOOP('',(#3267,#3276,#3277,#3278));
#3267 = ORIENTED_EDGE('',*,*,#3268,.T.);
#3268 = EDGE_CURVE('',#3269,#3220,#3271,.T.);
#3269 = VERTEX_POINT('',#3270);
#3270 = CARTESIAN_POINT('',(-18.51210640756,107.55,2.));
#3271 = CIRCLE('',#3272,5.35);
#3272 = AXIS2_PLACEMENT_3D('',#3273,#3274,#3275);
#3273 = CARTESIAN_POINT('',(-13.55,105.55,2.));
#3274 = DIRECTION('',(0.,0.,-1.));
#3275 = DIRECTION('',(1.,0.,0.));
#3276 = ORIENTED_EDGE('',*,*,#3227,.T.);
#3277 = ORIENTED_EDGE('',*,*,#2120,.F.);
#3278 = ORIENTED_EDGE('',*,*,#3279,.F.);
#3279 = EDGE_CURVE('',#3269,#2113,#3280,.T.);
#3280 = LINE('',#3281,#3282);
#3281 = CARTESIAN_POINT('',(-18.51210640756,107.55,0.));
#3282 = VECTOR('',#3283,1.);
#3283 = DIRECTION('',(0.,0.,1.));
#3284 = CYLINDRICAL_SURFACE('',#3285,5.35);
#3285 = AXIS2_PLACEMENT_3D('',#3286,#3287,#3288);
#3286 = CARTESIAN_POINT('',(-13.55,105.55,0.));
#3287 = DIRECTION('',(-0.,-0.,-1.));
#3288 = DIRECTION('',(1.,0.,0.));
#3289 = ADVANCED_FACE('',(#3290),#3308,.F.);
#3290 = FACE_BOUND('',#3291,.F.);
#3291 = EDGE_LOOP('',(#3292,#3300,#3301,#3302));
#3292 = ORIENTED_EDGE('',*,*,#3293,.T.);
#3293 = EDGE_CURVE('',#3294,#3244,#3296,.T.);
#3294 = VERTEX_POINT('',#3295);
#3295 = CARTESIAN_POINT('',(5.899115113542,118.45,2.));
#3296 = LINE('',#3297,#3298);
#3297 = CARTESIAN_POINT('',(1.156053203783,118.45,2.));
#3298 = VECTOR('',#3299,1.);
#3299 = DIRECTION('',(-1.,0.,0.));
#3300 = ORIENTED_EDGE('',*,*,#3252,.T.);
#3301 = ORIENTED_EDGE('',*,*,#1113,.T.);
#3302 = ORIENTED_EDGE('',*,*,#3303,.F.);
#3303 = EDGE_CURVE('',#3294,#1114,#3304,.T.);
#3304 = LINE('',#3305,#3306);
#3305 = CARTESIAN_POINT('',(5.899115113542,118.45,0.));
#3306 = VECTOR('',#3307,1.);
#3307 = DIRECTION('',(0.,0.,1.));
#3308 = PLANE('',#3309);
#3309 = AXIS2_PLACEMENT_3D('',#3310,#3311,#3312);
#3310 = CARTESIAN_POINT('',(2.312106407565,118.45,0.));
#3311 = DIRECTION('',(0.,1.,0.));
#3312 = DIRECTION('',(1.,0.,0.));
#3313 = ADVANCED_FACE('',(#3314),#3332,.T.);
#3314 = FACE_BOUND('',#3315,.T.);
#3315 = EDGE_LOOP('',(#3316,#3324,#3325,#3326));
#3316 = ORIENTED_EDGE('',*,*,#3317,.T.);
#3317 = EDGE_CURVE('',#3318,#3269,#3320,.T.);
#3318 = VERTEX_POINT('',#3319);
#3319 = CARTESIAN_POINT('',(-19.,107.55,2.));
#3320 = LINE('',#3321,#3322);
#3321 = CARTESIAN_POINT('',(-9.256053203783,107.55,2.));
#3322 = VECTOR('',#3323,1.);
#3323 = DIRECTION('',(1.,0.,0.));
#3324 = ORIENTED_EDGE('',*,*,#3279,.T.);
#3325 = ORIENTED_EDGE('',*,*,#2112,.T.);
#3326 = ORIENTED_EDGE('',*,*,#3327,.F.);
#3327 = EDGE_CURVE('',#3318,#2105,#3328,.T.);
#3328 = LINE('',#3329,#3330);
#3329 = CARTESIAN_POINT('',(-19.,107.55,0.));
#3330 = VECTOR('',#3331,1.);
#3331 = DIRECTION('',(0.,0.,1.));
#3332 = PLANE('',#3333);
#3333 = AXIS2_PLACEMENT_3D('',#3334,#3335,#3336);
#3334 = CARTESIAN_POINT('',(-18.51210640756,107.55,0.));
#3335 = DIRECTION('',(0.,-1.,0.));
#3336 = DIRECTION('',(-1.,0.,0.));
#3337 = ADVANCED_FACE('',(#3338),#3357,.F.);
#3338 = FACE_BOUND('',#3339,.T.);
#3339 = EDGE_LOOP('',(#3340,#3349,#3355,#3356));
#3340 = ORIENTED_EDGE('',*,*,#3341,.T.);
#3341 = EDGE_CURVE('',#3294,#3342,#3344,.T.);
#3342 = VERTEX_POINT('',#3343);
#3343 = CARTESIAN_POINT('',(18.259880773904,116.75,2.));
#3344 = CIRCLE('',#3345,7.35);
#3345 = AXIS2_PLACEMENT_3D('',#3346,#3347,#3348);
#3346 = CARTESIAN_POINT('',(11.55,113.75,2.));
#3347 = DIRECTION('',(0.,0.,-1.));
#3348 = DIRECTION('',(1.,0.,0.));
#3349 = ORIENTED_EDGE('',*,*,#3350,.T.);
#3350 = EDGE_CURVE('',#3342,#1122,#3351,.T.);
#3351 = LINE('',#3352,#3353);
#3352 = CARTESIAN_POINT('',(18.259880773904,116.75,0.));
#3353 = VECTOR('',#3354,1.);
#3354 = DIRECTION('',(0.,0.,1.));
#3355 = ORIENTED_EDGE('',*,*,#1121,.F.);
#3356 = ORIENTED_EDGE('',*,*,#3303,.F.);
#3357 = CYLINDRICAL_SURFACE('',#3358,7.35);
#3358 = AXIS2_PLACEMENT_3D('',#3359,#3360,#3361);
#3359 = CARTESIAN_POINT('',(11.55,113.75,0.));
#3360 = DIRECTION('',(-0.,-0.,-1.));
#3361 = DIRECTION('',(1.,0.,0.));
#3362 = ADVANCED_FACE('',(#3363),#3381,.F.);
#3363 = FACE_BOUND('',#3364,.F.);
#3364 = EDGE_LOOP('',(#3365,#3366,#3367,#3375));
#3365 = ORIENTED_EDGE('',*,*,#2104,.F.);
#3366 = ORIENTED_EDGE('',*,*,#3327,.F.);
#3367 = ORIENTED_EDGE('',*,*,#3368,.T.);
#3368 = EDGE_CURVE('',#3318,#3369,#3371,.T.);
#3369 = VERTEX_POINT('',#3370);
#3370 = CARTESIAN_POINT('',(-19.,103.55,2.));
#3371 = LINE('',#3372,#3373);
#3372 = CARTESIAN_POINT('',(-19.,124.,2.));
#3373 = VECTOR('',#3374,1.);
#3374 = DIRECTION('',(0.,-1.,0.));
#3375 = ORIENTED_EDGE('',*,*,#3376,.T.);
#3376 = EDGE_CURVE('',#3369,#2097,#3377,.T.);
#3377 = LINE('',#3378,#3379);
#3378 = CARTESIAN_POINT('',(-19.,103.55,0.));
#3379 = VECTOR('',#3380,1.);
#3380 = DIRECTION('',(0.,0.,1.));
#3381 = PLANE('',#3382);
#3382 = AXIS2_PLACEMENT_3D('',#3383,#3384,#3385);
#3383 = CARTESIAN_POINT('',(-19.,124.,273.18773050779));
#3384 = DIRECTION('',(-1.,0.,0.));
#3385 = DIRECTION('',(0.,-1.,0.));
#3386 = ADVANCED_FACE('',(#3387),#3405,.F.);
#3387 = FACE_BOUND('',#3388,.F.);
#3388 = EDGE_LOOP('',(#3389,#3397,#3398,#3399));
#3389 = ORIENTED_EDGE('',*,*,#3390,.T.);
#3390 = EDGE_CURVE('',#3391,#3342,#3393,.T.);
#3391 = VERTEX_POINT('',#3392);
#3392 = CARTESIAN_POINT('',(19.,116.75,2.));
#3393 = LINE('',#3394,#3395);
#3394 = CARTESIAN_POINT('',(9.129940386952,116.75,2.));
#3395 = VECTOR('',#3396,1.);
#3396 = DIRECTION('',(-1.,0.,0.));
#3397 = ORIENTED_EDGE('',*,*,#3350,.T.);
#3398 = ORIENTED_EDGE('',*,*,#1130,.T.);
#3399 = ORIENTED_EDGE('',*,*,#3400,.F.);
#3400 = EDGE_CURVE('',#3391,#1131,#3401,.T.);
#3401 = LINE('',#3402,#3403);
#3402 = CARTESIAN_POINT('',(19.,116.75,0.));
#3403 = VECTOR('',#3404,1.);
#3404 = DIRECTION('',(0.,0.,1.));
#3405 = PLANE('',#3406);
#3406 = AXIS2_PLACEMENT_3D('',#3407,#3408,#3409);
#3407 = CARTESIAN_POINT('',(18.259880773904,116.75,0.));
#3408 = DIRECTION('',(0.,1.,0.));
#3409 = DIRECTION('',(1.,0.,0.));
#3410 = ADVANCED_FACE('',(#3411),#3429,.T.);
#3411 = FACE_BOUND('',#3412,.T.);
#3412 = EDGE_LOOP('',(#3413,#3421,#3422,#3423));
#3413 = ORIENTED_EDGE('',*,*,#3414,.T.);
#3414 = EDGE_CURVE('',#3415,#3369,#3417,.T.);
#3415 = VERTEX_POINT('',#3416);
#3416 = CARTESIAN_POINT('',(-18.51210640756,103.55,2.));
#3417 = LINE('',#3418,#3419);
#3418 = CARTESIAN_POINT('',(-9.5,103.55,2.));
#3419 = VECTOR('',#3420,1.);
#3420 = DIRECTION('',(-1.,0.,0.));
#3421 = ORIENTED_EDGE('',*,*,#3376,.T.);
#3422 = ORIENTED_EDGE('',*,*,#2096,.T.);
#3423 = ORIENTED_EDGE('',*,*,#3424,.F.);
#3424 = EDGE_CURVE('',#3415,#2088,#3425,.T.);
#3425 = LINE('',#3426,#3427);
#3426 = CARTESIAN_POINT('',(-18.51210640756,103.55,0.));
#3427 = VECTOR('',#3428,1.);
#3428 = DIRECTION('',(0.,0.,1.));
#3429 = PLANE('',#3430);
#3430 = AXIS2_PLACEMENT_3D('',#3431,#3432,#3433);
#3431 = CARTESIAN_POINT('',(-19.,103.55,0.));
#3432 = DIRECTION('',(0.,1.,0.));
#3433 = DIRECTION('',(1.,0.,0.));
#3434 = ADVANCED_FACE('',(#3435),#3453,.F.);
#3435 = FACE_BOUND('',#3436,.F.);
#3436 = EDGE_LOOP('',(#3437,#3438,#3446,#3452));
#3437 = ORIENTED_EDGE('',*,*,#1138,.F.);
#3438 = ORIENTED_EDGE('',*,*,#3439,.F.);
#3439 = EDGE_CURVE('',#3440,#1139,#3442,.T.);
#3440 = VERTEX_POINT('',#3441);
#3441 = CARTESIAN_POINT('',(19.,110.75,2.));
#3442 = LINE('',#3443,#3444);
#3443 = CARTESIAN_POINT('',(19.,110.75,0.));
#3444 = VECTOR('',#3445,1.);
#3445 = DIRECTION('',(0.,0.,1.));
#3446 = ORIENTED_EDGE('',*,*,#3447,.T.);
#3447 = EDGE_CURVE('',#3440,#3391,#3448,.T.);
#3448 = LINE('',#3449,#3450);
#3449 = CARTESIAN_POINT('',(19.,2.,2.));
#3450 = VECTOR('',#3451,1.);
#3451 = DIRECTION('',(0.,1.,0.));
#3452 = ORIENTED_EDGE('',*,*,#3400,.T.);
#3453 = PLANE('',#3454);
#3454 = AXIS2_PLACEMENT_3D('',#3455,#3456,#3457);
#3455 = CARTESIAN_POINT('',(19.,2.,273.18773050779));
#3456 = DIRECTION('',(1.,0.,0.));
#3457 = DIRECTION('',(0.,1.,0.));
#3458 = ADVANCED_FACE('',(#3459),#3478,.F.);
#3459 = FACE_BOUND('',#3460,.T.);
#3460 = EDGE_LOOP('',(#3461,#3470,#3471,#3472));
#3461 = ORIENTED_EDGE('',*,*,#3462,.T.);
#3462 = EDGE_CURVE('',#3463,#3415,#3465,.T.);
#3463 = VERTEX_POINT('',#3464);
#3464 = CARTESIAN_POINT('',(-15.55,100.58789359243,2.));
#3465 = CIRCLE('',#3466,5.35);
#3466 = AXIS2_PLACEMENT_3D('',#3467,#3468,#3469);
#3467 = CARTESIAN_POINT('',(-13.55,105.55,2.));
#3468 = DIRECTION('',(0.,0.,-1.));
#3469 = DIRECTION('',(1.,0.,0.));
#3470 = ORIENTED_EDGE('',*,*,#3424,.T.);
#3471 = ORIENTED_EDGE('',*,*,#2087,.F.);
#3472 = ORIENTED_EDGE('',*,*,#3473,.F.);
#3473 = EDGE_CURVE('',#3463,#2080,#3474,.T.);
#3474 = LINE('',#3475,#3476);
#3475 = CARTESIAN_POINT('',(-15.55,100.58789359243,0.));
#3476 = VECTOR('',#3477,1.);
#3477 = DIRECTION('',(0.,0.,1.));
#3478 = CYLINDRICAL_SURFACE('',#3479,5.35);
#3479 = AXIS2_PLACEMENT_3D('',#3480,#3481,#3482);
#3480 = CARTESIAN_POINT('',(-13.55,105.55,0.));
#3481 = DIRECTION('',(-0.,-0.,-1.));
#3482 = DIRECTION('',(1.,0.,0.));
#3483 = ADVANCED_FACE('',(#3484),#3502,.T.);
#3484 = FACE_BOUND('',#3485,.T.);
#3485 = EDGE_LOOP('',(#3486,#3494,#3500,#3501));
#3486 = ORIENTED_EDGE('',*,*,#3487,.T.);
#3487 = EDGE_CURVE('',#3440,#3488,#3490,.T.);
#3488 = VERTEX_POINT('',#3489);
#3489 = CARTESIAN_POINT('',(18.259880773904,110.75,2.));
#3490 = LINE('',#3491,#3492);
#3491 = CARTESIAN_POINT('',(9.129940386952,110.75,2.));
#3492 = VECTOR('',#3493,1.);
#3493 = DIRECTION('',(-1.,0.,0.));
#3494 = ORIENTED_EDGE('',*,*,#3495,.T.);
#3495 = EDGE_CURVE('',#3488,#1147,#3496,.T.);
#3496 = LINE('',#3497,#3498);
#3497 = CARTESIAN_POINT('',(18.259880773904,110.75,0.));
#3498 = VECTOR('',#3499,1.);
#3499 = DIRECTION('',(0.,0.,1.));
#3500 = ORIENTED_EDGE('',*,*,#1146,.T.);
#3501 = ORIENTED_EDGE('',*,*,#3439,.F.);
#3502 = PLANE('',#3503);
#3503 = AXIS2_PLACEMENT_3D('',#3504,#3505,#3506);
#3504 = CARTESIAN_POINT('',(18.259880773904,110.75,0.));
#3505 = DIRECTION('',(0.,1.,0.));
#3506 = DIRECTION('',(1.,0.,0.));
#3507 = ADVANCED_FACE('',(#3508),#3526,.F.);
#3508 = FACE_BOUND('',#3509,.F.);
#3509 = EDGE_LOOP('',(#3510,#3518,#3524,#3525));
#3510 = ORIENTED_EDGE('',*,*,#3511,.T.);
#3511 = EDGE_CURVE('',#3463,#3512,#3514,.T.);
#3512 = VERTEX_POINT('',#3513);
#3513 = CARTESIAN_POINT('',(-15.55,99.612106407565,2.));
#3514 = LINE('',#3515,#3516);
#3515 = CARTESIAN_POINT('',(-15.55,81.306053203783,2.));
#3516 = VECTOR('',#3517,1.);
#3517 = DIRECTION('',(0.,-1.,0.));
#3518 = ORIENTED_EDGE('',*,*,#3519,.T.);
#3519 = EDGE_CURVE('',#3512,#2071,#3520,.T.);
#3520 = LINE('',#3521,#3522);
#3521 = CARTESIAN_POINT('',(-15.55,99.612106407565,0.));
#3522 = VECTOR('',#3523,1.);
#3523 = DIRECTION('',(0.,0.,1.));
#3524 = ORIENTED_EDGE('',*,*,#2079,.T.);
#3525 = ORIENTED_EDGE('',*,*,#3473,.F.);
#3526 = PLANE('',#3527);
#3527 = AXIS2_PLACEMENT_3D('',#3528,#3529,#3530);
#3528 = CARTESIAN_POINT('',(-15.55,99.612106407565,0.));
#3529 = DIRECTION('',(-1.,0.,0.));
#3530 = DIRECTION('',(0.,1.,0.));
#3531 = ADVANCED_FACE('',(#3532),#3551,.F.);
#3532 = FACE_BOUND('',#3533,.T.);
#3533 = EDGE_LOOP('',(#3534,#3543,#3549,#3550));
#3534 = ORIENTED_EDGE('',*,*,#3535,.T.);
#3535 = EDGE_CURVE('',#3488,#3536,#3538,.T.);
#3536 = VERTEX_POINT('',#3537);
#3537 = CARTESIAN_POINT('',(14.55,107.04011922609,2.));
#3538 = CIRCLE('',#3539,7.35);
#3539 = AXIS2_PLACEMENT_3D('',#3540,#3541,#3542);
#3540 = CARTESIAN_POINT('',(11.55,113.75,2.));
#3541 = DIRECTION('',(0.,0.,-1.));
#3542 = DIRECTION('',(1.,0.,0.));
#3543 = ORIENTED_EDGE('',*,*,#3544,.T.);
#3544 = EDGE_CURVE('',#3536,#1155,#3545,.T.);
#3545 = LINE('',#3546,#3547);
#3546 = CARTESIAN_POINT('',(14.55,107.04011922609,0.));
#3547 = VECTOR('',#3548,1.);
#3548 = DIRECTION('',(0.,0.,1.));
#3549 = ORIENTED_EDGE('',*,*,#1154,.F.);
#3550 = ORIENTED_EDGE('',*,*,#3495,.F.);
#3551 = CYLINDRICAL_SURFACE('',#3552,7.35);
#3552 = AXIS2_PLACEMENT_3D('',#3553,#3554,#3555);
#3553 = CARTESIAN_POINT('',(11.55,113.75,0.));
#3554 = DIRECTION('',(-0.,-0.,-1.));
#3555 = DIRECTION('',(1.,0.,0.));
#3556 = ADVANCED_FACE('',(#3557),#3576,.F.);
#3557 = FACE_BOUND('',#3558,.T.);
#3558 = EDGE_LOOP('',(#3559,#3568,#3569,#3570));
#3559 = ORIENTED_EDGE('',*,*,#3560,.T.);
#3560 = EDGE_CURVE('',#3561,#3512,#3563,.T.);
#3561 = VERTEX_POINT('',#3562);
#3562 = CARTESIAN_POINT('',(-18.51210640756,96.65,2.));
#3563 = CIRCLE('',#3564,5.35);
#3564 = AXIS2_PLACEMENT_3D('',#3565,#3566,#3567);
#3565 = CARTESIAN_POINT('',(-13.55,94.65,2.));
#3566 = DIRECTION('',(0.,0.,-1.));
#3567 = DIRECTION('',(1.,0.,0.));
#3568 = ORIENTED_EDGE('',*,*,#3519,.T.);
#3569 = ORIENTED_EDGE('',*,*,#2070,.F.);
#3570 = ORIENTED_EDGE('',*,*,#3571,.F.);
#3571 = EDGE_CURVE('',#3561,#2063,#3572,.T.);
#3572 = LINE('',#3573,#3574);
#3573 = CARTESIAN_POINT('',(-18.51210640756,96.65,0.));
#3574 = VECTOR('',#3575,1.);
#3575 = DIRECTION('',(0.,0.,1.));
#3576 = CYLINDRICAL_SURFACE('',#3577,5.35);
#3577 = AXIS2_PLACEMENT_3D('',#3578,#3579,#3580);
#3578 = CARTESIAN_POINT('',(-13.55,94.65,0.));
#3579 = DIRECTION('',(-0.,-0.,-1.));
#3580 = DIRECTION('',(1.,0.,0.));
#3581 = ADVANCED_FACE('',(#3582),#3600,.F.);
#3582 = FACE_BOUND('',#3583,.F.);
#3583 = EDGE_LOOP('',(#3584,#3592,#3593,#3594));
#3584 = ORIENTED_EDGE('',*,*,#3585,.T.);
#3585 = EDGE_CURVE('',#3586,#3536,#3588,.T.);
#3586 = VERTEX_POINT('',#3587);
#3587 = CARTESIAN_POINT('',(14.55,105.5598807739,2.));
#3588 = LINE('',#3589,#3590);
#3589 = CARTESIAN_POINT('',(14.55,85.020059613048,2.));
#3590 = VECTOR('',#3591,1.);
#3591 = DIRECTION('',(0.,1.,0.));
#3592 = ORIENTED_EDGE('',*,*,#3544,.T.);
#3593 = ORIENTED_EDGE('',*,*,#1163,.T.);
#3594 = ORIENTED_EDGE('',*,*,#3595,.F.);
#3595 = EDGE_CURVE('',#3586,#1164,#3596,.T.);
#3596 = LINE('',#3597,#3598);
#3597 = CARTESIAN_POINT('',(14.55,105.5598807739,0.));
#3598 = VECTOR('',#3599,1.);
#3599 = DIRECTION('',(0.,0.,1.));
#3600 = PLANE('',#3601);
#3601 = AXIS2_PLACEMENT_3D('',#3602,#3603,#3604);
#3602 = CARTESIAN_POINT('',(14.55,107.04011922609,0.));
#3603 = DIRECTION('',(1.,0.,0.));
#3604 = DIRECTION('',(0.,-1.,0.));
#3605 = ADVANCED_FACE('',(#3606),#3624,.T.);
#3606 = FACE_BOUND('',#3607,.T.);
#3607 = EDGE_LOOP('',(#3608,#3616,#3617,#3618));
#3608 = ORIENTED_EDGE('',*,*,#3609,.T.);
#3609 = EDGE_CURVE('',#3610,#3561,#3612,.T.);
#3610 = VERTEX_POINT('',#3611);
#3611 = CARTESIAN_POINT('',(-19.,96.65,2.));
#3612 = LINE('',#3613,#3614);
#3613 = CARTESIAN_POINT('',(-9.256053203783,96.65,2.));
#3614 = VECTOR('',#3615,1.);
#3615 = DIRECTION('',(1.,0.,0.));
#3616 = ORIENTED_EDGE('',*,*,#3571,.T.);
#3617 = ORIENTED_EDGE('',*,*,#2062,.T.);
#3618 = ORIENTED_EDGE('',*,*,#3619,.F.);
#3619 = EDGE_CURVE('',#3610,#2055,#3620,.T.);
#3620 = LINE('',#3621,#3622);
#3621 = CARTESIAN_POINT('',(-19.,96.65,0.));
#3622 = VECTOR('',#3623,1.);
#3623 = DIRECTION('',(0.,0.,1.));
#3624 = PLANE('',#3625);
#3625 = AXIS2_PLACEMENT_3D('',#3626,#3627,#3628);
#3626 = CARTESIAN_POINT('',(-18.51210640756,96.65,0.));
#3627 = DIRECTION('',(0.,-1.,0.));
#3628 = DIRECTION('',(-1.,0.,0.));
#3629 = ADVANCED_FACE('',(#3630),#3649,.F.);
#3630 = FACE_BOUND('',#3631,.T.);
#3631 = EDGE_LOOP('',(#3632,#3641,#3647,#3648));
#3632 = ORIENTED_EDGE('',*,*,#3633,.T.);
#3633 = EDGE_CURVE('',#3586,#3634,#3636,.T.);
#3634 = VERTEX_POINT('',#3635);
#3635 = CARTESIAN_POINT('',(18.259880773904,101.85,2.));
#3636 = CIRCLE('',#3637,7.35);
#3637 = AXIS2_PLACEMENT_3D('',#3638,#3639,#3640);
#3638 = CARTESIAN_POINT('',(11.55,98.85,2.));
#3639 = DIRECTION('',(0.,0.,-1.));
#3640 = DIRECTION('',(1.,0.,0.));
#3641 = ORIENTED_EDGE('',*,*,#3642,.T.);
#3642 = EDGE_CURVE('',#3634,#1172,#3643,.T.);
#3643 = LINE('',#3644,#3645);
#3644 = CARTESIAN_POINT('',(18.259880773904,101.85,0.));
#3645 = VECTOR('',#3646,1.);
#3646 = DIRECTION('',(0.,0.,1.));
#3647 = ORIENTED_EDGE('',*,*,#1171,.F.);
#3648 = ORIENTED_EDGE('',*,*,#3595,.F.);
#3649 = CYLINDRICAL_SURFACE('',#3650,7.35);
#3650 = AXIS2_PLACEMENT_3D('',#3651,#3652,#3653);
#3651 = CARTESIAN_POINT('',(11.55,98.85,0.));
#3652 = DIRECTION('',(-0.,-0.,-1.));
#3653 = DIRECTION('',(1.,0.,0.));
#3654 = ADVANCED_FACE('',(#3655),#3673,.F.);
#3655 = FACE_BOUND('',#3656,.F.);
#3656 = EDGE_LOOP('',(#3657,#3658,#3659,#3667));
#3657 = ORIENTED_EDGE('',*,*,#2054,.F.);
#3658 = ORIENTED_EDGE('',*,*,#3619,.F.);
#3659 = ORIENTED_EDGE('',*,*,#3660,.T.);
#3660 = EDGE_CURVE('',#3610,#3661,#3663,.T.);
#3661 = VERTEX_POINT('',#3662);
#3662 = CARTESIAN_POINT('',(-19.,92.65,2.));
#3663 = LINE('',#3664,#3665);
#3664 = CARTESIAN_POINT('',(-19.,124.,2.));
#3665 = VECTOR('',#3666,1.);
#3666 = DIRECTION('',(0.,-1.,0.));
#3667 = ORIENTED_EDGE('',*,*,#3668,.T.);
#3668 = EDGE_CURVE('',#3661,#2047,#3669,.T.);
#3669 = LINE('',#3670,#3671);
#3670 = CARTESIAN_POINT('',(-19.,92.65,0.));
#3671 = VECTOR('',#3672,1.);
#3672 = DIRECTION('',(0.,0.,1.));
#3673 = PLANE('',#3674);
#3674 = AXIS2_PLACEMENT_3D('',#3675,#3676,#3677);
#3675 = CARTESIAN_POINT('',(-19.,124.,273.18773050779));
#3676 = DIRECTION('',(-1.,0.,0.));
#3677 = DIRECTION('',(0.,-1.,0.));
#3678 = ADVANCED_FACE('',(#3679),#3697,.T.);
#3679 = FACE_BOUND('',#3680,.T.);
#3680 = EDGE_LOOP('',(#3681,#3689,#3695,#3696));
#3681 = ORIENTED_EDGE('',*,*,#3682,.T.);
#3682 = EDGE_CURVE('',#3634,#3683,#3685,.T.);
#3683 = VERTEX_POINT('',#3684);
#3684 = CARTESIAN_POINT('',(19.,101.85,2.));
#3685 = LINE('',#3686,#3687);
#3686 = CARTESIAN_POINT('',(9.5,101.85,2.));
#3687 = VECTOR('',#3688,1.);
#3688 = DIRECTION('',(1.,0.,0.));
#3689 = ORIENTED_EDGE('',*,*,#3690,.T.);
#3690 = EDGE_CURVE('',#3683,#1181,#3691,.T.);
#3691 = LINE('',#3692,#3693);
#3692 = CARTESIAN_POINT('',(19.,101.85,0.));
#3693 = VECTOR('',#3694,1.);
#3694 = DIRECTION('',(0.,0.,1.));
#3695 = ORIENTED_EDGE('',*,*,#1180,.T.);
#3696 = ORIENTED_EDGE('',*,*,#3642,.F.);
#3697 = PLANE('',#3698);
#3698 = AXIS2_PLACEMENT_3D('',#3699,#3700,#3701);
#3699 = CARTESIAN_POINT('',(19.,101.85,0.));
#3700 = DIRECTION('',(0.,-1.,0.));
#3701 = DIRECTION('',(-1.,0.,0.));
#3702 = ADVANCED_FACE('',(#3703),#3721,.T.);
#3703 = FACE_BOUND('',#3704,.T.);
#3704 = EDGE_LOOP('',(#3705,#3713,#3714,#3715));
#3705 = ORIENTED_EDGE('',*,*,#3706,.T.);
#3706 = EDGE_CURVE('',#3707,#3661,#3709,.T.);
#3707 = VERTEX_POINT('',#3708);
#3708 = CARTESIAN_POINT('',(-18.51210640756,92.65,2.));
#3709 = LINE('',#3710,#3711);
#3710 = CARTESIAN_POINT('',(-9.5,92.65,2.));
#3711 = VECTOR('',#3712,1.);
#3712 = DIRECTION('',(-1.,0.,0.));
#3713 = ORIENTED_EDGE('',*,*,#3668,.T.);
#3714 = ORIENTED_EDGE('',*,*,#2046,.T.);
#3715 = ORIENTED_EDGE('',*,*,#3716,.F.);
#3716 = EDGE_CURVE('',#3707,#2038,#3717,.T.);
#3717 = LINE('',#3718,#3719);
#3718 = CARTESIAN_POINT('',(-18.51210640756,92.65,0.));
#3719 = VECTOR('',#3720,1.);
#3720 = DIRECTION('',(0.,0.,1.));
#3721 = PLANE('',#3722);
#3722 = AXIS2_PLACEMENT_3D('',#3723,#3724,#3725);
#3723 = CARTESIAN_POINT('',(-19.,92.65,0.));
#3724 = DIRECTION('',(0.,1.,0.));
#3725 = DIRECTION('',(1.,0.,0.));
#3726 = ADVANCED_FACE('',(#3727),#3745,.F.);
#3727 = FACE_BOUND('',#3728,.F.);
#3728 = EDGE_LOOP('',(#3729,#3730,#3738,#3744));
#3729 = ORIENTED_EDGE('',*,*,#1188,.F.);
#3730 = ORIENTED_EDGE('',*,*,#3731,.F.);
#3731 = EDGE_CURVE('',#3732,#1189,#3734,.T.);
#3732 = VERTEX_POINT('',#3733);
#3733 = CARTESIAN_POINT('',(19.,95.85,2.));
#3734 = LINE('',#3735,#3736);
#3735 = CARTESIAN_POINT('',(19.,95.85,0.));
#3736 = VECTOR('',#3737,1.);
#3737 = DIRECTION('',(0.,0.,1.));
#3738 = ORIENTED_EDGE('',*,*,#3739,.T.);
#3739 = EDGE_CURVE('',#3732,#3683,#3740,.T.);
#3740 = LINE('',#3741,#3742);
#3741 = CARTESIAN_POINT('',(19.,2.,2.));
#3742 = VECTOR('',#3743,1.);
#3743 = DIRECTION('',(0.,1.,0.));
#3744 = ORIENTED_EDGE('',*,*,#3690,.T.);
#3745 = PLANE('',#3746);
#3746 = AXIS2_PLACEMENT_3D('',#3747,#3748,#3749);
#3747 = CARTESIAN_POINT('',(19.,2.,273.18773050779));
#3748 = DIRECTION('',(1.,0.,0.));
#3749 = DIRECTION('',(0.,1.,0.));
#3750 = ADVANCED_FACE('',(#3751),#3770,.F.);
#3751 = FACE_BOUND('',#3752,.T.);
#3752 = EDGE_LOOP('',(#3753,#3762,#3763,#3764));
#3753 = ORIENTED_EDGE('',*,*,#3754,.T.);
#3754 = EDGE_CURVE('',#3755,#3707,#3757,.T.);
#3755 = VERTEX_POINT('',#3756);
#3756 = CARTESIAN_POINT('',(-15.55,89.687893592435,2.));
#3757 = CIRCLE('',#3758,5.35);
#3758 = AXIS2_PLACEMENT_3D('',#3759,#3760,#3761);
#3759 = CARTESIAN_POINT('',(-13.55,94.65,2.));
#3760 = DIRECTION('',(0.,0.,-1.));
#3761 = DIRECTION('',(1.,0.,0.));
#3762 = ORIENTED_EDGE('',*,*,#3716,.T.);
#3763 = ORIENTED_EDGE('',*,*,#2037,.F.);
#3764 = ORIENTED_EDGE('',*,*,#3765,.F.);
#3765 = EDGE_CURVE('',#3755,#2030,#3766,.T.);
#3766 = LINE('',#3767,#3768);
#3767 = CARTESIAN_POINT('',(-15.55,89.687893592435,0.));
#3768 = VECTOR('',#3769,1.);
#3769 = DIRECTION('',(0.,0.,1.));
#3770 = CYLINDRICAL_SURFACE('',#3771,5.35);
#3771 = AXIS2_PLACEMENT_3D('',#3772,#3773,#3774);
#3772 = CARTESIAN_POINT('',(-13.55,94.65,0.));
#3773 = DIRECTION('',(-0.,-0.,-1.));
#3774 = DIRECTION('',(1.,0.,0.));
#3775 = ADVANCED_FACE('',(#3776),#3794,.T.);
#3776 = FACE_BOUND('',#3777,.T.);
#3777 = EDGE_LOOP('',(#3778,#3786,#3792,#3793));
#3778 = ORIENTED_EDGE('',*,*,#3779,.T.);
#3779 = EDGE_CURVE('',#3732,#3780,#3782,.T.);
#3780 = VERTEX_POINT('',#3781);
#3781 = CARTESIAN_POINT('',(18.259880773904,95.85,2.));
#3782 = LINE('',#3783,#3784);
#3783 = CARTESIAN_POINT('',(9.129940386952,95.85,2.));
#3784 = VECTOR('',#3785,1.);
#3785 = DIRECTION('',(-1.,0.,0.));
#3786 = ORIENTED_EDGE('',*,*,#3787,.T.);
#3787 = EDGE_CURVE('',#3780,#1197,#3788,.T.);
#3788 = LINE('',#3789,#3790);
#3789 = CARTESIAN_POINT('',(18.259880773904,95.85,0.));
#3790 = VECTOR('',#3791,1.);
#3791 = DIRECTION('',(0.,0.,1.));
#3792 = ORIENTED_EDGE('',*,*,#1196,.T.);
#3793 = ORIENTED_EDGE('',*,*,#3731,.F.);
#3794 = PLANE('',#3795);
#3795 = AXIS2_PLACEMENT_3D('',#3796,#3797,#3798);
#3796 = CARTESIAN_POINT('',(18.259880773904,95.85,0.));
#3797 = DIRECTION('',(0.,1.,0.));
#3798 = DIRECTION('',(1.,0.,0.));
#3799 = ADVANCED_FACE('',(#3800),#3818,.F.);
#3800 = FACE_BOUND('',#3801,.F.);
#3801 = EDGE_LOOP('',(#3802,#3810,#3816,#3817));
#3802 = ORIENTED_EDGE('',*,*,#3803,.T.);
#3803 = EDGE_CURVE('',#3755,#3804,#3806,.T.);
#3804 = VERTEX_POINT('',#3805);
#3805 = CARTESIAN_POINT('',(-15.55,88.712106407565,2.));
#3806 = LINE('',#3807,#3808);
#3807 = CARTESIAN_POINT('',(-15.55,75.856053203783,2.));
#3808 = VECTOR('',#3809,1.);
#3809 = DIRECTION('',(0.,-1.,0.));
#3810 = ORIENTED_EDGE('',*,*,#3811,.T.);
#3811 = EDGE_CURVE('',#3804,#2021,#3812,.T.);
#3812 = LINE('',#3813,#3814);
#3813 = CARTESIAN_POINT('',(-15.55,88.712106407565,0.));
#3814 = VECTOR('',#3815,1.);
#3815 = DIRECTION('',(0.,0.,1.));
#3816 = ORIENTED_EDGE('',*,*,#2029,.T.);
#3817 = ORIENTED_EDGE('',*,*,#3765,.F.);
#3818 = PLANE('',#3819);
#3819 = AXIS2_PLACEMENT_3D('',#3820,#3821,#3822);
#3820 = CARTESIAN_POINT('',(-15.55,88.712106407565,0.));
#3821 = DIRECTION('',(-1.,0.,0.));
#3822 = DIRECTION('',(0.,1.,0.));
#3823 = ADVANCED_FACE('',(#3824),#3843,.F.);
#3824 = FACE_BOUND('',#3825,.T.);
#3825 = EDGE_LOOP('',(#3826,#3835,#3841,#3842));
#3826 = ORIENTED_EDGE('',*,*,#3827,.T.);
#3827 = EDGE_CURVE('',#3780,#3828,#3830,.T.);
#3828 = VERTEX_POINT('',#3829);
#3829 = CARTESIAN_POINT('',(14.55,92.140119226096,2.));
#3830 = CIRCLE('',#3831,7.35);
#3831 = AXIS2_PLACEMENT_3D('',#3832,#3833,#3834);
#3832 = CARTESIAN_POINT('',(11.55,98.85,2.));
#3833 = DIRECTION('',(0.,0.,-1.));
#3834 = DIRECTION('',(1.,0.,0.));
#3835 = ORIENTED_EDGE('',*,*,#3836,.T.);
#3836 = EDGE_CURVE('',#3828,#1205,#3837,.T.);
#3837 = LINE('',#3838,#3839);
#3838 = CARTESIAN_POINT('',(14.55,92.140119226096,0.));
#3839 = VECTOR('',#3840,1.);
#3840 = DIRECTION('',(0.,0.,1.));
#3841 = ORIENTED_EDGE('',*,*,#1204,.F.);
#3842 = ORIENTED_EDGE('',*,*,#3787,.F.);
#3843 = CYLINDRICAL_SURFACE('',#3844,7.35);
#3844 = AXIS2_PLACEMENT_3D('',#3845,#3846,#3847);
#3845 = CARTESIAN_POINT('',(11.55,98.85,0.));
#3846 = DIRECTION('',(-0.,-0.,-1.));
#3847 = DIRECTION('',(1.,0.,0.));
#3848 = ADVANCED_FACE('',(#3849),#3868,.F.);
#3849 = FACE_BOUND('',#3850,.T.);
#3850 = EDGE_LOOP('',(#3851,#3860,#3861,#3862));
#3851 = ORIENTED_EDGE('',*,*,#3852,.T.);
#3852 = EDGE_CURVE('',#3853,#3804,#3855,.T.);
#3853 = VERTEX_POINT('',#3854);
#3854 = CARTESIAN_POINT('',(-18.51210640756,85.75,2.));
#3855 = CIRCLE('',#3856,5.35);
#3856 = AXIS2_PLACEMENT_3D('',#3857,#3858,#3859);
#3857 = CARTESIAN_POINT('',(-13.55,83.75,2.));
#3858 = DIRECTION('',(0.,0.,-1.));
#3859 = DIRECTION('',(1.,0.,0.));
#3860 = ORIENTED_EDGE('',*,*,#3811,.T.);
#3861 = ORIENTED_EDGE('',*,*,#2020,.F.);
#3862 = ORIENTED_EDGE('',*,*,#3863,.F.);
#3863 = EDGE_CURVE('',#3853,#2013,#3864,.T.);
#3864 = LINE('',#3865,#3866);
#3865 = CARTESIAN_POINT('',(-18.51210640756,85.75,0.));
#3866 = VECTOR('',#3867,1.);
#3867 = DIRECTION('',(0.,0.,1.));
#3868 = CYLINDRICAL_SURFACE('',#3869,5.35);
#3869 = AXIS2_PLACEMENT_3D('',#3870,#3871,#3872);
#3870 = CARTESIAN_POINT('',(-13.55,83.75,0.));
#3871 = DIRECTION('',(-0.,-0.,-1.));
#3872 = DIRECTION('',(1.,0.,0.));
#3873 = ADVANCED_FACE('',(#3874),#3892,.F.);
#3874 = FACE_BOUND('',#3875,.F.);
#3875 = EDGE_LOOP('',(#3876,#3884,#3885,#3886));
#3876 = ORIENTED_EDGE('',*,*,#3877,.T.);
#3877 = EDGE_CURVE('',#3878,#3828,#3880,.T.);
#3878 = VERTEX_POINT('',#3879);
#3879 = CARTESIAN_POINT('',(14.55,90.659880773903,2.));
#3880 = LINE('',#3881,#3882);
#3881 = CARTESIAN_POINT('',(14.55,77.570059613048,2.));
#3882 = VECTOR('',#3883,1.);
#3883 = DIRECTION('',(0.,1.,0.));
#3884 = ORIENTED_EDGE('',*,*,#3836,.T.);
#3885 = ORIENTED_EDGE('',*,*,#1213,.T.);
#3886 = ORIENTED_EDGE('',*,*,#3887,.F.);
#3887 = EDGE_CURVE('',#3878,#1214,#3888,.T.);
#3888 = LINE('',#3889,#3890);
#3889 = CARTESIAN_POINT('',(14.55,90.659880773903,0.));
#3890 = VECTOR('',#3891,1.);
#3891 = DIRECTION('',(0.,0.,1.));
#3892 = PLANE('',#3893);
#3893 = AXIS2_PLACEMENT_3D('',#3894,#3895,#3896);
#3894 = CARTESIAN_POINT('',(14.55,92.140119226096,0.));
#3895 = DIRECTION('',(1.,0.,0.));
#3896 = DIRECTION('',(0.,-1.,0.));
#3897 = ADVANCED_FACE('',(#3898),#3916,.T.);
#3898 = FACE_BOUND('',#3899,.T.);
#3899 = EDGE_LOOP('',(#3900,#3908,#3909,#3910));
#3900 = ORIENTED_EDGE('',*,*,#3901,.T.);
#3901 = EDGE_CURVE('',#3902,#3853,#3904,.T.);
#3902 = VERTEX_POINT('',#3903);
#3903 = CARTESIAN_POINT('',(-19.,85.75,2.));
#3904 = LINE('',#3905,#3906);
#3905 = CARTESIAN_POINT('',(-9.256053203783,85.75,2.));
#3906 = VECTOR('',#3907,1.);
#3907 = DIRECTION('',(1.,0.,0.));
#3908 = ORIENTED_EDGE('',*,*,#3863,.T.);
#3909 = ORIENTED_EDGE('',*,*,#2012,.T.);
#3910 = ORIENTED_EDGE('',*,*,#3911,.F.);
#3911 = EDGE_CURVE('',#3902,#2005,#3912,.T.);
#3912 = LINE('',#3913,#3914);
#3913 = CARTESIAN_POINT('',(-19.,85.75,0.));
#3914 = VECTOR('',#3915,1.);
#3915 = DIRECTION('',(0.,0.,1.));
#3916 = PLANE('',#3917);
#3917 = AXIS2_PLACEMENT_3D('',#3918,#3919,#3920);
#3918 = CARTESIAN_POINT('',(-18.51210640756,85.75,0.));
#3919 = DIRECTION('',(0.,-1.,0.));
#3920 = DIRECTION('',(-1.,0.,0.));
#3921 = ADVANCED_FACE('',(#3922),#3941,.F.);
#3922 = FACE_BOUND('',#3923,.T.);
#3923 = EDGE_LOOP('',(#3924,#3933,#3939,#3940));
#3924 = ORIENTED_EDGE('',*,*,#3925,.T.);
#3925 = EDGE_CURVE('',#3878,#3926,#3928,.T.);
#3926 = VERTEX_POINT('',#3927);
#3927 = CARTESIAN_POINT('',(18.259880773904,86.95,2.));
#3928 = CIRCLE('',#3929,7.35);
#3929 = AXIS2_PLACEMENT_3D('',#3930,#3931,#3932);
#3930 = CARTESIAN_POINT('',(11.55,83.95,2.));
#3931 = DIRECTION('',(0.,0.,-1.));
#3932 = DIRECTION('',(1.,0.,0.));
#3933 = ORIENTED_EDGE('',*,*,#3934,.T.);
#3934 = EDGE_CURVE('',#3926,#1222,#3935,.T.);
#3935 = LINE('',#3936,#3937);
#3936 = CARTESIAN_POINT('',(18.259880773904,86.95,0.));
#3937 = VECTOR('',#3938,1.);
#3938 = DIRECTION('',(0.,0.,1.));
#3939 = ORIENTED_EDGE('',*,*,#1221,.F.);
#3940 = ORIENTED_EDGE('',*,*,#3887,.F.);
#3941 = CYLINDRICAL_SURFACE('',#3942,7.35);
#3942 = AXIS2_PLACEMENT_3D('',#3943,#3944,#3945);
#3943 = CARTESIAN_POINT('',(11.55,83.95,0.));
#3944 = DIRECTION('',(-0.,-0.,-1.));
#3945 = DIRECTION('',(1.,0.,0.));
#3946 = ADVANCED_FACE('',(#3947),#3965,.F.);
#3947 = FACE_BOUND('',#3948,.F.);
#3948 = EDGE_LOOP('',(#3949,#3950,#3951,#3959));
#3949 = ORIENTED_EDGE('',*,*,#2004,.F.);
#3950 = ORIENTED_EDGE('',*,*,#3911,.F.);
#3951 = ORIENTED_EDGE('',*,*,#3952,.T.);
#3952 = EDGE_CURVE('',#3902,#3953,#3955,.T.);
#3953 = VERTEX_POINT('',#3954);
#3954 = CARTESIAN_POINT('',(-19.,81.75,2.));
#3955 = LINE('',#3956,#3957);
#3956 = CARTESIAN_POINT('',(-19.,124.,2.));
#3957 = VECTOR('',#3958,1.);
#3958 = DIRECTION('',(0.,-1.,0.));
#3959 = ORIENTED_EDGE('',*,*,#3960,.T.);
#3960 = EDGE_CURVE('',#3953,#1997,#3961,.T.);
#3961 = LINE('',#3962,#3963);
#3962 = CARTESIAN_POINT('',(-19.,81.75,0.));
#3963 = VECTOR('',#3964,1.);
#3964 = DIRECTION('',(0.,0.,1.));
#3965 = PLANE('',#3966);
#3966 = AXIS2_PLACEMENT_3D('',#3967,#3968,#3969);
#3967 = CARTESIAN_POINT('',(-19.,124.,273.18773050779));
#3968 = DIRECTION('',(-1.,0.,0.));
#3969 = DIRECTION('',(0.,-1.,0.));
#3970 = ADVANCED_FACE('',(#3971),#3989,.T.);
#3971 = FACE_BOUND('',#3972,.T.);
#3972 = EDGE_LOOP('',(#3973,#3981,#3987,#3988));
#3973 = ORIENTED_EDGE('',*,*,#3974,.T.);
#3974 = EDGE_CURVE('',#3926,#3975,#3977,.T.);
#3975 = VERTEX_POINT('',#3976);
#3976 = CARTESIAN_POINT('',(19.,86.95,2.));
#3977 = LINE('',#3978,#3979);
#3978 = CARTESIAN_POINT('',(9.5,86.95,2.));
#3979 = VECTOR('',#3980,1.);
#3980 = DIRECTION('',(1.,0.,0.));
#3981 = ORIENTED_EDGE('',*,*,#3982,.T.);
#3982 = EDGE_CURVE('',#3975,#1231,#3983,.T.);
#3983 = LINE('',#3984,#3985);
#3984 = CARTESIAN_POINT('',(19.,86.95,0.));
#3985 = VECTOR('',#3986,1.);
#3986 = DIRECTION('',(0.,0.,1.));
#3987 = ORIENTED_EDGE('',*,*,#1230,.T.);
#3988 = ORIENTED_EDGE('',*,*,#3934,.F.);
#3989 = PLANE('',#3990);
#3990 = AXIS2_PLACEMENT_3D('',#3991,#3992,#3993);
#3991 = CARTESIAN_POINT('',(19.,86.95,0.));
#3992 = DIRECTION('',(0.,-1.,0.));
#3993 = DIRECTION('',(-1.,0.,0.));
#3994 = ADVANCED_FACE('',(#3995),#4013,.T.);
#3995 = FACE_BOUND('',#3996,.T.);
#3996 = EDGE_LOOP('',(#3997,#4005,#4006,#4007));
#3997 = ORIENTED_EDGE('',*,*,#3998,.T.);
#3998 = EDGE_CURVE('',#3999,#3953,#4001,.T.);
#3999 = VERTEX_POINT('',#4000);
#4000 = CARTESIAN_POINT('',(-18.51210640756,81.75,2.));
#4001 = LINE('',#4002,#4003);
#4002 = CARTESIAN_POINT('',(-9.5,81.75,2.));
#4003 = VECTOR('',#4004,1.);
#4004 = DIRECTION('',(-1.,0.,0.));
#4005 = ORIENTED_EDGE('',*,*,#3960,.T.);
#4006 = ORIENTED_EDGE('',*,*,#1996,.T.);
#4007 = ORIENTED_EDGE('',*,*,#4008,.F.);
#4008 = EDGE_CURVE('',#3999,#1988,#4009,.T.);
#4009 = LINE('',#4010,#4011);
#4010 = CARTESIAN_POINT('',(-18.51210640756,81.75,0.));
#4011 = VECTOR('',#4012,1.);
#4012 = DIRECTION('',(0.,0.,1.));
#4013 = PLANE('',#4014);
#4014 = AXIS2_PLACEMENT_3D('',#4015,#4016,#4017);
#4015 = CARTESIAN_POINT('',(-19.,81.75,0.));
#4016 = DIRECTION('',(0.,1.,0.));
#4017 = DIRECTION('',(1.,0.,0.));
#4018 = ADVANCED_FACE('',(#4019),#4037,.F.);
#4019 = FACE_BOUND('',#4020,.F.);
#4020 = EDGE_LOOP('',(#4021,#4022,#4030,#4036));
#4021 = ORIENTED_EDGE('',*,*,#1238,.F.);
#4022 = ORIENTED_EDGE('',*,*,#4023,.F.);
#4023 = EDGE_CURVE('',#4024,#1239,#4026,.T.);
#4024 = VERTEX_POINT('',#4025);
#4025 = CARTESIAN_POINT('',(19.,80.95,2.));
#4026 = LINE('',#4027,#4028);
#4027 = CARTESIAN_POINT('',(19.,80.95,0.));
#4028 = VECTOR('',#4029,1.);
#4029 = DIRECTION('',(0.,0.,1.));
#4030 = ORIENTED_EDGE('',*,*,#4031,.T.);
#4031 = EDGE_CURVE('',#4024,#3975,#4032,.T.);
#4032 = LINE('',#4033,#4034);
#4033 = CARTESIAN_POINT('',(19.,2.,2.));
#4034 = VECTOR('',#4035,1.);
#4035 = DIRECTION('',(0.,1.,0.));
#4036 = ORIENTED_EDGE('',*,*,#3982,.T.);
#4037 = PLANE('',#4038);
#4038 = AXIS2_PLACEMENT_3D('',#4039,#4040,#4041);
#4039 = CARTESIAN_POINT('',(19.,2.,273.18773050779));
#4040 = DIRECTION('',(1.,0.,0.));
#4041 = DIRECTION('',(0.,1.,0.));
#4042 = ADVANCED_FACE('',(#4043),#4062,.F.);
#4043 = FACE_BOUND('',#4044,.T.);
#4044 = EDGE_LOOP('',(#4045,#4054,#4055,#4056));
#4045 = ORIENTED_EDGE('',*,*,#4046,.T.);
#4046 = EDGE_CURVE('',#4047,#3999,#4049,.T.);
#4047 = VERTEX_POINT('',#4048);
#4048 = CARTESIAN_POINT('',(-15.55,78.787893592435,2.));
#4049 = CIRCLE('',#4050,5.35);
#4050 = AXIS2_PLACEMENT_3D('',#4051,#4052,#4053);
#4051 = CARTESIAN_POINT('',(-13.55,83.75,2.));
#4052 = DIRECTION('',(0.,0.,-1.));
#4053 = DIRECTION('',(1.,0.,0.));
#4054 = ORIENTED_EDGE('',*,*,#4008,.T.);
#4055 = ORIENTED_EDGE('',*,*,#1987,.F.);
#4056 = ORIENTED_EDGE('',*,*,#4057,.F.);
#4057 = EDGE_CURVE('',#4047,#1980,#4058,.T.);
#4058 = LINE('',#4059,#4060);
#4059 = CARTESIAN_POINT('',(-15.55,78.787893592435,0.));
#4060 = VECTOR('',#4061,1.);
#4061 = DIRECTION('',(0.,0.,1.));
#4062 = CYLINDRICAL_SURFACE('',#4063,5.35);
#4063 = AXIS2_PLACEMENT_3D('',#4064,#4065,#4066);
#4064 = CARTESIAN_POINT('',(-13.55,83.75,0.));
#4065 = DIRECTION('',(-0.,-0.,-1.));
#4066 = DIRECTION('',(1.,0.,0.));
#4067 = ADVANCED_FACE('',(#4068),#4086,.T.);
#4068 = FACE_BOUND('',#4069,.T.);
#4069 = EDGE_LOOP('',(#4070,#4078,#4084,#4085));
#4070 = ORIENTED_EDGE('',*,*,#4071,.T.);
#4071 = EDGE_CURVE('',#4024,#4072,#4074,.T.);
#4072 = VERTEX_POINT('',#4073);
#4073 = CARTESIAN_POINT('',(18.259880773904,80.95,2.));
#4074 = LINE('',#4075,#4076);
#4075 = CARTESIAN_POINT('',(9.129940386952,80.95,2.));
#4076 = VECTOR('',#4077,1.);
#4077 = DIRECTION('',(-1.,0.,0.));
#4078 = ORIENTED_EDGE('',*,*,#4079,.T.);
#4079 = EDGE_CURVE('',#4072,#1247,#4080,.T.);
#4080 = LINE('',#4081,#4082);
#4081 = CARTESIAN_POINT('',(18.259880773904,80.95,0.));
#4082 = VECTOR('',#4083,1.);
#4083 = DIRECTION('',(0.,0.,1.));
#4084 = ORIENTED_EDGE('',*,*,#1246,.T.);
#4085 = ORIENTED_EDGE('',*,*,#4023,.F.);
#4086 = PLANE('',#4087);
#4087 = AXIS2_PLACEMENT_3D('',#4088,#4089,#4090);
#4088 = CARTESIAN_POINT('',(18.259880773904,80.95,0.));
#4089 = DIRECTION('',(0.,1.,0.));
#4090 = DIRECTION('',(1.,0.,0.));
#4091 = ADVANCED_FACE('',(#4092),#4110,.F.);
#4092 = FACE_BOUND('',#4093,.F.);
#4093 = EDGE_LOOP('',(#4094,#4102,#4108,#4109));
#4094 = ORIENTED_EDGE('',*,*,#4095,.T.);
#4095 = EDGE_CURVE('',#4047,#4096,#4098,.T.);
#4096 = VERTEX_POINT('',#4097);
#4097 = CARTESIAN_POINT('',(-15.55,77.812106407565,2.));
#4098 = LINE('',#4099,#4100);
#4099 = CARTESIAN_POINT('',(-15.55,70.406053203783,2.));
#4100 = VECTOR('',#4101,1.);
#4101 = DIRECTION('',(0.,-1.,0.));
#4102 = ORIENTED_EDGE('',*,*,#4103,.T.);
#4103 = EDGE_CURVE('',#4096,#1971,#4104,.T.);
#4104 = LINE('',#4105,#4106);
#4105 = CARTESIAN_POINT('',(-15.55,77.812106407565,0.));
#4106 = VECTOR('',#4107,1.);
#4107 = DIRECTION('',(0.,0.,1.));
#4108 = ORIENTED_EDGE('',*,*,#1979,.T.);
#4109 = ORIENTED_EDGE('',*,*,#4057,.F.);
#4110 = PLANE('',#4111);
#4111 = AXIS2_PLACEMENT_3D('',#4112,#4113,#4114);
#4112 = CARTESIAN_POINT('',(-15.55,77.812106407565,0.));
#4113 = DIRECTION('',(-1.,0.,0.));
#4114 = DIRECTION('',(0.,1.,0.));
#4115 = ADVANCED_FACE('',(#4116),#4135,.F.);
#4116 = FACE_BOUND('',#4117,.T.);
#4117 = EDGE_LOOP('',(#4118,#4127,#4133,#4134));
#4118 = ORIENTED_EDGE('',*,*,#4119,.T.);
#4119 = EDGE_CURVE('',#4072,#4120,#4122,.T.);
#4120 = VERTEX_POINT('',#4121);
#4121 = CARTESIAN_POINT('',(14.55,77.240119226096,2.));
#4122 = CIRCLE('',#4123,7.35);
#4123 = AXIS2_PLACEMENT_3D('',#4124,#4125,#4126);
#4124 = CARTESIAN_POINT('',(11.55,83.95,2.));
#4125 = DIRECTION('',(0.,0.,-1.));
#4126 = DIRECTION('',(1.,0.,0.));
#4127 = ORIENTED_EDGE('',*,*,#4128,.T.);
#4128 = EDGE_CURVE('',#4120,#1255,#4129,.T.);
#4129 = LINE('',#4130,#4131);
#4130 = CARTESIAN_POINT('',(14.55,77.240119226096,0.));
#4131 = VECTOR('',#4132,1.);
#4132 = DIRECTION('',(0.,0.,1.));
#4133 = ORIENTED_EDGE('',*,*,#1254,.F.);
#4134 = ORIENTED_EDGE('',*,*,#4079,.F.);
#4135 = CYLINDRICAL_SURFACE('',#4136,7.35);
#4136 = AXIS2_PLACEMENT_3D('',#4137,#4138,#4139);
#4137 = CARTESIAN_POINT('',(11.55,83.95,0.));
#4138 = DIRECTION('',(-0.,-0.,-1.));
#4139 = DIRECTION('',(1.,0.,0.));
#4140 = ADVANCED_FACE('',(#4141),#4160,.F.);
#4141 = FACE_BOUND('',#4142,.T.);
#4142 = EDGE_LOOP('',(#4143,#4152,#4153,#4154));
#4143 = ORIENTED_EDGE('',*,*,#4144,.T.);
#4144 = EDGE_CURVE('',#4145,#4096,#4147,.T.);
#4145 = VERTEX_POINT('',#4146);
#4146 = CARTESIAN_POINT('',(-18.51210640756,74.85,2.));
#4147 = CIRCLE('',#4148,5.35);
#4148 = AXIS2_PLACEMENT_3D('',#4149,#4150,#4151);
#4149 = CARTESIAN_POINT('',(-13.55,72.85,2.));
#4150 = DIRECTION('',(0.,0.,-1.));
#4151 = DIRECTION('',(1.,0.,0.));
#4152 = ORIENTED_EDGE('',*,*,#4103,.T.);
#4153 = ORIENTED_EDGE('',*,*,#1970,.F.);
#4154 = ORIENTED_EDGE('',*,*,#4155,.F.);
#4155 = EDGE_CURVE('',#4145,#1963,#4156,.T.);
#4156 = LINE('',#4157,#4158);
#4157 = CARTESIAN_POINT('',(-18.51210640756,74.85,0.));
#4158 = VECTOR('',#4159,1.);
#4159 = DIRECTION('',(0.,0.,1.));
#4160 = CYLINDRICAL_SURFACE('',#4161,5.35);
#4161 = AXIS2_PLACEMENT_3D('',#4162,#4163,#4164);
#4162 = CARTESIAN_POINT('',(-13.55,72.85,0.));
#4163 = DIRECTION('',(-0.,-0.,-1.));
#4164 = DIRECTION('',(1.,0.,0.));
#4165 = ADVANCED_FACE('',(#4166),#4184,.F.);
#4166 = FACE_BOUND('',#4167,.F.);
#4167 = EDGE_LOOP('',(#4168,#4176,#4177,#4178));
#4168 = ORIENTED_EDGE('',*,*,#4169,.T.);
#4169 = EDGE_CURVE('',#4170,#4120,#4172,.T.);
#4170 = VERTEX_POINT('',#4171);
#4171 = CARTESIAN_POINT('',(14.55,75.759880773904,2.));
#4172 = LINE('',#4173,#4174);
#4173 = CARTESIAN_POINT('',(14.55,70.120059613048,2.));
#4174 = VECTOR('',#4175,1.);
#4175 = DIRECTION('',(0.,1.,0.));
#4176 = ORIENTED_EDGE('',*,*,#4128,.T.);
#4177 = ORIENTED_EDGE('',*,*,#1263,.T.);
#4178 = ORIENTED_EDGE('',*,*,#4179,.F.);
#4179 = EDGE_CURVE('',#4170,#1264,#4180,.T.);
#4180 = LINE('',#4181,#4182);
#4181 = CARTESIAN_POINT('',(14.55,75.759880773904,0.));
#4182 = VECTOR('',#4183,1.);
#4183 = DIRECTION('',(0.,0.,1.));
#4184 = PLANE('',#4185);
#4185 = AXIS2_PLACEMENT_3D('',#4186,#4187,#4188);
#4186 = CARTESIAN_POINT('',(14.55,77.240119226096,0.));
#4187 = DIRECTION('',(1.,0.,0.));
#4188 = DIRECTION('',(0.,-1.,0.));
#4189 = ADVANCED_FACE('',(#4190),#4208,.T.);
#4190 = FACE_BOUND('',#4191,.T.);
#4191 = EDGE_LOOP('',(#4192,#4200,#4201,#4202));
#4192 = ORIENTED_EDGE('',*,*,#4193,.T.);
#4193 = EDGE_CURVE('',#4194,#4145,#4196,.T.);
#4194 = VERTEX_POINT('',#4195);
#4195 = CARTESIAN_POINT('',(-19.,74.85,2.));
#4196 = LINE('',#4197,#4198);
#4197 = CARTESIAN_POINT('',(-9.256053203783,74.85,2.));
#4198 = VECTOR('',#4199,1.);
#4199 = DIRECTION('',(1.,0.,0.));
#4200 = ORIENTED_EDGE('',*,*,#4155,.T.);
#4201 = ORIENTED_EDGE('',*,*,#1962,.T.);
#4202 = ORIENTED_EDGE('',*,*,#4203,.F.);
#4203 = EDGE_CURVE('',#4194,#1955,#4204,.T.);
#4204 = LINE('',#4205,#4206);
#4205 = CARTESIAN_POINT('',(-19.,74.85,0.));
#4206 = VECTOR('',#4207,1.);
#4207 = DIRECTION('',(0.,0.,1.));
#4208 = PLANE('',#4209);
#4209 = AXIS2_PLACEMENT_3D('',#4210,#4211,#4212);
#4210 = CARTESIAN_POINT('',(-18.51210640756,74.85,0.));
#4211 = DIRECTION('',(0.,-1.,0.));
#4212 = DIRECTION('',(-1.,0.,0.));
#4213 = ADVANCED_FACE('',(#4214),#4233,.F.);
#4214 = FACE_BOUND('',#4215,.T.);
#4215 = EDGE_LOOP('',(#4216,#4225,#4231,#4232));
#4216 = ORIENTED_EDGE('',*,*,#4217,.T.);
#4217 = EDGE_CURVE('',#4170,#4218,#4220,.T.);
#4218 = VERTEX_POINT('',#4219);
#4219 = CARTESIAN_POINT('',(18.259880773904,72.05,2.));
#4220 = CIRCLE('',#4221,7.35);
#4221 = AXIS2_PLACEMENT_3D('',#4222,#4223,#4224);
#4222 = CARTESIAN_POINT('',(11.55,69.05,2.));
#4223 = DIRECTION('',(0.,0.,-1.));
#4224 = DIRECTION('',(1.,0.,0.));
#4225 = ORIENTED_EDGE('',*,*,#4226,.T.);
#4226 = EDGE_CURVE('',#4218,#1272,#4227,.T.);
#4227 = LINE('',#4228,#4229);
#4228 = CARTESIAN_POINT('',(18.259880773904,72.05,0.));
#4229 = VECTOR('',#4230,1.);
#4230 = DIRECTION('',(0.,0.,1.));
#4231 = ORIENTED_EDGE('',*,*,#1271,.F.);
#4232 = ORIENTED_EDGE('',*,*,#4179,.F.);
#4233 = CYLINDRICAL_SURFACE('',#4234,7.35);
#4234 = AXIS2_PLACEMENT_3D('',#4235,#4236,#4237);
#4235 = CARTESIAN_POINT('',(11.55,69.05,0.));
#4236 = DIRECTION('',(-0.,-0.,-1.));
#4237 = DIRECTION('',(1.,0.,0.));
#4238 = ADVANCED_FACE('',(#4239),#4257,.F.);
#4239 = FACE_BOUND('',#4240,.F.);
#4240 = EDGE_LOOP('',(#4241,#4242,#4243,#4251));
#4241 = ORIENTED_EDGE('',*,*,#1954,.F.);
#4242 = ORIENTED_EDGE('',*,*,#4203,.F.);
#4243 = ORIENTED_EDGE('',*,*,#4244,.T.);
#4244 = EDGE_CURVE('',#4194,#4245,#4247,.T.);
#4245 = VERTEX_POINT('',#4246);
#4246 = CARTESIAN_POINT('',(-19.,70.85,2.));
#4247 = LINE('',#4248,#4249);
#4248 = CARTESIAN_POINT('',(-19.,124.,2.));
#4249 = VECTOR('',#4250,1.);
#4250 = DIRECTION('',(0.,-1.,0.));
#4251 = ORIENTED_EDGE('',*,*,#4252,.T.);
#4252 = EDGE_CURVE('',#4245,#1947,#4253,.T.);
#4253 = LINE('',#4254,#4255);
#4254 = CARTESIAN_POINT('',(-19.,70.85,0.));
#4255 = VECTOR('',#4256,1.);
#4256 = DIRECTION('',(0.,0.,1.));
#4257 = PLANE('',#4258);
#4258 = AXIS2_PLACEMENT_3D('',#4259,#4260,#4261);
#4259 = CARTESIAN_POINT('',(-19.,124.,273.18773050779));
#4260 = DIRECTION('',(-1.,0.,0.));
#4261 = DIRECTION('',(0.,-1.,0.));
#4262 = ADVANCED_FACE('',(#4263),#4281,.F.);
#4263 = FACE_BOUND('',#4264,.F.);
#4264 = EDGE_LOOP('',(#4265,#4273,#4274,#4275));
#4265 = ORIENTED_EDGE('',*,*,#4266,.T.);
#4266 = EDGE_CURVE('',#4267,#4218,#4269,.T.);
#4267 = VERTEX_POINT('',#4268);
#4268 = CARTESIAN_POINT('',(19.,72.05,2.));
#4269 = LINE('',#4270,#4271);
#4270 = CARTESIAN_POINT('',(9.129940386952,72.05,2.));
#4271 = VECTOR('',#4272,1.);
#4272 = DIRECTION('',(-1.,0.,0.));
#4273 = ORIENTED_EDGE('',*,*,#4226,.T.);
#4274 = ORIENTED_EDGE('',*,*,#1280,.T.);
#4275 = ORIENTED_EDGE('',*,*,#4276,.F.);
#4276 = EDGE_CURVE('',#4267,#1281,#4277,.T.);
#4277 = LINE('',#4278,#4279);
#4278 = CARTESIAN_POINT('',(19.,72.05,0.));
#4279 = VECTOR('',#4280,1.);
#4280 = DIRECTION('',(0.,0.,1.));
#4281 = PLANE('',#4282);
#4282 = AXIS2_PLACEMENT_3D('',#4283,#4284,#4285);
#4283 = CARTESIAN_POINT('',(18.259880773904,72.05,0.));
#4284 = DIRECTION('',(0.,1.,0.));
#4285 = DIRECTION('',(1.,0.,0.));
#4286 = ADVANCED_FACE('',(#4287),#4305,.F.);
#4287 = FACE_BOUND('',#4288,.F.);
#4288 = EDGE_LOOP('',(#4289,#4297,#4303,#4304));
#4289 = ORIENTED_EDGE('',*,*,#4290,.T.);
#4290 = EDGE_CURVE('',#4245,#4291,#4293,.T.);
#4291 = VERTEX_POINT('',#4292);
#4292 = CARTESIAN_POINT('',(-18.51210640756,70.85,2.));
#4293 = LINE('',#4294,#4295);
#4294 = CARTESIAN_POINT('',(-9.256053203783,70.85,2.));
#4295 = VECTOR('',#4296,1.);
#4296 = DIRECTION('',(1.,0.,0.));
#4297 = ORIENTED_EDGE('',*,*,#4298,.T.);
#4298 = EDGE_CURVE('',#4291,#1938,#4299,.T.);
#4299 = LINE('',#4300,#4301);
#4300 = CARTESIAN_POINT('',(-18.51210640756,70.85,0.));
#4301 = VECTOR('',#4302,1.);
#4302 = DIRECTION('',(0.,0.,1.));
#4303 = ORIENTED_EDGE('',*,*,#1946,.T.);
#4304 = ORIENTED_EDGE('',*,*,#4252,.F.);
#4305 = PLANE('',#4306);
#4306 = AXIS2_PLACEMENT_3D('',#4307,#4308,#4309);
#4307 = CARTESIAN_POINT('',(-18.51210640756,70.85,0.));
#4308 = DIRECTION('',(0.,-1.,0.));
#4309 = DIRECTION('',(-1.,0.,0.));
#4310 = ADVANCED_FACE('',(#4311),#4329,.F.);
#4311 = FACE_BOUND('',#4312,.F.);
#4312 = EDGE_LOOP('',(#4313,#4314,#4322,#4328));
#4313 = ORIENTED_EDGE('',*,*,#1288,.F.);
#4314 = ORIENTED_EDGE('',*,*,#4315,.F.);
#4315 = EDGE_CURVE('',#4316,#1289,#4318,.T.);
#4316 = VERTEX_POINT('',#4317);
#4317 = CARTESIAN_POINT('',(19.,66.05,2.));
#4318 = LINE('',#4319,#4320);
#4319 = CARTESIAN_POINT('',(19.,66.05,0.));
#4320 = VECTOR('',#4321,1.);
#4321 = DIRECTION('',(0.,0.,1.));
#4322 = ORIENTED_EDGE('',*,*,#4323,.T.);
#4323 = EDGE_CURVE('',#4316,#4267,#4324,.T.);
#4324 = LINE('',#4325,#4326);
#4325 = CARTESIAN_POINT('',(19.,2.,2.));
#4326 = VECTOR('',#4327,1.);
#4327 = DIRECTION('',(0.,1.,0.));
#4328 = ORIENTED_EDGE('',*,*,#4276,.T.);
#4329 = PLANE('',#4330);
#4330 = AXIS2_PLACEMENT_3D('',#4331,#4332,#4333);
#4331 = CARTESIAN_POINT('',(19.,2.,273.18773050779));
#4332 = DIRECTION('',(1.,0.,0.));
#4333 = DIRECTION('',(0.,1.,0.));
#4334 = ADVANCED_FACE('',(#4335),#4354,.F.);
#4335 = FACE_BOUND('',#4336,.T.);
#4336 = EDGE_LOOP('',(#4337,#4346,#4347,#4348));
#4337 = ORIENTED_EDGE('',*,*,#4338,.T.);
#4338 = EDGE_CURVE('',#4339,#4291,#4341,.T.);
#4339 = VERTEX_POINT('',#4340);
#4340 = CARTESIAN_POINT('',(-15.55,67.887893592435,2.));
#4341 = CIRCLE('',#4342,5.35);
#4342 = AXIS2_PLACEMENT_3D('',#4343,#4344,#4345);
#4343 = CARTESIAN_POINT('',(-13.55,72.85,2.));
#4344 = DIRECTION('',(0.,0.,-1.));
#4345 = DIRECTION('',(1.,0.,0.));
#4346 = ORIENTED_EDGE('',*,*,#4298,.T.);
#4347 = ORIENTED_EDGE('',*,*,#1937,.F.);
#4348 = ORIENTED_EDGE('',*,*,#4349,.F.);
#4349 = EDGE_CURVE('',#4339,#1930,#4350,.T.);
#4350 = LINE('',#4351,#4352);
#4351 = CARTESIAN_POINT('',(-15.55,67.887893592435,0.));
#4352 = VECTOR('',#4353,1.);
#4353 = DIRECTION('',(0.,0.,1.));
#4354 = CYLINDRICAL_SURFACE('',#4355,5.35);
#4355 = AXIS2_PLACEMENT_3D('',#4356,#4357,#4358);
#4356 = CARTESIAN_POINT('',(-13.55,72.85,0.));
#4357 = DIRECTION('',(-0.,-0.,-1.));
#4358 = DIRECTION('',(1.,0.,0.));
#4359 = ADVANCED_FACE('',(#4360),#4378,.F.);
#4360 = FACE_BOUND('',#4361,.F.);
#4361 = EDGE_LOOP('',(#4362,#4370,#4371,#4372));
#4362 = ORIENTED_EDGE('',*,*,#4363,.T.);
#4363 = EDGE_CURVE('',#4364,#4316,#4366,.T.);
#4364 = VERTEX_POINT('',#4365);
#4365 = CARTESIAN_POINT('',(18.259880773904,66.05,2.));
#4366 = LINE('',#4367,#4368);
#4367 = CARTESIAN_POINT('',(9.5,66.05,2.));
#4368 = VECTOR('',#4369,1.);
#4369 = DIRECTION('',(1.,0.,0.));
#4370 = ORIENTED_EDGE('',*,*,#4315,.T.);
#4371 = ORIENTED_EDGE('',*,*,#1296,.T.);
#4372 = ORIENTED_EDGE('',*,*,#4373,.F.);
#4373 = EDGE_CURVE('',#4364,#1297,#4374,.T.);
#4374 = LINE('',#4375,#4376);
#4375 = CARTESIAN_POINT('',(18.259880773904,66.05,0.));
#4376 = VECTOR('',#4377,1.);
#4377 = DIRECTION('',(0.,0.,1.));
#4378 = PLANE('',#4379);
#4379 = AXIS2_PLACEMENT_3D('',#4380,#4381,#4382);
#4380 = CARTESIAN_POINT('',(19.,66.05,0.));
#4381 = DIRECTION('',(0.,-1.,0.));
#4382 = DIRECTION('',(-1.,0.,0.));
#4383 = ADVANCED_FACE('',(#4384),#4402,.F.);
#4384 = FACE_BOUND('',#4385,.F.);
#4385 = EDGE_LOOP('',(#4386,#4394,#4400,#4401));
#4386 = ORIENTED_EDGE('',*,*,#4387,.T.);
#4387 = EDGE_CURVE('',#4339,#4388,#4390,.T.);
#4388 = VERTEX_POINT('',#4389);
#4389 = CARTESIAN_POINT('',(-15.55,66.912106407565,2.));
#4390 = LINE('',#4391,#4392);
#4391 = CARTESIAN_POINT('',(-15.55,64.956053203783,2.));
#4392 = VECTOR('',#4393,1.);
#4393 = DIRECTION('',(0.,-1.,0.));
#4394 = ORIENTED_EDGE('',*,*,#4395,.T.);
#4395 = EDGE_CURVE('',#4388,#1921,#4396,.T.);
#4396 = LINE('',#4397,#4398);
#4397 = CARTESIAN_POINT('',(-15.55,66.912106407565,0.));
#4398 = VECTOR('',#4399,1.);
#4399 = DIRECTION('',(0.,0.,1.));
#4400 = ORIENTED_EDGE('',*,*,#1929,.T.);
#4401 = ORIENTED_EDGE('',*,*,#4349,.F.);
#4402 = PLANE('',#4403);
#4403 = AXIS2_PLACEMENT_3D('',#4404,#4405,#4406);
#4404 = CARTESIAN_POINT('',(-15.55,66.912106407565,0.));
#4405 = DIRECTION('',(-1.,0.,0.));
#4406 = DIRECTION('',(0.,1.,0.));
#4407 = ADVANCED_FACE('',(#4408),#4427,.F.);
#4408 = FACE_BOUND('',#4409,.T.);
#4409 = EDGE_LOOP('',(#4410,#4419,#4425,#4426));
#4410 = ORIENTED_EDGE('',*,*,#4411,.T.);
#4411 = EDGE_CURVE('',#4364,#4412,#4414,.T.);
#4412 = VERTEX_POINT('',#4413);
#4413 = CARTESIAN_POINT('',(14.55,62.340119226096,2.));
#4414 = CIRCLE('',#4415,7.35);
#4415 = AXIS2_PLACEMENT_3D('',#4416,#4417,#4418);
#4416 = CARTESIAN_POINT('',(11.55,69.05,2.));
#4417 = DIRECTION('',(0.,0.,-1.));
#4418 = DIRECTION('',(1.,0.,0.));
#4419 = ORIENTED_EDGE('',*,*,#4420,.T.);
#4420 = EDGE_CURVE('',#4412,#1305,#4421,.T.);
#4421 = LINE('',#4422,#4423);
#4422 = CARTESIAN_POINT('',(14.55,62.340119226096,0.));
#4423 = VECTOR('',#4424,1.);
#4424 = DIRECTION('',(0.,0.,1.));
#4425 = ORIENTED_EDGE('',*,*,#1304,.F.);
#4426 = ORIENTED_EDGE('',*,*,#4373,.F.);
#4427 = CYLINDRICAL_SURFACE('',#4428,7.35);
#4428 = AXIS2_PLACEMENT_3D('',#4429,#4430,#4431);
#4429 = CARTESIAN_POINT('',(11.55,69.05,0.));
#4430 = DIRECTION('',(-0.,-0.,-1.));
#4431 = DIRECTION('',(1.,0.,0.));
#4432 = ADVANCED_FACE('',(#4433),#4452,.F.);
#4433 = FACE_BOUND('',#4434,.T.);
#4434 = EDGE_LOOP('',(#4435,#4444,#4445,#4446));
#4435 = ORIENTED_EDGE('',*,*,#4436,.T.);
#4436 = EDGE_CURVE('',#4437,#4388,#4439,.T.);
#4437 = VERTEX_POINT('',#4438);
#4438 = CARTESIAN_POINT('',(-18.51210640756,63.95,2.));
#4439 = CIRCLE('',#4440,5.35);
#4440 = AXIS2_PLACEMENT_3D('',#4441,#4442,#4443);
#4441 = CARTESIAN_POINT('',(-13.55,61.95,2.));
#4442 = DIRECTION('',(0.,0.,-1.));
#4443 = DIRECTION('',(1.,0.,0.));
#4444 = ORIENTED_EDGE('',*,*,#4395,.T.);
#4445 = ORIENTED_EDGE('',*,*,#1920,.F.);
#4446 = ORIENTED_EDGE('',*,*,#4447,.F.);
#4447 = EDGE_CURVE('',#4437,#1913,#4448,.T.);
#4448 = LINE('',#4449,#4450);
#4449 = CARTESIAN_POINT('',(-18.51210640756,63.95,0.));
#4450 = VECTOR('',#4451,1.);
#4451 = DIRECTION('',(0.,0.,1.));
#4452 = CYLINDRICAL_SURFACE('',#4453,5.35);
#4453 = AXIS2_PLACEMENT_3D('',#4454,#4455,#4456);
#4454 = CARTESIAN_POINT('',(-13.55,61.95,0.));
#4455 = DIRECTION('',(-0.,-0.,-1.));
#4456 = DIRECTION('',(1.,0.,0.));
#4457 = ADVANCED_FACE('',(#4458),#4476,.F.);
#4458 = FACE_BOUND('',#4459,.F.);
#4459 = EDGE_LOOP('',(#4460,#4468,#4469,#4470));
#4460 = ORIENTED_EDGE('',*,*,#4461,.T.);
#4461 = EDGE_CURVE('',#4462,#4412,#4464,.T.);
#4462 = VERTEX_POINT('',#4463);
#4463 = CARTESIAN_POINT('',(14.55,60.859880773904,2.));
#4464 = LINE('',#4465,#4466);
#4465 = CARTESIAN_POINT('',(14.55,62.670059613048,2.));
#4466 = VECTOR('',#4467,1.);
#4467 = DIRECTION('',(0.,1.,0.));
#4468 = ORIENTED_EDGE('',*,*,#4420,.T.);
#4469 = ORIENTED_EDGE('',*,*,#1313,.T.);
#4470 = ORIENTED_EDGE('',*,*,#4471,.F.);
#4471 = EDGE_CURVE('',#4462,#1314,#4472,.T.);
#4472 = LINE('',#4473,#4474);
#4473 = CARTESIAN_POINT('',(14.55,60.859880773904,0.));
#4474 = VECTOR('',#4475,1.);
#4475 = DIRECTION('',(0.,0.,1.));
#4476 = PLANE('',#4477);
#4477 = AXIS2_PLACEMENT_3D('',#4478,#4479,#4480);
#4478 = CARTESIAN_POINT('',(14.55,62.340119226096,0.));
#4479 = DIRECTION('',(1.,0.,0.));
#4480 = DIRECTION('',(0.,-1.,0.));
#4481 = ADVANCED_FACE('',(#4482),#4500,.T.);
#4482 = FACE_BOUND('',#4483,.T.);
#4483 = EDGE_LOOP('',(#4484,#4492,#4493,#4494));
#4484 = ORIENTED_EDGE('',*,*,#4485,.T.);
#4485 = EDGE_CURVE('',#4486,#4437,#4488,.T.);
#4486 = VERTEX_POINT('',#4487);
#4487 = CARTESIAN_POINT('',(-19.,63.95,2.));
#4488 = LINE('',#4489,#4490);
#4489 = CARTESIAN_POINT('',(-9.256053203783,63.95,2.));
#4490 = VECTOR('',#4491,1.);
#4491 = DIRECTION('',(1.,0.,0.));
#4492 = ORIENTED_EDGE('',*,*,#4447,.T.);
#4493 = ORIENTED_EDGE('',*,*,#1912,.T.);
#4494 = ORIENTED_EDGE('',*,*,#4495,.F.);
#4495 = EDGE_CURVE('',#4486,#1905,#4496,.T.);
#4496 = LINE('',#4497,#4498);
#4497 = CARTESIAN_POINT('',(-19.,63.95,0.));
#4498 = VECTOR('',#4499,1.);
#4499 = DIRECTION('',(0.,0.,1.));
#4500 = PLANE('',#4501);
#4501 = AXIS2_PLACEMENT_3D('',#4502,#4503,#4504);
#4502 = CARTESIAN_POINT('',(-18.51210640756,63.95,0.));
#4503 = DIRECTION('',(0.,-1.,0.));
#4504 = DIRECTION('',(-1.,0.,0.));
#4505 = ADVANCED_FACE('',(#4506),#4525,.F.);
#4506 = FACE_BOUND('',#4507,.T.);
#4507 = EDGE_LOOP('',(#4508,#4517,#4523,#4524));
#4508 = ORIENTED_EDGE('',*,*,#4509,.T.);
#4509 = EDGE_CURVE('',#4462,#4510,#4512,.T.);
#4510 = VERTEX_POINT('',#4511);
#4511 = CARTESIAN_POINT('',(18.259880773904,57.15,2.));
#4512 = CIRCLE('',#4513,7.35);
#4513 = AXIS2_PLACEMENT_3D('',#4514,#4515,#4516);
#4514 = CARTESIAN_POINT('',(11.55,54.15,2.));
#4515 = DIRECTION('',(0.,0.,-1.));
#4516 = DIRECTION('',(1.,0.,0.));
#4517 = ORIENTED_EDGE('',*,*,#4518,.T.);
#4518 = EDGE_CURVE('',#4510,#1322,#4519,.T.);
#4519 = LINE('',#4520,#4521);
#4520 = CARTESIAN_POINT('',(18.259880773904,57.15,0.));
#4521 = VECTOR('',#4522,1.);
#4522 = DIRECTION('',(0.,0.,1.));
#4523 = ORIENTED_EDGE('',*,*,#1321,.F.);
#4524 = ORIENTED_EDGE('',*,*,#4471,.F.);
#4525 = CYLINDRICAL_SURFACE('',#4526,7.35);
#4526 = AXIS2_PLACEMENT_3D('',#4527,#4528,#4529);
#4527 = CARTESIAN_POINT('',(11.55,54.15,0.));
#4528 = DIRECTION('',(-0.,-0.,-1.));
#4529 = DIRECTION('',(1.,0.,0.));
#4530 = ADVANCED_FACE('',(#4531),#4549,.F.);
#4531 = FACE_BOUND('',#4532,.F.);
#4532 = EDGE_LOOP('',(#4533,#4534,#4535,#4543));
#4533 = ORIENTED_EDGE('',*,*,#1904,.F.);
#4534 = ORIENTED_EDGE('',*,*,#4495,.F.);
#4535 = ORIENTED_EDGE('',*,*,#4536,.T.);
#4536 = EDGE_CURVE('',#4486,#4537,#4539,.T.);
#4537 = VERTEX_POINT('',#4538);
#4538 = CARTESIAN_POINT('',(-19.,59.95,2.));
#4539 = LINE('',#4540,#4541);
#4540 = CARTESIAN_POINT('',(-19.,124.,2.));
#4541 = VECTOR('',#4542,1.);
#4542 = DIRECTION('',(0.,-1.,0.));
#4543 = ORIENTED_EDGE('',*,*,#4544,.T.);
#4544 = EDGE_CURVE('',#4537,#1897,#4545,.T.);
#4545 = LINE('',#4546,#4547);
#4546 = CARTESIAN_POINT('',(-19.,59.95,0.));
#4547 = VECTOR('',#4548,1.);
#4548 = DIRECTION('',(0.,0.,1.));
#4549 = PLANE('',#4550);
#4550 = AXIS2_PLACEMENT_3D('',#4551,#4552,#4553);
#4551 = CARTESIAN_POINT('',(-19.,124.,273.18773050779));
#4552 = DIRECTION('',(-1.,0.,0.));
#4553 = DIRECTION('',(0.,-1.,0.));
#4554 = ADVANCED_FACE('',(#4555),#4573,.F.);
#4555 = FACE_BOUND('',#4556,.F.);
#4556 = EDGE_LOOP('',(#4557,#4565,#4566,#4567));
#4557 = ORIENTED_EDGE('',*,*,#4558,.T.);
#4558 = EDGE_CURVE('',#4559,#4510,#4561,.T.);
#4559 = VERTEX_POINT('',#4560);
#4560 = CARTESIAN_POINT('',(19.,57.15,2.));
#4561 = LINE('',#4562,#4563);
#4562 = CARTESIAN_POINT('',(9.129940386952,57.15,2.));
#4563 = VECTOR('',#4564,1.);
#4564 = DIRECTION('',(-1.,0.,0.));
#4565 = ORIENTED_EDGE('',*,*,#4518,.T.);
#4566 = ORIENTED_EDGE('',*,*,#1330,.T.);
#4567 = ORIENTED_EDGE('',*,*,#4568,.F.);
#4568 = EDGE_CURVE('',#4559,#1331,#4569,.T.);
#4569 = LINE('',#4570,#4571);
#4570 = CARTESIAN_POINT('',(19.,57.15,0.));
#4571 = VECTOR('',#4572,1.);
#4572 = DIRECTION('',(0.,0.,1.));
#4573 = PLANE('',#4574);
#4574 = AXIS2_PLACEMENT_3D('',#4575,#4576,#4577);
#4575 = CARTESIAN_POINT('',(18.259880773904,57.15,0.));
#4576 = DIRECTION('',(0.,1.,0.));
#4577 = DIRECTION('',(1.,0.,0.));
#4578 = ADVANCED_FACE('',(#4579),#4597,.T.);
#4579 = FACE_BOUND('',#4580,.T.);
#4580 = EDGE_LOOP('',(#4581,#4589,#4590,#4591));
#4581 = ORIENTED_EDGE('',*,*,#4582,.T.);
#4582 = EDGE_CURVE('',#4583,#4537,#4585,.T.);
#4583 = VERTEX_POINT('',#4584);
#4584 = CARTESIAN_POINT('',(-18.51210640756,59.95,2.));
#4585 = LINE('',#4586,#4587);
#4586 = CARTESIAN_POINT('',(-9.5,59.95,2.));
#4587 = VECTOR('',#4588,1.);
#4588 = DIRECTION('',(-1.,0.,0.));
#4589 = ORIENTED_EDGE('',*,*,#4544,.T.);
#4590 = ORIENTED_EDGE('',*,*,#1896,.T.);
#4591 = ORIENTED_EDGE('',*,*,#4592,.F.);
#4592 = EDGE_CURVE('',#4583,#1888,#4593,.T.);
#4593 = LINE('',#4594,#4595);
#4594 = CARTESIAN_POINT('',(-18.51210640756,59.95,0.));
#4595 = VECTOR('',#4596,1.);
#4596 = DIRECTION('',(0.,0.,1.));
#4597 = PLANE('',#4598);
#4598 = AXIS2_PLACEMENT_3D('',#4599,#4600,#4601);
#4599 = CARTESIAN_POINT('',(-19.,59.95,0.));
#4600 = DIRECTION('',(0.,1.,0.));
#4601 = DIRECTION('',(1.,0.,0.));
#4602 = ADVANCED_FACE('',(#4603),#4621,.F.);
#4603 = FACE_BOUND('',#4604,.F.);
#4604 = EDGE_LOOP('',(#4605,#4606,#4614,#4620));
#4605 = ORIENTED_EDGE('',*,*,#1338,.F.);
#4606 = ORIENTED_EDGE('',*,*,#4607,.F.);
#4607 = EDGE_CURVE('',#4608,#1339,#4610,.T.);
#4608 = VERTEX_POINT('',#4609);
#4609 = CARTESIAN_POINT('',(19.,51.15,2.));
#4610 = LINE('',#4611,#4612);
#4611 = CARTESIAN_POINT('',(19.,51.15,0.));
#4612 = VECTOR('',#4613,1.);
#4613 = DIRECTION('',(0.,0.,1.));
#4614 = ORIENTED_EDGE('',*,*,#4615,.T.);
#4615 = EDGE_CURVE('',#4608,#4559,#4616,.T.);
#4616 = LINE('',#4617,#4618);
#4617 = CARTESIAN_POINT('',(19.,2.,2.));
#4618 = VECTOR('',#4619,1.);
#4619 = DIRECTION('',(0.,1.,0.));
#4620 = ORIENTED_EDGE('',*,*,#4568,.T.);
#4621 = PLANE('',#4622);
#4622 = AXIS2_PLACEMENT_3D('',#4623,#4624,#4625);
#4623 = CARTESIAN_POINT('',(19.,2.,273.18773050779));
#4624 = DIRECTION('',(1.,0.,0.));
#4625 = DIRECTION('',(0.,1.,0.));
#4626 = ADVANCED_FACE('',(#4627),#4646,.F.);
#4627 = FACE_BOUND('',#4628,.T.);
#4628 = EDGE_LOOP('',(#4629,#4638,#4639,#4640));
#4629 = ORIENTED_EDGE('',*,*,#4630,.T.);
#4630 = EDGE_CURVE('',#4631,#4583,#4633,.T.);
#4631 = VERTEX_POINT('',#4632);
#4632 = CARTESIAN_POINT('',(-15.55,56.987893592435,2.));
#4633 = CIRCLE('',#4634,5.35);
#4634 = AXIS2_PLACEMENT_3D('',#4635,#4636,#4637);
#4635 = CARTESIAN_POINT('',(-13.55,61.95,2.));
#4636 = DIRECTION('',(0.,0.,-1.));
#4637 = DIRECTION('',(1.,0.,0.));
#4638 = ORIENTED_EDGE('',*,*,#4592,.T.);
#4639 = ORIENTED_EDGE('',*,*,#1887,.F.);
#4640 = ORIENTED_EDGE('',*,*,#4641,.F.);
#4641 = EDGE_CURVE('',#4631,#1880,#4642,.T.);
#4642 = LINE('',#4643,#4644);
#4643 = CARTESIAN_POINT('',(-15.55,56.987893592435,0.));
#4644 = VECTOR('',#4645,1.);
#4645 = DIRECTION('',(0.,0.,1.));
#4646 = CYLINDRICAL_SURFACE('',#4647,5.35);
#4647 = AXIS2_PLACEMENT_3D('',#4648,#4649,#4650);
#4648 = CARTESIAN_POINT('',(-13.55,61.95,0.));
#4649 = DIRECTION('',(-0.,-0.,-1.));
#4650 = DIRECTION('',(1.,0.,0.));
#4651 = ADVANCED_FACE('',(#4652),#4670,.F.);
#4652 = FACE_BOUND('',#4653,.F.);
#4653 = EDGE_LOOP('',(#4654,#4662,#4663,#4664));
#4654 = ORIENTED_EDGE('',*,*,#4655,.T.);
#4655 = EDGE_CURVE('',#4656,#4608,#4658,.T.);
#4656 = VERTEX_POINT('',#4657);
#4657 = CARTESIAN_POINT('',(18.259880773904,51.15,2.));
#4658 = LINE('',#4659,#4660);
#4659 = CARTESIAN_POINT('',(9.5,51.15,2.));
#4660 = VECTOR('',#4661,1.);
#4661 = DIRECTION('',(1.,0.,0.));
#4662 = ORIENTED_EDGE('',*,*,#4607,.T.);
#4663 = ORIENTED_EDGE('',*,*,#1346,.T.);
#4664 = ORIENTED_EDGE('',*,*,#4665,.F.);
#4665 = EDGE_CURVE('',#4656,#1347,#4666,.T.);
#4666 = LINE('',#4667,#4668);
#4667 = CARTESIAN_POINT('',(18.259880773904,51.15,0.));
#4668 = VECTOR('',#4669,1.);
#4669 = DIRECTION('',(0.,0.,1.));
#4670 = PLANE('',#4671);
#4671 = AXIS2_PLACEMENT_3D('',#4672,#4673,#4674);
#4672 = CARTESIAN_POINT('',(19.,51.15,0.));
#4673 = DIRECTION('',(0.,-1.,0.));
#4674 = DIRECTION('',(-1.,0.,0.));
#4675 = ADVANCED_FACE('',(#4676),#4694,.F.);
#4676 = FACE_BOUND('',#4677,.F.);
#4677 = EDGE_LOOP('',(#4678,#4686,#4692,#4693));
#4678 = ORIENTED_EDGE('',*,*,#4679,.T.);
#4679 = EDGE_CURVE('',#4631,#4680,#4682,.T.);
#4680 = VERTEX_POINT('',#4681);
#4681 = CARTESIAN_POINT('',(-15.55,56.012106407565,2.));
#4682 = LINE('',#4683,#4684);
#4683 = CARTESIAN_POINT('',(-15.55,59.506053203783,2.));
#4684 = VECTOR('',#4685,1.);
#4685 = DIRECTION('',(0.,-1.,0.));
#4686 = ORIENTED_EDGE('',*,*,#4687,.T.);
#4687 = EDGE_CURVE('',#4680,#1871,#4688,.T.);
#4688 = LINE('',#4689,#4690);
#4689 = CARTESIAN_POINT('',(-15.55,56.012106407565,0.));
#4690 = VECTOR('',#4691,1.);
#4691 = DIRECTION('',(0.,0.,1.));
#4692 = ORIENTED_EDGE('',*,*,#1879,.T.);
#4693 = ORIENTED_EDGE('',*,*,#4641,.F.);
#4694 = PLANE('',#4695);
#4695 = AXIS2_PLACEMENT_3D('',#4696,#4697,#4698);
#4696 = CARTESIAN_POINT('',(-15.55,56.012106407565,0.));
#4697 = DIRECTION('',(-1.,0.,0.));
#4698 = DIRECTION('',(0.,1.,0.));
#4699 = ADVANCED_FACE('',(#4700),#4719,.F.);
#4700 = FACE_BOUND('',#4701,.T.);
#4701 = EDGE_LOOP('',(#4702,#4711,#4717,#4718));
#4702 = ORIENTED_EDGE('',*,*,#4703,.T.);
#4703 = EDGE_CURVE('',#4656,#4704,#4706,.T.);
#4704 = VERTEX_POINT('',#4705);
#4705 = CARTESIAN_POINT('',(14.55,47.440119226096,2.));
#4706 = CIRCLE('',#4707,7.35);
#4707 = AXIS2_PLACEMENT_3D('',#4708,#4709,#4710);
#4708 = CARTESIAN_POINT('',(11.55,54.15,2.));
#4709 = DIRECTION('',(0.,0.,-1.));
#4710 = DIRECTION('',(1.,0.,0.));
#4711 = ORIENTED_EDGE('',*,*,#4712,.T.);
#4712 = EDGE_CURVE('',#4704,#1355,#4713,.T.);
#4713 = LINE('',#4714,#4715);
#4714 = CARTESIAN_POINT('',(14.55,47.440119226096,0.));
#4715 = VECTOR('',#4716,1.);
#4716 = DIRECTION('',(0.,0.,1.));
#4717 = ORIENTED_EDGE('',*,*,#1354,.F.);
#4718 = ORIENTED_EDGE('',*,*,#4665,.F.);
#4719 = CYLINDRICAL_SURFACE('',#4720,7.35);
#4720 = AXIS2_PLACEMENT_3D('',#4721,#4722,#4723);
#4721 = CARTESIAN_POINT('',(11.55,54.15,0.));
#4722 = DIRECTION('',(-0.,-0.,-1.));
#4723 = DIRECTION('',(1.,0.,0.));
#4724 = ADVANCED_FACE('',(#4725),#4744,.F.);
#4725 = FACE_BOUND('',#4726,.T.);
#4726 = EDGE_LOOP('',(#4727,#4736,#4737,#4738));
#4727 = ORIENTED_EDGE('',*,*,#4728,.T.);
#4728 = EDGE_CURVE('',#4729,#4680,#4731,.T.);
#4729 = VERTEX_POINT('',#4730);
#4730 = CARTESIAN_POINT('',(-18.51210640756,53.05,2.));
#4731 = CIRCLE('',#4732,5.35);
#4732 = AXIS2_PLACEMENT_3D('',#4733,#4734,#4735);
#4733 = CARTESIAN_POINT('',(-13.55,51.05,2.));
#4734 = DIRECTION('',(0.,0.,-1.));
#4735 = DIRECTION('',(1.,0.,0.));
#4736 = ORIENTED_EDGE('',*,*,#4687,.T.);
#4737 = ORIENTED_EDGE('',*,*,#1870,.F.);
#4738 = ORIENTED_EDGE('',*,*,#4739,.F.);
#4739 = EDGE_CURVE('',#4729,#1863,#4740,.T.);
#4740 = LINE('',#4741,#4742);
#4741 = CARTESIAN_POINT('',(-18.51210640756,53.05,0.));
#4742 = VECTOR('',#4743,1.);
#4743 = DIRECTION('',(0.,0.,1.));
#4744 = CYLINDRICAL_SURFACE('',#4745,5.35);
#4745 = AXIS2_PLACEMENT_3D('',#4746,#4747,#4748);
#4746 = CARTESIAN_POINT('',(-13.55,51.05,0.));
#4747 = DIRECTION('',(-0.,-0.,-1.));
#4748 = DIRECTION('',(1.,0.,0.));
#4749 = ADVANCED_FACE('',(#4750),#4768,.F.);
#4750 = FACE_BOUND('',#4751,.F.);
#4751 = EDGE_LOOP('',(#4752,#4760,#4761,#4762));
#4752 = ORIENTED_EDGE('',*,*,#4753,.T.);
#4753 = EDGE_CURVE('',#4754,#4704,#4756,.T.);
#4754 = VERTEX_POINT('',#4755);
#4755 = CARTESIAN_POINT('',(14.55,45.959880773904,2.));
#4756 = LINE('',#4757,#4758);
#4757 = CARTESIAN_POINT('',(14.55,55.220059613048,2.));
#4758 = VECTOR('',#4759,1.);
#4759 = DIRECTION('',(0.,1.,0.));
#4760 = ORIENTED_EDGE('',*,*,#4712,.T.);
#4761 = ORIENTED_EDGE('',*,*,#1363,.T.);
#4762 = ORIENTED_EDGE('',*,*,#4763,.F.);
#4763 = EDGE_CURVE('',#4754,#1364,#4764,.T.);
#4764 = LINE('',#4765,#4766);
#4765 = CARTESIAN_POINT('',(14.55,45.959880773904,0.));
#4766 = VECTOR('',#4767,1.);
#4767 = DIRECTION('',(0.,0.,1.));
#4768 = PLANE('',#4769);
#4769 = AXIS2_PLACEMENT_3D('',#4770,#4771,#4772);
#4770 = CARTESIAN_POINT('',(14.55,47.440119226096,0.));
#4771 = DIRECTION('',(1.,0.,0.));
#4772 = DIRECTION('',(0.,-1.,0.));
#4773 = ADVANCED_FACE('',(#4774),#4792,.T.);
#4774 = FACE_BOUND('',#4775,.T.);
#4775 = EDGE_LOOP('',(#4776,#4784,#4785,#4786));
#4776 = ORIENTED_EDGE('',*,*,#4777,.T.);
#4777 = EDGE_CURVE('',#4778,#4729,#4780,.T.);
#4778 = VERTEX_POINT('',#4779);
#4779 = CARTESIAN_POINT('',(-19.,53.05,2.));
#4780 = LINE('',#4781,#4782);
#4781 = CARTESIAN_POINT('',(-9.256053203783,53.05,2.));
#4782 = VECTOR('',#4783,1.);
#4783 = DIRECTION('',(1.,0.,0.));
#4784 = ORIENTED_EDGE('',*,*,#4739,.T.);
#4785 = ORIENTED_EDGE('',*,*,#1862,.T.);
#4786 = ORIENTED_EDGE('',*,*,#4787,.F.);
#4787 = EDGE_CURVE('',#4778,#1855,#4788,.T.);
#4788 = LINE('',#4789,#4790);
#4789 = CARTESIAN_POINT('',(-19.,53.05,0.));
#4790 = VECTOR('',#4791,1.);
#4791 = DIRECTION('',(0.,0.,1.));
#4792 = PLANE('',#4793);
#4793 = AXIS2_PLACEMENT_3D('',#4794,#4795,#4796);
#4794 = CARTESIAN_POINT('',(-18.51210640756,53.05,0.));
#4795 = DIRECTION('',(0.,-1.,0.));
#4796 = DIRECTION('',(-1.,0.,0.));
#4797 = ADVANCED_FACE('',(#4798),#4817,.F.);
#4798 = FACE_BOUND('',#4799,.T.);
#4799 = EDGE_LOOP('',(#4800,#4809,#4815,#4816));
#4800 = ORIENTED_EDGE('',*,*,#4801,.T.);
#4801 = EDGE_CURVE('',#4754,#4802,#4804,.T.);
#4802 = VERTEX_POINT('',#4803);
#4803 = CARTESIAN_POINT('',(18.259880773904,42.25,2.));
#4804 = CIRCLE('',#4805,7.35);
#4805 = AXIS2_PLACEMENT_3D('',#4806,#4807,#4808);
#4806 = CARTESIAN_POINT('',(11.55,39.25,2.));
#4807 = DIRECTION('',(0.,0.,-1.));
#4808 = DIRECTION('',(1.,0.,0.));
#4809 = ORIENTED_EDGE('',*,*,#4810,.T.);
#4810 = EDGE_CURVE('',#4802,#1372,#4811,.T.);
#4811 = LINE('',#4812,#4813);
#4812 = CARTESIAN_POINT('',(18.259880773904,42.25,0.));
#4813 = VECTOR('',#4814,1.);
#4814 = DIRECTION('',(0.,0.,1.));
#4815 = ORIENTED_EDGE('',*,*,#1371,.F.);
#4816 = ORIENTED_EDGE('',*,*,#4763,.F.);
#4817 = CYLINDRICAL_SURFACE('',#4818,7.35);
#4818 = AXIS2_PLACEMENT_3D('',#4819,#4820,#4821);
#4819 = CARTESIAN_POINT('',(11.55,39.25,0.));
#4820 = DIRECTION('',(-0.,-0.,-1.));
#4821 = DIRECTION('',(1.,0.,0.));
#4822 = ADVANCED_FACE('',(#4823),#4841,.F.);
#4823 = FACE_BOUND('',#4824,.F.);
#4824 = EDGE_LOOP('',(#4825,#4826,#4827,#4835));
#4825 = ORIENTED_EDGE('',*,*,#1854,.F.);
#4826 = ORIENTED_EDGE('',*,*,#4787,.F.);
#4827 = ORIENTED_EDGE('',*,*,#4828,.T.);
#4828 = EDGE_CURVE('',#4778,#4829,#4831,.T.);
#4829 = VERTEX_POINT('',#4830);
#4830 = CARTESIAN_POINT('',(-19.,49.05,2.));
#4831 = LINE('',#4832,#4833);
#4832 = CARTESIAN_POINT('',(-19.,124.,2.));
#4833 = VECTOR('',#4834,1.);
#4834 = DIRECTION('',(0.,-1.,0.));
#4835 = ORIENTED_EDGE('',*,*,#4836,.T.);
#4836 = EDGE_CURVE('',#4829,#1847,#4837,.T.);
#4837 = LINE('',#4838,#4839);
#4838 = CARTESIAN_POINT('',(-19.,49.05,0.));
#4839 = VECTOR('',#4840,1.);
#4840 = DIRECTION('',(0.,0.,1.));
#4841 = PLANE('',#4842);
#4842 = AXIS2_PLACEMENT_3D('',#4843,#4844,#4845);
#4843 = CARTESIAN_POINT('',(-19.,124.,273.18773050779));
#4844 = DIRECTION('',(-1.,0.,0.));
#4845 = DIRECTION('',(0.,-1.,0.));
#4846 = ADVANCED_FACE('',(#4847),#4865,.F.);
#4847 = FACE_BOUND('',#4848,.F.);
#4848 = EDGE_LOOP('',(#4849,#4857,#4858,#4859));
#4849 = ORIENTED_EDGE('',*,*,#4850,.T.);
#4850 = EDGE_CURVE('',#4851,#4802,#4853,.T.);
#4851 = VERTEX_POINT('',#4852);
#4852 = CARTESIAN_POINT('',(19.,42.25,2.));
#4853 = LINE('',#4854,#4855);
#4854 = CARTESIAN_POINT('',(9.129940386952,42.25,2.));
#4855 = VECTOR('',#4856,1.);
#4856 = DIRECTION('',(-1.,0.,0.));
#4857 = ORIENTED_EDGE('',*,*,#4810,.T.);
#4858 = ORIENTED_EDGE('',*,*,#1380,.T.);
#4859 = ORIENTED_EDGE('',*,*,#4860,.F.);
#4860 = EDGE_CURVE('',#4851,#1381,#4861,.T.);
#4861 = LINE('',#4862,#4863);
#4862 = CARTESIAN_POINT('',(19.,42.25,0.));
#4863 = VECTOR('',#4864,1.);
#4864 = DIRECTION('',(0.,0.,1.));
#4865 = PLANE('',#4866);
#4866 = AXIS2_PLACEMENT_3D('',#4867,#4868,#4869);
#4867 = CARTESIAN_POINT('',(18.259880773904,42.25,0.));
#4868 = DIRECTION('',(0.,1.,0.));
#4869 = DIRECTION('',(1.,0.,0.));
#4870 = ADVANCED_FACE('',(#4871),#4889,.F.);
#4871 = FACE_BOUND('',#4872,.F.);
#4872 = EDGE_LOOP('',(#4873,#4881,#4887,#4888));
#4873 = ORIENTED_EDGE('',*,*,#4874,.T.);
#4874 = EDGE_CURVE('',#4829,#4875,#4877,.T.);
#4875 = VERTEX_POINT('',#4876);
#4876 = CARTESIAN_POINT('',(-18.51210640756,49.05,2.));
#4877 = LINE('',#4878,#4879);
#4878 = CARTESIAN_POINT('',(-9.256053203783,49.05,2.));
#4879 = VECTOR('',#4880,1.);
#4880 = DIRECTION('',(1.,0.,0.));
#4881 = ORIENTED_EDGE('',*,*,#4882,.T.);
#4882 = EDGE_CURVE('',#4875,#1838,#4883,.T.);
#4883 = LINE('',#4884,#4885);
#4884 = CARTESIAN_POINT('',(-18.51210640756,49.05,0.));
#4885 = VECTOR('',#4886,1.);
#4886 = DIRECTION('',(0.,0.,1.));
#4887 = ORIENTED_EDGE('',*,*,#1846,.T.);
#4888 = ORIENTED_EDGE('',*,*,#4836,.F.);
#4889 = PLANE('',#4890);
#4890 = AXIS2_PLACEMENT_3D('',#4891,#4892,#4893);
#4891 = CARTESIAN_POINT('',(-18.51210640756,49.05,0.));
#4892 = DIRECTION('',(0.,-1.,0.));
#4893 = DIRECTION('',(-1.,0.,0.));
#4894 = ADVANCED_FACE('',(#4895),#4913,.F.);
#4895 = FACE_BOUND('',#4896,.F.);
#4896 = EDGE_LOOP('',(#4897,#4898,#4906,#4912));
#4897 = ORIENTED_EDGE('',*,*,#1388,.F.);
#4898 = ORIENTED_EDGE('',*,*,#4899,.F.);
#4899 = EDGE_CURVE('',#4900,#1389,#4902,.T.);
#4900 = VERTEX_POINT('',#4901);
#4901 = CARTESIAN_POINT('',(19.,36.25,2.));
#4902 = LINE('',#4903,#4904);
#4903 = CARTESIAN_POINT('',(19.,36.25,0.));
#4904 = VECTOR('',#4905,1.);
#4905 = DIRECTION('',(0.,0.,1.));
#4906 = ORIENTED_EDGE('',*,*,#4907,.T.);
#4907 = EDGE_CURVE('',#4900,#4851,#4908,.T.);
#4908 = LINE('',#4909,#4910);
#4909 = CARTESIAN_POINT('',(19.,2.,2.));
#4910 = VECTOR('',#4911,1.);
#4911 = DIRECTION('',(0.,1.,0.));
#4912 = ORIENTED_EDGE('',*,*,#4860,.T.);
#4913 = PLANE('',#4914);
#4914 = AXIS2_PLACEMENT_3D('',#4915,#4916,#4917);
#4915 = CARTESIAN_POINT('',(19.,2.,273.18773050779));
#4916 = DIRECTION('',(1.,0.,0.));
#4917 = DIRECTION('',(0.,1.,0.));
#4918 = ADVANCED_FACE('',(#4919),#4938,.F.);
#4919 = FACE_BOUND('',#4920,.T.);
#4920 = EDGE_LOOP('',(#4921,#4930,#4931,#4932));
#4921 = ORIENTED_EDGE('',*,*,#4922,.T.);
#4922 = EDGE_CURVE('',#4923,#4875,#4925,.T.);
#4923 = VERTEX_POINT('',#4924);
#4924 = CARTESIAN_POINT('',(-15.55,46.087893592435,2.));
#4925 = CIRCLE('',#4926,5.35);
#4926 = AXIS2_PLACEMENT_3D('',#4927,#4928,#4929);
#4927 = CARTESIAN_POINT('',(-13.55,51.05,2.));
#4928 = DIRECTION('',(0.,0.,-1.));
#4929 = DIRECTION('',(1.,0.,0.));
#4930 = ORIENTED_EDGE('',*,*,#4882,.T.);
#4931 = ORIENTED_EDGE('',*,*,#1837,.F.);
#4932 = ORIENTED_EDGE('',*,*,#4933,.F.);
#4933 = EDGE_CURVE('',#4923,#1830,#4934,.T.);
#4934 = LINE('',#4935,#4936);
#4935 = CARTESIAN_POINT('',(-15.55,46.087893592435,0.));
#4936 = VECTOR('',#4937,1.);
#4937 = DIRECTION('',(0.,0.,1.));
#4938 = CYLINDRICAL_SURFACE('',#4939,5.35);
#4939 = AXIS2_PLACEMENT_3D('',#4940,#4941,#4942);
#4940 = CARTESIAN_POINT('',(-13.55,51.05,0.));
#4941 = DIRECTION('',(-0.,-0.,-1.));
#4942 = DIRECTION('',(1.,0.,0.));
#4943 = ADVANCED_FACE('',(#4944),#4962,.F.);
#4944 = FACE_BOUND('',#4945,.F.);
#4945 = EDGE_LOOP('',(#4946,#4954,#4955,#4956));
#4946 = ORIENTED_EDGE('',*,*,#4947,.T.);
#4947 = EDGE_CURVE('',#4948,#4900,#4950,.T.);
#4948 = VERTEX_POINT('',#4949);
#4949 = CARTESIAN_POINT('',(18.259880773904,36.25,2.));
#4950 = LINE('',#4951,#4952);
#4951 = CARTESIAN_POINT('',(9.5,36.25,2.));
#4952 = VECTOR('',#4953,1.);
#4953 = DIRECTION('',(1.,0.,0.));
#4954 = ORIENTED_EDGE('',*,*,#4899,.T.);
#4955 = ORIENTED_EDGE('',*,*,#1396,.T.);
#4956 = ORIENTED_EDGE('',*,*,#4957,.F.);
#4957 = EDGE_CURVE('',#4948,#1397,#4958,.T.);
#4958 = LINE('',#4959,#4960);
#4959 = CARTESIAN_POINT('',(18.259880773904,36.25,0.));
#4960 = VECTOR('',#4961,1.);
#4961 = DIRECTION('',(0.,0.,1.));
#4962 = PLANE('',#4963);
#4963 = AXIS2_PLACEMENT_3D('',#4964,#4965,#4966);
#4964 = CARTESIAN_POINT('',(19.,36.25,0.));
#4965 = DIRECTION('',(0.,-1.,0.));
#4966 = DIRECTION('',(-1.,0.,0.));
#4967 = ADVANCED_FACE('',(#4968),#4986,.F.);
#4968 = FACE_BOUND('',#4969,.F.);
#4969 = EDGE_LOOP('',(#4970,#4978,#4984,#4985));
#4970 = ORIENTED_EDGE('',*,*,#4971,.T.);
#4971 = EDGE_CURVE('',#4923,#4972,#4974,.T.);
#4972 = VERTEX_POINT('',#4973);
#4973 = CARTESIAN_POINT('',(-15.55,45.112106407565,2.));
#4974 = LINE('',#4975,#4976);
#4975 = CARTESIAN_POINT('',(-15.55,54.056053203783,2.));
#4976 = VECTOR('',#4977,1.);
#4977 = DIRECTION('',(0.,-1.,0.));
#4978 = ORIENTED_EDGE('',*,*,#4979,.T.);
#4979 = EDGE_CURVE('',#4972,#1821,#4980,.T.);
#4980 = LINE('',#4981,#4982);
#4981 = CARTESIAN_POINT('',(-15.55,45.112106407565,0.));
#4982 = VECTOR('',#4983,1.);
#4983 = DIRECTION('',(0.,0.,1.));
#4984 = ORIENTED_EDGE('',*,*,#1829,.T.);
#4985 = ORIENTED_EDGE('',*,*,#4933,.F.);
#4986 = PLANE('',#4987);
#4987 = AXIS2_PLACEMENT_3D('',#4988,#4989,#4990);
#4988 = CARTESIAN_POINT('',(-15.55,45.112106407565,0.));
#4989 = DIRECTION('',(-1.,0.,0.));
#4990 = DIRECTION('',(0.,1.,0.));
#4991 = ADVANCED_FACE('',(#4992),#5011,.F.);
#4992 = FACE_BOUND('',#4993,.T.);
#4993 = EDGE_LOOP('',(#4994,#5003,#5009,#5010));
#4994 = ORIENTED_EDGE('',*,*,#4995,.T.);
#4995 = EDGE_CURVE('',#4948,#4996,#4998,.T.);
#4996 = VERTEX_POINT('',#4997);
#4997 = CARTESIAN_POINT('',(14.55,32.540119226096,2.));
#4998 = CIRCLE('',#4999,7.35);
#4999 = AXIS2_PLACEMENT_3D('',#5000,#5001,#5002);
#5000 = CARTESIAN_POINT('',(11.55,39.25,2.));
#5001 = DIRECTION('',(0.,0.,-1.));
#5002 = DIRECTION('',(1.,0.,0.));
#5003 = ORIENTED_EDGE('',*,*,#5004,.T.);
#5004 = EDGE_CURVE('',#4996,#1405,#5005,.T.);
#5005 = LINE('',#5006,#5007);
#5006 = CARTESIAN_POINT('',(14.55,32.540119226096,0.));
#5007 = VECTOR('',#5008,1.);
#5008 = DIRECTION('',(0.,0.,1.));
#5009 = ORIENTED_EDGE('',*,*,#1404,.F.);
#5010 = ORIENTED_EDGE('',*,*,#4957,.F.);
#5011 = CYLINDRICAL_SURFACE('',#5012,7.35);
#5012 = AXIS2_PLACEMENT_3D('',#5013,#5014,#5015);
#5013 = CARTESIAN_POINT('',(11.55,39.25,0.));
#5014 = DIRECTION('',(-0.,-0.,-1.));
#5015 = DIRECTION('',(1.,0.,0.));
#5016 = ADVANCED_FACE('',(#5017),#5036,.F.);
#5017 = FACE_BOUND('',#5018,.T.);
#5018 = EDGE_LOOP('',(#5019,#5028,#5029,#5030));
#5019 = ORIENTED_EDGE('',*,*,#5020,.T.);
#5020 = EDGE_CURVE('',#5021,#4972,#5023,.T.);
#5021 = VERTEX_POINT('',#5022);
#5022 = CARTESIAN_POINT('',(-18.51210640756,42.15,2.));
#5023 = CIRCLE('',#5024,5.35);
#5024 = AXIS2_PLACEMENT_3D('',#5025,#5026,#5027);
#5025 = CARTESIAN_POINT('',(-13.55,40.15,2.));
#5026 = DIRECTION('',(0.,0.,-1.));
#5027 = DIRECTION('',(1.,0.,0.));
#5028 = ORIENTED_EDGE('',*,*,#4979,.T.);
#5029 = ORIENTED_EDGE('',*,*,#1820,.F.);
#5030 = ORIENTED_EDGE('',*,*,#5031,.F.);
#5031 = EDGE_CURVE('',#5021,#1813,#5032,.T.);
#5032 = LINE('',#5033,#5034);
#5033 = CARTESIAN_POINT('',(-18.51210640756,42.15,0.));
#5034 = VECTOR('',#5035,1.);
#5035 = DIRECTION('',(0.,0.,1.));
#5036 = CYLINDRICAL_SURFACE('',#5037,5.35);
#5037 = AXIS2_PLACEMENT_3D('',#5038,#5039,#5040);
#5038 = CARTESIAN_POINT('',(-13.55,40.15,0.));
#5039 = DIRECTION('',(-0.,-0.,-1.));
#5040 = DIRECTION('',(1.,0.,0.));
#5041 = ADVANCED_FACE('',(#5042),#5060,.T.);
#5042 = FACE_BOUND('',#5043,.T.);
#5043 = EDGE_LOOP('',(#5044,#5052,#5058,#5059));
#5044 = ORIENTED_EDGE('',*,*,#5045,.T.);
#5045 = EDGE_CURVE('',#4996,#5046,#5048,.T.);
#5046 = VERTEX_POINT('',#5047);
#5047 = CARTESIAN_POINT('',(14.55,31.059880773904,2.));
#5048 = LINE('',#5049,#5050);
#5049 = CARTESIAN_POINT('',(14.55,47.029940386952,2.));
#5050 = VECTOR('',#5051,1.);
#5051 = DIRECTION('',(0.,-1.,0.));
#5052 = ORIENTED_EDGE('',*,*,#5053,.T.);
#5053 = EDGE_CURVE('',#5046,#1414,#5054,.T.);
#5054 = LINE('',#5055,#5056);
#5055 = CARTESIAN_POINT('',(14.55,31.059880773904,0.));
#5056 = VECTOR('',#5057,1.);
#5057 = DIRECTION('',(0.,0.,1.));
#5058 = ORIENTED_EDGE('',*,*,#1413,.T.);
#5059 = ORIENTED_EDGE('',*,*,#5004,.F.);
#5060 = PLANE('',#5061);
#5061 = AXIS2_PLACEMENT_3D('',#5062,#5063,#5064);
#5062 = CARTESIAN_POINT('',(14.55,31.059880773904,0.));
#5063 = DIRECTION('',(-1.,0.,0.));
#5064 = DIRECTION('',(0.,1.,0.));
#5065 = ADVANCED_FACE('',(#5066),#5084,.T.);
#5066 = FACE_BOUND('',#5067,.T.);
#5067 = EDGE_LOOP('',(#5068,#5076,#5077,#5078));
#5068 = ORIENTED_EDGE('',*,*,#5069,.T.);
#5069 = EDGE_CURVE('',#5070,#5021,#5072,.T.);
#5070 = VERTEX_POINT('',#5071);
#5071 = CARTESIAN_POINT('',(-19.,42.15,2.));
#5072 = LINE('',#5073,#5074);
#5073 = CARTESIAN_POINT('',(-9.256053203783,42.15,2.));
#5074 = VECTOR('',#5075,1.);
#5075 = DIRECTION('',(1.,0.,0.));
#5076 = ORIENTED_EDGE('',*,*,#5031,.T.);
#5077 = ORIENTED_EDGE('',*,*,#1812,.T.);
#5078 = ORIENTED_EDGE('',*,*,#5079,.F.);
#5079 = EDGE_CURVE('',#5070,#1805,#5080,.T.);
#5080 = LINE('',#5081,#5082);
#5081 = CARTESIAN_POINT('',(-19.,42.15,0.));
#5082 = VECTOR('',#5083,1.);
#5083 = DIRECTION('',(0.,0.,1.));
#5084 = PLANE('',#5085);
#5085 = AXIS2_PLACEMENT_3D('',#5086,#5087,#5088);
#5086 = CARTESIAN_POINT('',(-18.51210640756,42.15,0.));
#5087 = DIRECTION('',(0.,-1.,0.));
#5088 = DIRECTION('',(-1.,0.,0.));
#5089 = ADVANCED_FACE('',(#5090),#5109,.F.);
#5090 = FACE_BOUND('',#5091,.T.);
#5091 = EDGE_LOOP('',(#5092,#5101,#5107,#5108));
#5092 = ORIENTED_EDGE('',*,*,#5093,.T.);
#5093 = EDGE_CURVE('',#5046,#5094,#5096,.T.);
#5094 = VERTEX_POINT('',#5095);
#5095 = CARTESIAN_POINT('',(18.259880773904,27.35,2.));
#5096 = CIRCLE('',#5097,7.35);
#5097 = AXIS2_PLACEMENT_3D('',#5098,#5099,#5100);
#5098 = CARTESIAN_POINT('',(11.55,24.35,2.));
#5099 = DIRECTION('',(0.,0.,-1.));
#5100 = DIRECTION('',(1.,0.,0.));
#5101 = ORIENTED_EDGE('',*,*,#5102,.T.);
#5102 = EDGE_CURVE('',#5094,#1422,#5103,.T.);
#5103 = LINE('',#5104,#5105);
#5104 = CARTESIAN_POINT('',(18.259880773904,27.35,0.));
#5105 = VECTOR('',#5106,1.);
#5106 = DIRECTION('',(0.,0.,1.));
#5107 = ORIENTED_EDGE('',*,*,#1421,.F.);
#5108 = ORIENTED_EDGE('',*,*,#5053,.F.);
#5109 = CYLINDRICAL_SURFACE('',#5110,7.35);
#5110 = AXIS2_PLACEMENT_3D('',#5111,#5112,#5113);
#5111 = CARTESIAN_POINT('',(11.55,24.35,0.));
#5112 = DIRECTION('',(-0.,-0.,-1.));
#5113 = DIRECTION('',(1.,0.,0.));
#5114 = ADVANCED_FACE('',(#5115),#5133,.F.);
#5115 = FACE_BOUND('',#5116,.F.);
#5116 = EDGE_LOOP('',(#5117,#5118,#5119,#5127));
#5117 = ORIENTED_EDGE('',*,*,#1804,.F.);
#5118 = ORIENTED_EDGE('',*,*,#5079,.F.);
#5119 = ORIENTED_EDGE('',*,*,#5120,.T.);
#5120 = EDGE_CURVE('',#5070,#5121,#5123,.T.);
#5121 = VERTEX_POINT('',#5122);
#5122 = CARTESIAN_POINT('',(-19.,38.15,2.));
#5123 = LINE('',#5124,#5125);
#5124 = CARTESIAN_POINT('',(-19.,124.,2.));
#5125 = VECTOR('',#5126,1.);
#5126 = DIRECTION('',(0.,-1.,0.));
#5127 = ORIENTED_EDGE('',*,*,#5128,.T.);
#5128 = EDGE_CURVE('',#5121,#1797,#5129,.T.);
#5129 = LINE('',#5130,#5131);
#5130 = CARTESIAN_POINT('',(-19.,38.15,0.));
#5131 = VECTOR('',#5132,1.);
#5132 = DIRECTION('',(0.,0.,1.));
#5133 = PLANE('',#5134);
#5134 = AXIS2_PLACEMENT_3D('',#5135,#5136,#5137);
#5135 = CARTESIAN_POINT('',(-19.,124.,273.18773050779));
#5136 = DIRECTION('',(-1.,0.,0.));
#5137 = DIRECTION('',(0.,-1.,0.));
#5138 = ADVANCED_FACE('',(#5139),#5157,.F.);
#5139 = FACE_BOUND('',#5140,.F.);
#5140 = EDGE_LOOP('',(#5141,#5149,#5150,#5151));
#5141 = ORIENTED_EDGE('',*,*,#5142,.T.);
#5142 = EDGE_CURVE('',#5143,#5094,#5145,.T.);
#5143 = VERTEX_POINT('',#5144);
#5144 = CARTESIAN_POINT('',(19.,27.35,2.));
#5145 = LINE('',#5146,#5147);
#5146 = CARTESIAN_POINT('',(9.129940386952,27.35,2.));
#5147 = VECTOR('',#5148,1.);
#5148 = DIRECTION('',(-1.,0.,0.));
#5149 = ORIENTED_EDGE('',*,*,#5102,.T.);
#5150 = ORIENTED_EDGE('',*,*,#1430,.T.);
#5151 = ORIENTED_EDGE('',*,*,#5152,.F.);
#5152 = EDGE_CURVE('',#5143,#1431,#5153,.T.);
#5153 = LINE('',#5154,#5155);
#5154 = CARTESIAN_POINT('',(19.,27.35,0.));
#5155 = VECTOR('',#5156,1.);
#5156 = DIRECTION('',(0.,0.,1.));
#5157 = PLANE('',#5158);
#5158 = AXIS2_PLACEMENT_3D('',#5159,#5160,#5161);
#5159 = CARTESIAN_POINT('',(18.259880773904,27.35,0.));
#5160 = DIRECTION('',(0.,1.,0.));
#5161 = DIRECTION('',(1.,0.,0.));
#5162 = ADVANCED_FACE('',(#5163),#5181,.F.);
#5163 = FACE_BOUND('',#5164,.F.);
#5164 = EDGE_LOOP('',(#5165,#5173,#5179,#5180));
#5165 = ORIENTED_EDGE('',*,*,#5166,.T.);
#5166 = EDGE_CURVE('',#5121,#5167,#5169,.T.);
#5167 = VERTEX_POINT('',#5168);
#5168 = CARTESIAN_POINT('',(-18.51210640756,38.15,2.));
#5169 = LINE('',#5170,#5171);
#5170 = CARTESIAN_POINT('',(-9.256053203783,38.15,2.));
#5171 = VECTOR('',#5172,1.);
#5172 = DIRECTION('',(1.,0.,0.));
#5173 = ORIENTED_EDGE('',*,*,#5174,.T.);
#5174 = EDGE_CURVE('',#5167,#1788,#5175,.T.);
#5175 = LINE('',#5176,#5177);
#5176 = CARTESIAN_POINT('',(-18.51210640756,38.15,0.));
#5177 = VECTOR('',#5178,1.);
#5178 = DIRECTION('',(0.,0.,1.));
#5179 = ORIENTED_EDGE('',*,*,#1796,.T.);
#5180 = ORIENTED_EDGE('',*,*,#5128,.F.);
#5181 = PLANE('',#5182);
#5182 = AXIS2_PLACEMENT_3D('',#5183,#5184,#5185);
#5183 = CARTESIAN_POINT('',(-18.51210640756,38.15,0.));
#5184 = DIRECTION('',(0.,-1.,0.));
#5185 = DIRECTION('',(-1.,0.,0.));
#5186 = ADVANCED_FACE('',(#5187),#5205,.F.);
#5187 = FACE_BOUND('',#5188,.F.);
#5188 = EDGE_LOOP('',(#5189,#5190,#5198,#5204));
#5189 = ORIENTED_EDGE('',*,*,#1438,.F.);
#5190 = ORIENTED_EDGE('',*,*,#5191,.F.);
#5191 = EDGE_CURVE('',#5192,#1439,#5194,.T.);
#5192 = VERTEX_POINT('',#5193);
#5193 = CARTESIAN_POINT('',(19.,21.35,2.));
#5194 = LINE('',#5195,#5196);
#5195 = CARTESIAN_POINT('',(19.,21.35,0.));
#5196 = VECTOR('',#5197,1.);
#5197 = DIRECTION('',(0.,0.,1.));
#5198 = ORIENTED_EDGE('',*,*,#5199,.T.);
#5199 = EDGE_CURVE('',#5192,#5143,#5200,.T.);
#5200 = LINE('',#5201,#5202);
#5201 = CARTESIAN_POINT('',(19.,2.,2.));
#5202 = VECTOR('',#5203,1.);
#5203 = DIRECTION('',(0.,1.,0.));
#5204 = ORIENTED_EDGE('',*,*,#5152,.T.);
#5205 = PLANE('',#5206);
#5206 = AXIS2_PLACEMENT_3D('',#5207,#5208,#5209);
#5207 = CARTESIAN_POINT('',(19.,2.,273.18773050779));
#5208 = DIRECTION('',(1.,0.,0.));
#5209 = DIRECTION('',(0.,1.,0.));
#5210 = ADVANCED_FACE('',(#5211),#5230,.F.);
#5211 = FACE_BOUND('',#5212,.T.);
#5212 = EDGE_LOOP('',(#5213,#5222,#5223,#5224));
#5213 = ORIENTED_EDGE('',*,*,#5214,.T.);
#5214 = EDGE_CURVE('',#5215,#5167,#5217,.T.);
#5215 = VERTEX_POINT('',#5216);
#5216 = CARTESIAN_POINT('',(-15.55,35.187893592435,2.));
#5217 = CIRCLE('',#5218,5.35);
#5218 = AXIS2_PLACEMENT_3D('',#5219,#5220,#5221);
#5219 = CARTESIAN_POINT('',(-13.55,40.15,2.));
#5220 = DIRECTION('',(0.,0.,-1.));
#5221 = DIRECTION('',(1.,0.,0.));
#5222 = ORIENTED_EDGE('',*,*,#5174,.T.);
#5223 = ORIENTED_EDGE('',*,*,#1787,.F.);
#5224 = ORIENTED_EDGE('',*,*,#5225,.F.);
#5225 = EDGE_CURVE('',#5215,#1780,#5226,.T.);
#5226 = LINE('',#5227,#5228);
#5227 = CARTESIAN_POINT('',(-15.55,35.187893592435,0.));
#5228 = VECTOR('',#5229,1.);
#5229 = DIRECTION('',(0.,0.,1.));
#5230 = CYLINDRICAL_SURFACE('',#5231,5.35);
#5231 = AXIS2_PLACEMENT_3D('',#5232,#5233,#5234);
#5232 = CARTESIAN_POINT('',(-13.55,40.15,0.));
#5233 = DIRECTION('',(-0.,-0.,-1.));
#5234 = DIRECTION('',(1.,0.,0.));
#5235 = ADVANCED_FACE('',(#5236),#5254,.T.);
#5236 = FACE_BOUND('',#5237,.T.);
#5237 = EDGE_LOOP('',(#5238,#5246,#5252,#5253));
#5238 = ORIENTED_EDGE('',*,*,#5239,.T.);
#5239 = EDGE_CURVE('',#5192,#5240,#5242,.T.);
#5240 = VERTEX_POINT('',#5241);
#5241 = CARTESIAN_POINT('',(18.259880773904,21.35,2.));
#5242 = LINE('',#5243,#5244);
#5243 = CARTESIAN_POINT('',(9.129940386952,21.35,2.));
#5244 = VECTOR('',#5245,1.);
#5245 = DIRECTION('',(-1.,0.,0.));
#5246 = ORIENTED_EDGE('',*,*,#5247,.T.);
#5247 = EDGE_CURVE('',#5240,#1447,#5248,.T.);
#5248 = LINE('',#5249,#5250);
#5249 = CARTESIAN_POINT('',(18.259880773904,21.35,0.));
#5250 = VECTOR('',#5251,1.);
#5251 = DIRECTION('',(0.,0.,1.));
#5252 = ORIENTED_EDGE('',*,*,#1446,.T.);
#5253 = ORIENTED_EDGE('',*,*,#5191,.F.);
#5254 = PLANE('',#5255);
#5255 = AXIS2_PLACEMENT_3D('',#5256,#5257,#5258);
#5256 = CARTESIAN_POINT('',(18.259880773904,21.35,0.));
#5257 = DIRECTION('',(0.,1.,0.));
#5258 = DIRECTION('',(1.,0.,0.));
#5259 = ADVANCED_FACE('',(#5260),#5278,.F.);
#5260 = FACE_BOUND('',#5261,.F.);
#5261 = EDGE_LOOP('',(#5262,#5270,#5276,#5277));
#5262 = ORIENTED_EDGE('',*,*,#5263,.T.);
#5263 = EDGE_CURVE('',#5215,#5264,#5266,.T.);
#5264 = VERTEX_POINT('',#5265);
#5265 = CARTESIAN_POINT('',(-15.55,34.212106407565,2.));
#5266 = LINE('',#5267,#5268);
#5267 = CARTESIAN_POINT('',(-15.55,48.606053203783,2.));
#5268 = VECTOR('',#5269,1.);
#5269 = DIRECTION('',(0.,-1.,0.));
#5270 = ORIENTED_EDGE('',*,*,#5271,.T.);
#5271 = EDGE_CURVE('',#5264,#1771,#5272,.T.);
#5272 = LINE('',#5273,#5274);
#5273 = CARTESIAN_POINT('',(-15.55,34.212106407565,0.));
#5274 = VECTOR('',#5275,1.);
#5275 = DIRECTION('',(0.,0.,1.));
#5276 = ORIENTED_EDGE('',*,*,#1779,.T.);
#5277 = ORIENTED_EDGE('',*,*,#5225,.F.);
#5278 = PLANE('',#5279);
#5279 = AXIS2_PLACEMENT_3D('',#5280,#5281,#5282);
#5280 = CARTESIAN_POINT('',(-15.55,34.212106407565,0.));
#5281 = DIRECTION('',(-1.,0.,0.));
#5282 = DIRECTION('',(0.,1.,0.));
#5283 = ADVANCED_FACE('',(#5284),#5303,.F.);
#5284 = FACE_BOUND('',#5285,.T.);
#5285 = EDGE_LOOP('',(#5286,#5295,#5301,#5302));
#5286 = ORIENTED_EDGE('',*,*,#5287,.T.);
#5287 = EDGE_CURVE('',#5240,#5288,#5290,.T.);
#5288 = VERTEX_POINT('',#5289);
#5289 = CARTESIAN_POINT('',(14.55,17.640119226096,2.));
#5290 = CIRCLE('',#5291,7.35);
#5291 = AXIS2_PLACEMENT_3D('',#5292,#5293,#5294);
#5292 = CARTESIAN_POINT('',(11.55,24.35,2.));
#5293 = DIRECTION('',(0.,0.,-1.));
#5294 = DIRECTION('',(1.,0.,0.));
#5295 = ORIENTED_EDGE('',*,*,#5296,.T.);
#5296 = EDGE_CURVE('',#5288,#1455,#5297,.T.);
#5297 = LINE('',#5298,#5299);
#5298 = CARTESIAN_POINT('',(14.55,17.640119226096,0.));
#5299 = VECTOR('',#5300,1.);
#5300 = DIRECTION('',(0.,0.,1.));
#5301 = ORIENTED_EDGE('',*,*,#1454,.F.);
#5302 = ORIENTED_EDGE('',*,*,#5247,.F.);
#5303 = CYLINDRICAL_SURFACE('',#5304,7.35);
#5304 = AXIS2_PLACEMENT_3D('',#5305,#5306,#5307);
#5305 = CARTESIAN_POINT('',(11.55,24.35,0.));
#5306 = DIRECTION('',(-0.,-0.,-1.));
#5307 = DIRECTION('',(1.,0.,0.));
#5308 = ADVANCED_FACE('',(#5309),#5328,.F.);
#5309 = FACE_BOUND('',#5310,.T.);
#5310 = EDGE_LOOP('',(#5311,#5320,#5321,#5322));
#5311 = ORIENTED_EDGE('',*,*,#5312,.T.);
#5312 = EDGE_CURVE('',#5313,#5264,#5315,.T.);
#5313 = VERTEX_POINT('',#5314);
#5314 = CARTESIAN_POINT('',(-18.51210640756,31.25,2.));
#5315 = CIRCLE('',#5316,5.35);
#5316 = AXIS2_PLACEMENT_3D('',#5317,#5318,#5319);
#5317 = CARTESIAN_POINT('',(-13.55,29.25,2.));
#5318 = DIRECTION('',(0.,0.,-1.));
#5319 = DIRECTION('',(1.,0.,0.));
#5320 = ORIENTED_EDGE('',*,*,#5271,.T.);
#5321 = ORIENTED_EDGE('',*,*,#1770,.F.);
#5322 = ORIENTED_EDGE('',*,*,#5323,.F.);
#5323 = EDGE_CURVE('',#5313,#1763,#5324,.T.);
#5324 = LINE('',#5325,#5326);
#5325 = CARTESIAN_POINT('',(-18.51210640756,31.25,0.));
#5326 = VECTOR('',#5327,1.);
#5327 = DIRECTION('',(0.,0.,1.));
#5328 = CYLINDRICAL_SURFACE('',#5329,5.35);
#5329 = AXIS2_PLACEMENT_3D('',#5330,#5331,#5332);
#5330 = CARTESIAN_POINT('',(-13.55,29.25,0.));
#5331 = DIRECTION('',(-0.,-0.,-1.));
#5332 = DIRECTION('',(1.,0.,0.));
#5333 = ADVANCED_FACE('',(#5334),#5352,.T.);
#5334 = FACE_BOUND('',#5335,.T.);
#5335 = EDGE_LOOP('',(#5336,#5344,#5350,#5351));
#5336 = ORIENTED_EDGE('',*,*,#5337,.T.);
#5337 = EDGE_CURVE('',#5288,#5338,#5340,.T.);
#5338 = VERTEX_POINT('',#5339);
#5339 = CARTESIAN_POINT('',(14.55,16.159880773904,2.));
#5340 = LINE('',#5341,#5342);
#5341 = CARTESIAN_POINT('',(14.55,39.579940386952,2.));
#5342 = VECTOR('',#5343,1.);
#5343 = DIRECTION('',(0.,-1.,0.));
#5344 = ORIENTED_EDGE('',*,*,#5345,.T.);
#5345 = EDGE_CURVE('',#5338,#1464,#5346,.T.);
#5346 = LINE('',#5347,#5348);
#5347 = CARTESIAN_POINT('',(14.55,16.159880773904,0.));
#5348 = VECTOR('',#5349,1.);
#5349 = DIRECTION('',(0.,0.,1.));
#5350 = ORIENTED_EDGE('',*,*,#1463,.T.);
#5351 = ORIENTED_EDGE('',*,*,#5296,.F.);
#5352 = PLANE('',#5353);
#5353 = AXIS2_PLACEMENT_3D('',#5354,#5355,#5356);
#5354 = CARTESIAN_POINT('',(14.55,16.159880773904,0.));
#5355 = DIRECTION('',(-1.,0.,0.));
#5356 = DIRECTION('',(0.,1.,0.));
#5357 = ADVANCED_FACE('',(#5358),#5376,.T.);
#5358 = FACE_BOUND('',#5359,.T.);
#5359 = EDGE_LOOP('',(#5360,#5368,#5369,#5370));
#5360 = ORIENTED_EDGE('',*,*,#5361,.T.);
#5361 = EDGE_CURVE('',#5362,#5313,#5364,.T.);
#5362 = VERTEX_POINT('',#5363);
#5363 = CARTESIAN_POINT('',(-19.,31.25,2.));
#5364 = LINE('',#5365,#5366);
#5365 = CARTESIAN_POINT('',(-9.256053203783,31.25,2.));
#5366 = VECTOR('',#5367,1.);
#5367 = DIRECTION('',(1.,0.,0.));
#5368 = ORIENTED_EDGE('',*,*,#5323,.T.);
#5369 = ORIENTED_EDGE('',*,*,#1762,.T.);
#5370 = ORIENTED_EDGE('',*,*,#5371,.F.);
#5371 = EDGE_CURVE('',#5362,#1755,#5372,.T.);
#5372 = LINE('',#5373,#5374);
#5373 = CARTESIAN_POINT('',(-19.,31.25,0.));
#5374 = VECTOR('',#5375,1.);
#5375 = DIRECTION('',(0.,0.,1.));
#5376 = PLANE('',#5377);
#5377 = AXIS2_PLACEMENT_3D('',#5378,#5379,#5380);
#5378 = CARTESIAN_POINT('',(-18.51210640756,31.25,0.));
#5379 = DIRECTION('',(0.,-1.,0.));
#5380 = DIRECTION('',(-1.,0.,0.));
#5381 = ADVANCED_FACE('',(#5382),#5401,.F.);
#5382 = FACE_BOUND('',#5383,.T.);
#5383 = EDGE_LOOP('',(#5384,#5393,#5399,#5400));
#5384 = ORIENTED_EDGE('',*,*,#5385,.T.);
#5385 = EDGE_CURVE('',#5338,#5386,#5388,.T.);
#5386 = VERTEX_POINT('',#5387);
#5387 = CARTESIAN_POINT('',(18.259880773904,12.45,2.));
#5388 = CIRCLE('',#5389,7.35);
#5389 = AXIS2_PLACEMENT_3D('',#5390,#5391,#5392);
#5390 = CARTESIAN_POINT('',(11.55,9.45,2.));
#5391 = DIRECTION('',(0.,0.,-1.));
#5392 = DIRECTION('',(1.,0.,0.));
#5393 = ORIENTED_EDGE('',*,*,#5394,.T.);
#5394 = EDGE_CURVE('',#5386,#1472,#5395,.T.);
#5395 = LINE('',#5396,#5397);
#5396 = CARTESIAN_POINT('',(18.259880773904,12.45,0.));
#5397 = VECTOR('',#5398,1.);
#5398 = DIRECTION('',(0.,0.,1.));
#5399 = ORIENTED_EDGE('',*,*,#1471,.F.);
#5400 = ORIENTED_EDGE('',*,*,#5345,.F.);
#5401 = CYLINDRICAL_SURFACE('',#5402,7.35);
#5402 = AXIS2_PLACEMENT_3D('',#5403,#5404,#5405);
#5403 = CARTESIAN_POINT('',(11.55,9.45,0.));
#5404 = DIRECTION('',(-0.,-0.,-1.));
#5405 = DIRECTION('',(1.,0.,0.));
#5406 = ADVANCED_FACE('',(#5407),#5425,.F.);
#5407 = FACE_BOUND('',#5408,.F.);
#5408 = EDGE_LOOP('',(#5409,#5410,#5411,#5419));
#5409 = ORIENTED_EDGE('',*,*,#1754,.F.);
#5410 = ORIENTED_EDGE('',*,*,#5371,.F.);
#5411 = ORIENTED_EDGE('',*,*,#5412,.T.);
#5412 = EDGE_CURVE('',#5362,#5413,#5415,.T.);
#5413 = VERTEX_POINT('',#5414);
#5414 = CARTESIAN_POINT('',(-19.,27.25,2.));
#5415 = LINE('',#5416,#5417);
#5416 = CARTESIAN_POINT('',(-19.,124.,2.));
#5417 = VECTOR('',#5418,1.);
#5418 = DIRECTION('',(0.,-1.,0.));
#5419 = ORIENTED_EDGE('',*,*,#5420,.T.);
#5420 = EDGE_CURVE('',#5413,#1747,#5421,.T.);
#5421 = LINE('',#5422,#5423);
#5422 = CARTESIAN_POINT('',(-19.,27.25,0.));
#5423 = VECTOR('',#5424,1.);
#5424 = DIRECTION('',(0.,0.,1.));
#5425 = PLANE('',#5426);
#5426 = AXIS2_PLACEMENT_3D('',#5427,#5428,#5429);
#5427 = CARTESIAN_POINT('',(-19.,124.,273.18773050779));
#5428 = DIRECTION('',(-1.,0.,0.));
#5429 = DIRECTION('',(0.,-1.,0.));
#5430 = ADVANCED_FACE('',(#5431),#5449,.F.);
#5431 = FACE_BOUND('',#5432,.F.);
#5432 = EDGE_LOOP('',(#5433,#5441,#5442,#5443));
#5433 = ORIENTED_EDGE('',*,*,#5434,.T.);
#5434 = EDGE_CURVE('',#5435,#5386,#5437,.T.);
#5435 = VERTEX_POINT('',#5436);
#5436 = CARTESIAN_POINT('',(19.,12.45,2.));
#5437 = LINE('',#5438,#5439);
#5438 = CARTESIAN_POINT('',(9.129940386952,12.45,2.));
#5439 = VECTOR('',#5440,1.);
#5440 = DIRECTION('',(-1.,0.,0.));
#5441 = ORIENTED_EDGE('',*,*,#5394,.T.);
#5442 = ORIENTED_EDGE('',*,*,#1480,.T.);
#5443 = ORIENTED_EDGE('',*,*,#5444,.F.);
#5444 = EDGE_CURVE('',#5435,#1481,#5445,.T.);
#5445 = LINE('',#5446,#5447);
#5446 = CARTESIAN_POINT('',(19.,12.45,0.));
#5447 = VECTOR('',#5448,1.);
#5448 = DIRECTION('',(0.,0.,1.));
#5449 = PLANE('',#5450);
#5450 = AXIS2_PLACEMENT_3D('',#5451,#5452,#5453);
#5451 = CARTESIAN_POINT('',(18.259880773904,12.45,0.));
#5452 = DIRECTION('',(0.,1.,0.));
#5453 = DIRECTION('',(1.,0.,0.));
#5454 = ADVANCED_FACE('',(#5455),#5473,.F.);
#5455 = FACE_BOUND('',#5456,.F.);
#5456 = EDGE_LOOP('',(#5457,#5465,#5471,#5472));
#5457 = ORIENTED_EDGE('',*,*,#5458,.T.);
#5458 = EDGE_CURVE('',#5413,#5459,#5461,.T.);
#5459 = VERTEX_POINT('',#5460);
#5460 = CARTESIAN_POINT('',(-18.51210640756,27.25,2.));
#5461 = LINE('',#5462,#5463);
#5462 = CARTESIAN_POINT('',(-9.256053203783,27.25,2.));
#5463 = VECTOR('',#5464,1.);
#5464 = DIRECTION('',(1.,0.,0.));
#5465 = ORIENTED_EDGE('',*,*,#5466,.T.);
#5466 = EDGE_CURVE('',#5459,#1738,#5467,.T.);
#5467 = LINE('',#5468,#5469);
#5468 = CARTESIAN_POINT('',(-18.51210640756,27.25,0.));
#5469 = VECTOR('',#5470,1.);
#5470 = DIRECTION('',(0.,0.,1.));
#5471 = ORIENTED_EDGE('',*,*,#1746,.T.);
#5472 = ORIENTED_EDGE('',*,*,#5420,.F.);
#5473 = PLANE('',#5474);
#5474 = AXIS2_PLACEMENT_3D('',#5475,#5476,#5477);
#5475 = CARTESIAN_POINT('',(-18.51210640756,27.25,0.));
#5476 = DIRECTION('',(0.,-1.,0.));
#5477 = DIRECTION('',(-1.,0.,0.));
#5478 = ADVANCED_FACE('',(#5479),#5497,.F.);
#5479 = FACE_BOUND('',#5480,.F.);
#5480 = EDGE_LOOP('',(#5481,#5482,#5490,#5496));
#5481 = ORIENTED_EDGE('',*,*,#1488,.F.);
#5482 = ORIENTED_EDGE('',*,*,#5483,.F.);
#5483 = EDGE_CURVE('',#5484,#1489,#5486,.T.);
#5484 = VERTEX_POINT('',#5485);
#5485 = CARTESIAN_POINT('',(19.,6.45,2.));
#5486 = LINE('',#5487,#5488);
#5487 = CARTESIAN_POINT('',(19.,6.45,0.));
#5488 = VECTOR('',#5489,1.);
#5489 = DIRECTION('',(0.,0.,1.));
#5490 = ORIENTED_EDGE('',*,*,#5491,.T.);
#5491 = EDGE_CURVE('',#5484,#5435,#5492,.T.);
#5492 = LINE('',#5493,#5494);
#5493 = CARTESIAN_POINT('',(19.,2.,2.));
#5494 = VECTOR('',#5495,1.);
#5495 = DIRECTION('',(0.,1.,0.));
#5496 = ORIENTED_EDGE('',*,*,#5444,.T.);
#5497 = PLANE('',#5498);
#5498 = AXIS2_PLACEMENT_3D('',#5499,#5500,#5501);
#5499 = CARTESIAN_POINT('',(19.,2.,273.18773050779));
#5500 = DIRECTION('',(1.,0.,0.));
#5501 = DIRECTION('',(0.,1.,0.));
#5502 = ADVANCED_FACE('',(#5503),#5522,.F.);
#5503 = FACE_BOUND('',#5504,.T.);
#5504 = EDGE_LOOP('',(#5505,#5514,#5515,#5516));
#5505 = ORIENTED_EDGE('',*,*,#5506,.T.);
#5506 = EDGE_CURVE('',#5507,#5459,#5509,.T.);
#5507 = VERTEX_POINT('',#5508);
#5508 = CARTESIAN_POINT('',(-15.55,24.287893592435,2.));
#5509 = CIRCLE('',#5510,5.35);
#5510 = AXIS2_PLACEMENT_3D('',#5511,#5512,#5513);
#5511 = CARTESIAN_POINT('',(-13.55,29.25,2.));
#5512 = DIRECTION('',(0.,0.,-1.));
#5513 = DIRECTION('',(1.,0.,0.));
#5514 = ORIENTED_EDGE('',*,*,#5466,.T.);
#5515 = ORIENTED_EDGE('',*,*,#1737,.F.);
#5516 = ORIENTED_EDGE('',*,*,#5517,.F.);
#5517 = EDGE_CURVE('',#5507,#1730,#5518,.T.);
#5518 = LINE('',#5519,#5520);
#5519 = CARTESIAN_POINT('',(-15.55,24.287893592435,0.));
#5520 = VECTOR('',#5521,1.);
#5521 = DIRECTION('',(0.,0.,1.));
#5522 = CYLINDRICAL_SURFACE('',#5523,5.35);
#5523 = AXIS2_PLACEMENT_3D('',#5524,#5525,#5526);
#5524 = CARTESIAN_POINT('',(-13.55,29.25,0.));
#5525 = DIRECTION('',(-0.,-0.,-1.));
#5526 = DIRECTION('',(1.,0.,0.));
#5527 = ADVANCED_FACE('',(#5528),#5546,.T.);
#5528 = FACE_BOUND('',#5529,.T.);
#5529 = EDGE_LOOP('',(#5530,#5538,#5544,#5545));
#5530 = ORIENTED_EDGE('',*,*,#5531,.T.);
#5531 = EDGE_CURVE('',#5484,#5532,#5534,.T.);
#5532 = VERTEX_POINT('',#5533);
#5533 = CARTESIAN_POINT('',(18.259880773904,6.45,2.));
#5534 = LINE('',#5535,#5536);
#5535 = CARTESIAN_POINT('',(9.129940386952,6.45,2.));
#5536 = VECTOR('',#5537,1.);
#5537 = DIRECTION('',(-1.,0.,0.));
#5538 = ORIENTED_EDGE('',*,*,#5539,.T.);
#5539 = EDGE_CURVE('',#5532,#1497,#5540,.T.);
#5540 = LINE('',#5541,#5542);
#5541 = CARTESIAN_POINT('',(18.259880773904,6.45,0.));
#5542 = VECTOR('',#5543,1.);
#5543 = DIRECTION('',(0.,0.,1.));
#5544 = ORIENTED_EDGE('',*,*,#1496,.T.);
#5545 = ORIENTED_EDGE('',*,*,#5483,.F.);
#5546 = PLANE('',#5547);
#5547 = AXIS2_PLACEMENT_3D('',#5548,#5549,#5550);
#5548 = CARTESIAN_POINT('',(18.259880773904,6.45,0.));
#5549 = DIRECTION('',(0.,1.,0.));
#5550 = DIRECTION('',(1.,0.,0.));
#5551 = ADVANCED_FACE('',(#5552),#5570,.T.);
#5552 = FACE_BOUND('',#5553,.T.);
#5553 = EDGE_LOOP('',(#5554,#5562,#5563,#5564));
#5554 = ORIENTED_EDGE('',*,*,#5555,.T.);
#5555 = EDGE_CURVE('',#5556,#5507,#5558,.T.);
#5556 = VERTEX_POINT('',#5557);
#5557 = CARTESIAN_POINT('',(-15.55,23.312106407565,2.));
#5558 = LINE('',#5559,#5560);
#5559 = CARTESIAN_POINT('',(-15.55,43.643946796217,2.));
#5560 = VECTOR('',#5561,1.);
#5561 = DIRECTION('',(0.,1.,0.));
#5562 = ORIENTED_EDGE('',*,*,#5517,.T.);
#5563 = ORIENTED_EDGE('',*,*,#1729,.T.);
#5564 = ORIENTED_EDGE('',*,*,#5565,.F.);
#5565 = EDGE_CURVE('',#5556,#1721,#5566,.T.);
#5566 = LINE('',#5567,#5568);
#5567 = CARTESIAN_POINT('',(-15.55,23.312106407565,0.));
#5568 = VECTOR('',#5569,1.);
#5569 = DIRECTION('',(0.,0.,1.));
#5570 = PLANE('',#5571);
#5571 = AXIS2_PLACEMENT_3D('',#5572,#5573,#5574);
#5572 = CARTESIAN_POINT('',(-15.55,24.287893592435,0.));
#5573 = DIRECTION('',(1.,0.,0.));
#5574 = DIRECTION('',(0.,-1.,0.));
#5575 = ADVANCED_FACE('',(#5576),#5595,.F.);
#5576 = FACE_BOUND('',#5577,.T.);
#5577 = EDGE_LOOP('',(#5578,#5587,#5593,#5594));
#5578 = ORIENTED_EDGE('',*,*,#5579,.T.);
#5579 = EDGE_CURVE('',#5532,#5580,#5582,.T.);
#5580 = VERTEX_POINT('',#5581);
#5581 = CARTESIAN_POINT('',(14.55,2.740119226096,2.));
#5582 = CIRCLE('',#5583,7.35);
#5583 = AXIS2_PLACEMENT_3D('',#5584,#5585,#5586);
#5584 = CARTESIAN_POINT('',(11.55,9.45,2.));
#5585 = DIRECTION('',(0.,0.,-1.));
#5586 = DIRECTION('',(1.,0.,0.));
#5587 = ORIENTED_EDGE('',*,*,#5588,.T.);
#5588 = EDGE_CURVE('',#5580,#1505,#5589,.T.);
#5589 = LINE('',#5590,#5591);
#5590 = CARTESIAN_POINT('',(14.55,2.740119226096,0.));
#5591 = VECTOR('',#5592,1.);
#5592 = DIRECTION('',(0.,0.,1.));
#5593 = ORIENTED_EDGE('',*,*,#1504,.F.);
#5594 = ORIENTED_EDGE('',*,*,#5539,.F.);
#5595 = CYLINDRICAL_SURFACE('',#5596,7.35);
#5596 = AXIS2_PLACEMENT_3D('',#5597,#5598,#5599);
#5597 = CARTESIAN_POINT('',(11.55,9.45,0.));
#5598 = DIRECTION('',(-0.,-0.,-1.));
#5599 = DIRECTION('',(1.,0.,0.));
#5600 = ADVANCED_FACE('',(#5601),#5620,.F.);
#5601 = FACE_BOUND('',#5602,.T.);
#5602 = EDGE_LOOP('',(#5603,#5612,#5613,#5614));
#5603 = ORIENTED_EDGE('',*,*,#5604,.T.);
#5604 = EDGE_CURVE('',#5605,#5556,#5607,.T.);
#5605 = VERTEX_POINT('',#5606);
#5606 = CARTESIAN_POINT('',(-18.51210640756,20.35,2.));
#5607 = CIRCLE('',#5608,5.35);
#5608 = AXIS2_PLACEMENT_3D('',#5609,#5610,#5611);
#5609 = CARTESIAN_POINT('',(-13.55,18.35,2.));
#5610 = DIRECTION('',(0.,0.,-1.));
#5611 = DIRECTION('',(1.,0.,0.));
#5612 = ORIENTED_EDGE('',*,*,#5565,.T.);
#5613 = ORIENTED_EDGE('',*,*,#1720,.F.);
#5614 = ORIENTED_EDGE('',*,*,#5615,.F.);
#5615 = EDGE_CURVE('',#5605,#1713,#5616,.T.);
#5616 = LINE('',#5617,#5618);
#5617 = CARTESIAN_POINT('',(-18.51210640756,20.35,0.));
#5618 = VECTOR('',#5619,1.);
#5619 = DIRECTION('',(0.,0.,1.));
#5620 = CYLINDRICAL_SURFACE('',#5621,5.35);
#5621 = AXIS2_PLACEMENT_3D('',#5622,#5623,#5624);
#5622 = CARTESIAN_POINT('',(-13.55,18.35,0.));
#5623 = DIRECTION('',(-0.,-0.,-1.));
#5624 = DIRECTION('',(1.,0.,0.));
#5625 = ADVANCED_FACE('',(#5626),#5644,.F.);
#5626 = FACE_BOUND('',#5627,.F.);
#5627 = EDGE_LOOP('',(#5628,#5636,#5637,#5638));
#5628 = ORIENTED_EDGE('',*,*,#5629,.T.);
#5629 = EDGE_CURVE('',#5630,#5580,#5632,.T.);
#5630 = VERTEX_POINT('',#5631);
#5631 = CARTESIAN_POINT('',(14.55,2.,2.));
#5632 = LINE('',#5633,#5634);
#5633 = CARTESIAN_POINT('',(14.55,32.870059613048,2.));
#5634 = VECTOR('',#5635,1.);
#5635 = DIRECTION('',(0.,1.,0.));
#5636 = ORIENTED_EDGE('',*,*,#5588,.T.);
#5637 = ORIENTED_EDGE('',*,*,#1513,.T.);
#5638 = ORIENTED_EDGE('',*,*,#5639,.F.);
#5639 = EDGE_CURVE('',#5630,#1514,#5640,.T.);
#5640 = LINE('',#5641,#5642);
#5641 = CARTESIAN_POINT('',(14.55,2.,0.));
#5642 = VECTOR('',#5643,1.);
#5643 = DIRECTION('',(0.,0.,1.));
#5644 = PLANE('',#5645);
#5645 = AXIS2_PLACEMENT_3D('',#5646,#5647,#5648);
#5646 = CARTESIAN_POINT('',(14.55,2.740119226096,0.));
#5647 = DIRECTION('',(1.,0.,0.));
#5648 = DIRECTION('',(0.,-1.,0.));
#5649 = ADVANCED_FACE('',(#5650),#5668,.T.);
#5650 = FACE_BOUND('',#5651,.T.);
#5651 = EDGE_LOOP('',(#5652,#5660,#5661,#5662));
#5652 = ORIENTED_EDGE('',*,*,#5653,.T.);
#5653 = EDGE_CURVE('',#5654,#5605,#5656,.T.);
#5654 = VERTEX_POINT('',#5655);
#5655 = CARTESIAN_POINT('',(-19.,20.35,2.));
#5656 = LINE('',#5657,#5658);
#5657 = CARTESIAN_POINT('',(-9.256053203783,20.35,2.));
#5658 = VECTOR('',#5659,1.);
#5659 = DIRECTION('',(1.,0.,0.));
#5660 = ORIENTED_EDGE('',*,*,#5615,.T.);
#5661 = ORIENTED_EDGE('',*,*,#1712,.T.);
#5662 = ORIENTED_EDGE('',*,*,#5663,.F.);
#5663 = EDGE_CURVE('',#5654,#1705,#5664,.T.);
#5664 = LINE('',#5665,#5666);
#5665 = CARTESIAN_POINT('',(-19.,20.35,0.));
#5666 = VECTOR('',#5667,1.);
#5667 = DIRECTION('',(0.,0.,1.));
#5668 = PLANE('',#5669);
#5669 = AXIS2_PLACEMENT_3D('',#5670,#5671,#5672);
#5670 = CARTESIAN_POINT('',(-18.51210640756,20.35,0.));
#5671 = DIRECTION('',(0.,-1.,0.));
#5672 = DIRECTION('',(-1.,0.,0.));
#5673 = ADVANCED_FACE('',(#5674),#5692,.F.);
#5674 = FACE_BOUND('',#5675,.F.);
#5675 = EDGE_LOOP('',(#5676,#5677,#5685,#5691));
#5676 = ORIENTED_EDGE('',*,*,#1521,.F.);
#5677 = ORIENTED_EDGE('',*,*,#5678,.F.);
#5678 = EDGE_CURVE('',#5679,#1522,#5681,.T.);
#5679 = VERTEX_POINT('',#5680);
#5680 = CARTESIAN_POINT('',(8.55,2.,2.));
#5681 = LINE('',#5682,#5683);
#5682 = CARTESIAN_POINT('',(8.55,2.,0.));
#5683 = VECTOR('',#5684,1.);
#5684 = DIRECTION('',(0.,0.,1.));
#5685 = ORIENTED_EDGE('',*,*,#5686,.T.);
#5686 = EDGE_CURVE('',#5679,#5630,#5687,.T.);
#5687 = LINE('',#5688,#5689);
#5688 = CARTESIAN_POINT('',(-19.,2.,2.));
#5689 = VECTOR('',#5690,1.);
#5690 = DIRECTION('',(1.,0.,0.));
#5691 = ORIENTED_EDGE('',*,*,#5639,.T.);
#5692 = PLANE('',#5693);
#5693 = AXIS2_PLACEMENT_3D('',#5694,#5695,#5696);
#5694 = CARTESIAN_POINT('',(-19.,2.,273.18773050779));
#5695 = DIRECTION('',(0.,-1.,0.));
#5696 = DIRECTION('',(1.,0.,0.));
#5697 = ADVANCED_FACE('',(#5698),#5716,.F.);
#5698 = FACE_BOUND('',#5699,.F.);
#5699 = EDGE_LOOP('',(#5700,#5701,#5702,#5710));
#5700 = ORIENTED_EDGE('',*,*,#1704,.F.);
#5701 = ORIENTED_EDGE('',*,*,#5663,.F.);
#5702 = ORIENTED_EDGE('',*,*,#5703,.T.);
#5703 = EDGE_CURVE('',#5654,#5704,#5706,.T.);
#5704 = VERTEX_POINT('',#5705);
#5705 = CARTESIAN_POINT('',(-19.,16.35,2.));
#5706 = LINE('',#5707,#5708);
#5707 = CARTESIAN_POINT('',(-19.,124.,2.));
#5708 = VECTOR('',#5709,1.);
#5709 = DIRECTION('',(0.,-1.,0.));
#5710 = ORIENTED_EDGE('',*,*,#5711,.T.);
#5711 = EDGE_CURVE('',#5704,#1697,#5712,.T.);
#5712 = LINE('',#5713,#5714);
#5713 = CARTESIAN_POINT('',(-19.,16.35,0.));
#5714 = VECTOR('',#5715,1.);
#5715 = DIRECTION('',(0.,0.,1.));
#5716 = PLANE('',#5717);
#5717 = AXIS2_PLACEMENT_3D('',#5718,#5719,#5720);
#5718 = CARTESIAN_POINT('',(-19.,124.,273.18773050779));
#5719 = DIRECTION('',(-1.,0.,0.));
#5720 = DIRECTION('',(0.,-1.,0.));
#5721 = ADVANCED_FACE('',(#5722),#5740,.T.);
#5722 = FACE_BOUND('',#5723,.T.);
#5723 = EDGE_LOOP('',(#5724,#5732,#5738,#5739));
#5724 = ORIENTED_EDGE('',*,*,#5725,.T.);
#5725 = EDGE_CURVE('',#5679,#5726,#5728,.T.);
#5726 = VERTEX_POINT('',#5727);
#5727 = CARTESIAN_POINT('',(8.55,2.740119226096,2.));
#5728 = LINE('',#5729,#5730);
#5729 = CARTESIAN_POINT('',(8.55,32.870059613048,2.));
#5730 = VECTOR('',#5731,1.);
#5731 = DIRECTION('',(0.,1.,0.));
#5732 = ORIENTED_EDGE('',*,*,#5733,.T.);
#5733 = EDGE_CURVE('',#5726,#1530,#5734,.T.);
#5734 = LINE('',#5735,#5736);
#5735 = CARTESIAN_POINT('',(8.55,2.740119226096,0.));
#5736 = VECTOR('',#5737,1.);
#5737 = DIRECTION('',(0.,0.,1.));
#5738 = ORIENTED_EDGE('',*,*,#1529,.T.);
#5739 = ORIENTED_EDGE('',*,*,#5678,.F.);
#5740 = PLANE('',#5741);
#5741 = AXIS2_PLACEMENT_3D('',#5742,#5743,#5744);
#5742 = CARTESIAN_POINT('',(8.55,2.740119226096,0.));
#5743 = DIRECTION('',(1.,0.,0.));
#5744 = DIRECTION('',(0.,-1.,0.));
#5745 = ADVANCED_FACE('',(#5746),#5764,.T.);
#5746 = FACE_BOUND('',#5747,.T.);
#5747 = EDGE_LOOP('',(#5748,#5756,#5757,#5758));
#5748 = ORIENTED_EDGE('',*,*,#5749,.T.);
#5749 = EDGE_CURVE('',#5750,#5704,#5752,.T.);
#5750 = VERTEX_POINT('',#5751);
#5751 = CARTESIAN_POINT('',(-18.51210640756,16.35,2.));
#5752 = LINE('',#5753,#5754);
#5753 = CARTESIAN_POINT('',(-9.5,16.35,2.));
#5754 = VECTOR('',#5755,1.);
#5755 = DIRECTION('',(-1.,0.,0.));
#5756 = ORIENTED_EDGE('',*,*,#5711,.T.);
#5757 = ORIENTED_EDGE('',*,*,#1696,.T.);
#5758 = ORIENTED_EDGE('',*,*,#5759,.F.);
#5759 = EDGE_CURVE('',#5750,#1688,#5760,.T.);
#5760 = LINE('',#5761,#5762);
#5761 = CARTESIAN_POINT('',(-18.51210640756,16.35,0.));
#5762 = VECTOR('',#5763,1.);
#5763 = DIRECTION('',(0.,0.,1.));
#5764 = PLANE('',#5765);
#5765 = AXIS2_PLACEMENT_3D('',#5766,#5767,#5768);
#5766 = CARTESIAN_POINT('',(-19.,16.35,0.));
#5767 = DIRECTION('',(0.,1.,0.));
#5768 = DIRECTION('',(1.,0.,0.));
#5769 = ADVANCED_FACE('',(#5770),#5789,.F.);
#5770 = FACE_BOUND('',#5771,.T.);
#5771 = EDGE_LOOP('',(#5772,#5781,#5787,#5788));
#5772 = ORIENTED_EDGE('',*,*,#5773,.T.);
#5773 = EDGE_CURVE('',#5726,#5774,#5776,.T.);
#5774 = VERTEX_POINT('',#5775);
#5775 = CARTESIAN_POINT('',(5.38376127611,5.45,2.));
#5776 = CIRCLE('',#5777,7.35);
#5777 = AXIS2_PLACEMENT_3D('',#5778,#5779,#5780);
#5778 = CARTESIAN_POINT('',(11.55,9.45,2.));
#5779 = DIRECTION('',(0.,0.,-1.));
#5780 = DIRECTION('',(1.,0.,0.));
#5781 = ORIENTED_EDGE('',*,*,#5782,.T.);
#5782 = EDGE_CURVE('',#5774,#1538,#5783,.T.);
#5783 = LINE('',#5784,#5785);
#5784 = CARTESIAN_POINT('',(5.38376127611,5.45,0.));
#5785 = VECTOR('',#5786,1.);
#5786 = DIRECTION('',(0.,0.,1.));
#5787 = ORIENTED_EDGE('',*,*,#1537,.F.);
#5788 = ORIENTED_EDGE('',*,*,#5733,.F.);
#5789 = CYLINDRICAL_SURFACE('',#5790,7.35);
#5790 = AXIS2_PLACEMENT_3D('',#5791,#5792,#5793);
#5791 = CARTESIAN_POINT('',(11.55,9.45,0.));
#5792 = DIRECTION('',(-0.,-0.,-1.));
#5793 = DIRECTION('',(1.,0.,0.));
#5794 = ADVANCED_FACE('',(#5795),#5814,.F.);
#5795 = FACE_BOUND('',#5796,.T.);
#5796 = EDGE_LOOP('',(#5797,#5806,#5807,#5808));
#5797 = ORIENTED_EDGE('',*,*,#5798,.T.);
#5798 = EDGE_CURVE('',#5799,#5750,#5801,.T.);
#5799 = VERTEX_POINT('',#5800);
#5800 = CARTESIAN_POINT('',(-15.55,13.387893592435,2.));
#5801 = CIRCLE('',#5802,5.35);
#5802 = AXIS2_PLACEMENT_3D('',#5803,#5804,#5805);
#5803 = CARTESIAN_POINT('',(-13.55,18.35,2.));
#5804 = DIRECTION('',(0.,0.,-1.));
#5805 = DIRECTION('',(1.,0.,0.));
#5806 = ORIENTED_EDGE('',*,*,#5759,.T.);
#5807 = ORIENTED_EDGE('',*,*,#1687,.F.);
#5808 = ORIENTED_EDGE('',*,*,#5809,.F.);
#5809 = EDGE_CURVE('',#5799,#1680,#5810,.T.);
#5810 = LINE('',#5811,#5812);
#5811 = CARTESIAN_POINT('',(-15.55,13.387893592435,0.));
#5812 = VECTOR('',#5813,1.);
#5813 = DIRECTION('',(0.,0.,1.));
#5814 = CYLINDRICAL_SURFACE('',#5815,5.35);
#5815 = AXIS2_PLACEMENT_3D('',#5816,#5817,#5818);
#5816 = CARTESIAN_POINT('',(-13.55,18.35,0.));
#5817 = DIRECTION('',(-0.,-0.,-1.));
#5818 = DIRECTION('',(1.,0.,0.));
#5819 = ADVANCED_FACE('',(#5820),#5838,.T.);
#5820 = FACE_BOUND('',#5821,.T.);
#5821 = EDGE_LOOP('',(#5822,#5830,#5836,#5837));
#5822 = ORIENTED_EDGE('',*,*,#5823,.T.);
#5823 = EDGE_CURVE('',#5774,#5824,#5826,.T.);
#5824 = VERTEX_POINT('',#5825);
#5825 = CARTESIAN_POINT('',(2.312106407565,5.45,2.));
#5826 = LINE('',#5827,#5828);
#5827 = CARTESIAN_POINT('',(1.156053203783,5.45,2.));
#5828 = VECTOR('',#5829,1.);
#5829 = DIRECTION('',(-1.,0.,0.));
#5830 = ORIENTED_EDGE('',*,*,#5831,.T.);
#5831 = EDGE_CURVE('',#5824,#1547,#5832,.T.);
#5832 = LINE('',#5833,#5834);
#5833 = CARTESIAN_POINT('',(2.312106407565,5.45,0.));
#5834 = VECTOR('',#5835,1.);
#5835 = DIRECTION('',(0.,0.,1.));
#5836 = ORIENTED_EDGE('',*,*,#1546,.T.);
#5837 = ORIENTED_EDGE('',*,*,#5782,.F.);
#5838 = PLANE('',#5839);
#5839 = AXIS2_PLACEMENT_3D('',#5840,#5841,#5842);
#5840 = CARTESIAN_POINT('',(2.312106407565,5.45,0.));
#5841 = DIRECTION('',(0.,1.,0.));
#5842 = DIRECTION('',(1.,0.,0.));
#5843 = ADVANCED_FACE('',(#5844),#5862,.T.);
#5844 = FACE_BOUND('',#5845,.T.);
#5845 = EDGE_LOOP('',(#5846,#5854,#5855,#5856));
#5846 = ORIENTED_EDGE('',*,*,#5847,.T.);
#5847 = EDGE_CURVE('',#5848,#5799,#5850,.T.);
#5848 = VERTEX_POINT('',#5849);
#5849 = CARTESIAN_POINT('',(-15.55,12.412106407565,2.));
#5850 = LINE('',#5851,#5852);
#5851 = CARTESIAN_POINT('',(-15.55,38.193946796217,2.));
#5852 = VECTOR('',#5853,1.);
#5853 = DIRECTION('',(0.,1.,0.));
#5854 = ORIENTED_EDGE('',*,*,#5809,.T.);
#5855 = ORIENTED_EDGE('',*,*,#1679,.T.);
#5856 = ORIENTED_EDGE('',*,*,#5857,.F.);
#5857 = EDGE_CURVE('',#5848,#1671,#5858,.T.);
#5858 = LINE('',#5859,#5860);
#5859 = CARTESIAN_POINT('',(-15.55,12.412106407565,0.));
#5860 = VECTOR('',#5861,1.);
#5861 = DIRECTION('',(0.,0.,1.));
#5862 = PLANE('',#5863);
#5863 = AXIS2_PLACEMENT_3D('',#5864,#5865,#5866);
#5864 = CARTESIAN_POINT('',(-15.55,13.387893592435,0.));
#5865 = DIRECTION('',(1.,0.,0.));
#5866 = DIRECTION('',(0.,-1.,0.));
#5867 = ADVANCED_FACE('',(#5868),#5887,.F.);
#5868 = FACE_BOUND('',#5869,.T.);
#5869 = EDGE_LOOP('',(#5870,#5879,#5885,#5886));
#5870 = ORIENTED_EDGE('',*,*,#5871,.T.);
#5871 = EDGE_CURVE('',#5824,#5872,#5874,.T.);
#5872 = VERTEX_POINT('',#5873);
#5873 = CARTESIAN_POINT('',(-0.65,2.487893592435,2.));
#5874 = CIRCLE('',#5875,5.35);
#5875 = AXIS2_PLACEMENT_3D('',#5876,#5877,#5878);
#5876 = CARTESIAN_POINT('',(-2.65,7.45,2.));
#5877 = DIRECTION('',(0.,0.,-1.));
#5878 = DIRECTION('',(1.,0.,0.));
#5879 = ORIENTED_EDGE('',*,*,#5880,.T.);
#5880 = EDGE_CURVE('',#5872,#1555,#5881,.T.);
#5881 = LINE('',#5882,#5883);
#5882 = CARTESIAN_POINT('',(-0.65,2.487893592435,0.));
#5883 = VECTOR('',#5884,1.);
#5884 = DIRECTION('',(0.,0.,1.));
#5885 = ORIENTED_EDGE('',*,*,#1554,.F.);
#5886 = ORIENTED_EDGE('',*,*,#5831,.F.);
#5887 = CYLINDRICAL_SURFACE('',#5888,5.35);
#5888 = AXIS2_PLACEMENT_3D('',#5889,#5890,#5891);
#5889 = CARTESIAN_POINT('',(-2.65,7.45,0.));
#5890 = DIRECTION('',(-0.,-0.,-1.));
#5891 = DIRECTION('',(1.,0.,0.));
#5892 = ADVANCED_FACE('',(#5893),#5912,.F.);
#5893 = FACE_BOUND('',#5894,.T.);
#5894 = EDGE_LOOP('',(#5895,#5904,#5905,#5906));
#5895 = ORIENTED_EDGE('',*,*,#5896,.T.);
#5896 = EDGE_CURVE('',#5897,#5848,#5899,.T.);
#5897 = VERTEX_POINT('',#5898);
#5898 = CARTESIAN_POINT('',(-18.51210640756,9.45,2.));
#5899 = CIRCLE('',#5900,5.35);
#5900 = AXIS2_PLACEMENT_3D('',#5901,#5902,#5903);
#5901 = CARTESIAN_POINT('',(-13.55,7.45,2.));
#5902 = DIRECTION('',(0.,0.,-1.));
#5903 = DIRECTION('',(1.,0.,0.));
#5904 = ORIENTED_EDGE('',*,*,#5857,.T.);
#5905 = ORIENTED_EDGE('',*,*,#1670,.F.);
#5906 = ORIENTED_EDGE('',*,*,#5907,.F.);
#5907 = EDGE_CURVE('',#5897,#1663,#5908,.T.);
#5908 = LINE('',#5909,#5910);
#5909 = CARTESIAN_POINT('',(-18.51210640756,9.45,0.));
#5910 = VECTOR('',#5911,1.);
#5911 = DIRECTION('',(0.,0.,1.));
#5912 = CYLINDRICAL_SURFACE('',#5913,5.35);
#5913 = AXIS2_PLACEMENT_3D('',#5914,#5915,#5916);
#5914 = CARTESIAN_POINT('',(-13.55,7.45,0.));
#5915 = DIRECTION('',(-0.,-0.,-1.));
#5916 = DIRECTION('',(1.,0.,0.));
#5917 = ADVANCED_FACE('',(#5918),#5936,.F.);
#5918 = FACE_BOUND('',#5919,.F.);
#5919 = EDGE_LOOP('',(#5920,#5928,#5929,#5930));
#5920 = ORIENTED_EDGE('',*,*,#5921,.T.);
#5921 = EDGE_CURVE('',#5922,#5872,#5924,.T.);
#5922 = VERTEX_POINT('',#5923);
#5923 = CARTESIAN_POINT('',(-0.65,2.,2.));
#5924 = LINE('',#5925,#5926);
#5925 = CARTESIAN_POINT('',(-0.65,32.743946796217,2.));
#5926 = VECTOR('',#5927,1.);
#5927 = DIRECTION('',(0.,1.,0.));
#5928 = ORIENTED_EDGE('',*,*,#5880,.T.);
#5929 = ORIENTED_EDGE('',*,*,#1563,.T.);
#5930 = ORIENTED_EDGE('',*,*,#5931,.F.);
#5931 = EDGE_CURVE('',#5922,#1564,#5932,.T.);
#5932 = LINE('',#5933,#5934);
#5933 = CARTESIAN_POINT('',(-0.65,2.,0.));
#5934 = VECTOR('',#5935,1.);
#5935 = DIRECTION('',(0.,0.,1.));
#5936 = PLANE('',#5937);
#5937 = AXIS2_PLACEMENT_3D('',#5938,#5939,#5940);
#5938 = CARTESIAN_POINT('',(-0.65,2.487893592435,0.));
#5939 = DIRECTION('',(1.,0.,0.));
#5940 = DIRECTION('',(0.,-1.,0.));
#5941 = ADVANCED_FACE('',(#5942),#5960,.F.);
#5942 = FACE_BOUND('',#5943,.F.);
#5943 = EDGE_LOOP('',(#5944,#5952,#5958,#5959));
#5944 = ORIENTED_EDGE('',*,*,#5945,.T.);
#5945 = EDGE_CURVE('',#5897,#5946,#5948,.T.);
#5946 = VERTEX_POINT('',#5947);
#5947 = CARTESIAN_POINT('',(-19.,9.45,2.));
#5948 = LINE('',#5949,#5950);
#5949 = CARTESIAN_POINT('',(-9.5,9.45,2.));
#5950 = VECTOR('',#5951,1.);
#5951 = DIRECTION('',(-1.,0.,0.));
#5952 = ORIENTED_EDGE('',*,*,#5953,.T.);
#5953 = EDGE_CURVE('',#5946,#1655,#5954,.T.);
#5954 = LINE('',#5955,#5956);
#5955 = CARTESIAN_POINT('',(-19.,9.45,0.));
#5956 = VECTOR('',#5957,1.);
#5957 = DIRECTION('',(0.,0.,1.));
#5958 = ORIENTED_EDGE('',*,*,#1662,.T.);
#5959 = ORIENTED_EDGE('',*,*,#5907,.F.);
#5960 = PLANE('',#5961);
#5961 = AXIS2_PLACEMENT_3D('',#5962,#5963,#5964);
#5962 = CARTESIAN_POINT('',(-19.,9.45,0.));
#5963 = DIRECTION('',(0.,1.,0.));
#5964 = DIRECTION('',(1.,0.,0.));
#5965 = ADVANCED_FACE('',(#5966),#5984,.F.);
#5966 = FACE_BOUND('',#5967,.F.);
#5967 = EDGE_LOOP('',(#5968,#5969,#5977,#5983));
#5968 = ORIENTED_EDGE('',*,*,#1571,.F.);
#5969 = ORIENTED_EDGE('',*,*,#5970,.F.);
#5970 = EDGE_CURVE('',#5971,#1572,#5973,.T.);
#5971 = VERTEX_POINT('',#5972);
#5972 = CARTESIAN_POINT('',(-4.65,2.,2.));
#5973 = LINE('',#5974,#5975);
#5974 = CARTESIAN_POINT('',(-4.65,2.,0.));
#5975 = VECTOR('',#5976,1.);
#5976 = DIRECTION('',(0.,0.,1.));
#5977 = ORIENTED_EDGE('',*,*,#5978,.T.);
#5978 = EDGE_CURVE('',#5971,#5922,#5979,.T.);
#5979 = LINE('',#5980,#5981);
#5980 = CARTESIAN_POINT('',(-19.,2.,2.));
#5981 = VECTOR('',#5982,1.);
#5982 = DIRECTION('',(1.,0.,0.));
#5983 = ORIENTED_EDGE('',*,*,#5931,.T.);
#5984 = PLANE('',#5985);
#5985 = AXIS2_PLACEMENT_3D('',#5986,#5987,#5988);
#5986 = CARTESIAN_POINT('',(-19.,2.,273.18773050779));
#5987 = DIRECTION('',(0.,-1.,0.));
#5988 = DIRECTION('',(1.,0.,0.));
#5989 = ADVANCED_FACE('',(#5990),#6008,.F.);
#5990 = FACE_BOUND('',#5991,.F.);
#5991 = EDGE_LOOP('',(#5992,#5993,#5994,#6002));
#5992 = ORIENTED_EDGE('',*,*,#1654,.F.);
#5993 = ORIENTED_EDGE('',*,*,#5953,.F.);
#5994 = ORIENTED_EDGE('',*,*,#5995,.T.);
#5995 = EDGE_CURVE('',#5946,#5996,#5998,.T.);
#5996 = VERTEX_POINT('',#5997);
#5997 = CARTESIAN_POINT('',(-19.,5.45,2.));
#5998 = LINE('',#5999,#6000);
#5999 = CARTESIAN_POINT('',(-19.,124.,2.));
#6000 = VECTOR('',#6001,1.);
#6001 = DIRECTION('',(0.,-1.,0.));
#6002 = ORIENTED_EDGE('',*,*,#6003,.T.);
#6003 = EDGE_CURVE('',#5996,#1647,#6004,.T.);
#6004 = LINE('',#6005,#6006);
#6005 = CARTESIAN_POINT('',(-19.,5.45,0.));
#6006 = VECTOR('',#6007,1.);
#6007 = DIRECTION('',(0.,0.,1.));
#6008 = PLANE('',#6009);
#6009 = AXIS2_PLACEMENT_3D('',#6010,#6011,#6012);
#6010 = CARTESIAN_POINT('',(-19.,124.,273.18773050779));
#6011 = DIRECTION('',(-1.,0.,0.));
#6012 = DIRECTION('',(0.,-1.,0.));
#6013 = ADVANCED_FACE('',(#6014),#6032,.T.);
#6014 = FACE_BOUND('',#6015,.T.);
#6015 = EDGE_LOOP('',(#6016,#6024,#6030,#6031));
#6016 = ORIENTED_EDGE('',*,*,#6017,.T.);
#6017 = EDGE_CURVE('',#5971,#6018,#6020,.T.);
#6018 = VERTEX_POINT('',#6019);
#6019 = CARTESIAN_POINT('',(-4.65,2.487893592435,2.));
#6020 = LINE('',#6021,#6022);
#6021 = CARTESIAN_POINT('',(-4.65,32.743946796217,2.));
#6022 = VECTOR('',#6023,1.);
#6023 = DIRECTION('',(0.,1.,0.));
#6024 = ORIENTED_EDGE('',*,*,#6025,.T.);
#6025 = EDGE_CURVE('',#6018,#1580,#6026,.T.);
#6026 = LINE('',#6027,#6028);
#6027 = CARTESIAN_POINT('',(-4.65,2.487893592435,0.));
#6028 = VECTOR('',#6029,1.);
#6029 = DIRECTION('',(0.,0.,1.));
#6030 = ORIENTED_EDGE('',*,*,#1579,.T.);
#6031 = ORIENTED_EDGE('',*,*,#5970,.F.);
#6032 = PLANE('',#6033);
#6033 = AXIS2_PLACEMENT_3D('',#6034,#6035,#6036);
#6034 = CARTESIAN_POINT('',(-4.65,2.487893592435,0.));
#6035 = DIRECTION('',(1.,0.,0.));
#6036 = DIRECTION('',(0.,-1.,0.));
#6037 = ADVANCED_FACE('',(#6038),#6056,.T.);
#6038 = FACE_BOUND('',#6039,.T.);
#6039 = EDGE_LOOP('',(#6040,#6048,#6049,#6050));
#6040 = ORIENTED_EDGE('',*,*,#6041,.T.);
#6041 = EDGE_CURVE('',#6042,#5996,#6044,.T.);
#6042 = VERTEX_POINT('',#6043);
#6043 = CARTESIAN_POINT('',(-18.51210640756,5.45,2.));
#6044 = LINE('',#6045,#6046);
#6045 = CARTESIAN_POINT('',(-9.5,5.45,2.));
#6046 = VECTOR('',#6047,1.);
#6047 = DIRECTION('',(-1.,0.,0.));
#6048 = ORIENTED_EDGE('',*,*,#6003,.T.);
#6049 = ORIENTED_EDGE('',*,*,#1646,.T.);
#6050 = ORIENTED_EDGE('',*,*,#6051,.F.);
#6051 = EDGE_CURVE('',#6042,#1638,#6052,.T.);
#6052 = LINE('',#6053,#6054);
#6053 = CARTESIAN_POINT('',(-18.51210640756,5.45,0.));
#6054 = VECTOR('',#6055,1.);
#6055 = DIRECTION('',(0.,0.,1.));
#6056 = PLANE('',#6057);
#6057 = AXIS2_PLACEMENT_3D('',#6058,#6059,#6060);
#6058 = CARTESIAN_POINT('',(-19.,5.45,0.));
#6059 = DIRECTION('',(0.,1.,0.));
#6060 = DIRECTION('',(1.,0.,0.));
#6061 = ADVANCED_FACE('',(#6062),#6081,.F.);
#6062 = FACE_BOUND('',#6063,.T.);
#6063 = EDGE_LOOP('',(#6064,#6073,#6079,#6080));
#6064 = ORIENTED_EDGE('',*,*,#6065,.T.);
#6065 = EDGE_CURVE('',#6018,#6066,#6068,.T.);
#6066 = VERTEX_POINT('',#6067);
#6067 = CARTESIAN_POINT('',(-7.612106407565,5.45,2.));
#6068 = CIRCLE('',#6069,5.35);
#6069 = AXIS2_PLACEMENT_3D('',#6070,#6071,#6072);
#6070 = CARTESIAN_POINT('',(-2.65,7.45,2.));
#6071 = DIRECTION('',(0.,0.,-1.));
#6072 = DIRECTION('',(1.,0.,0.));
#6073 = ORIENTED_EDGE('',*,*,#6074,.T.);
#6074 = EDGE_CURVE('',#6066,#1588,#6075,.T.);
#6075 = LINE('',#6076,#6077);
#6076 = CARTESIAN_POINT('',(-7.612106407565,5.45,0.));
#6077 = VECTOR('',#6078,1.);
#6078 = DIRECTION('',(0.,0.,1.));
#6079 = ORIENTED_EDGE('',*,*,#1587,.F.);
#6080 = ORIENTED_EDGE('',*,*,#6025,.F.);
#6081 = CYLINDRICAL_SURFACE('',#6082,5.35);
#6082 = AXIS2_PLACEMENT_3D('',#6083,#6084,#6085);
#6083 = CARTESIAN_POINT('',(-2.65,7.45,0.));
#6084 = DIRECTION('',(-0.,-0.,-1.));
#6085 = DIRECTION('',(1.,0.,0.));
#6086 = ADVANCED_FACE('',(#6087),#6106,.F.);
#6087 = FACE_BOUND('',#6088,.T.);
#6088 = EDGE_LOOP('',(#6089,#6098,#6099,#6100));
#6089 = ORIENTED_EDGE('',*,*,#6090,.T.);
#6090 = EDGE_CURVE('',#6091,#6042,#6093,.T.);
#6091 = VERTEX_POINT('',#6092);
#6092 = CARTESIAN_POINT('',(-15.55,2.487893592435,2.));
#6093 = CIRCLE('',#6094,5.35);
#6094 = AXIS2_PLACEMENT_3D('',#6095,#6096,#6097);
#6095 = CARTESIAN_POINT('',(-13.55,7.45,2.));
#6096 = DIRECTION('',(0.,0.,-1.));
#6097 = DIRECTION('',(1.,0.,0.));
#6098 = ORIENTED_EDGE('',*,*,#6051,.T.);
#6099 = ORIENTED_EDGE('',*,*,#1637,.F.);
#6100 = ORIENTED_EDGE('',*,*,#6101,.F.);
#6101 = EDGE_CURVE('',#6091,#1630,#6102,.T.);
#6102 = LINE('',#6103,#6104);
#6103 = CARTESIAN_POINT('',(-15.55,2.487893592435,0.));
#6104 = VECTOR('',#6105,1.);
#6105 = DIRECTION('',(0.,0.,1.));
#6106 = CYLINDRICAL_SURFACE('',#6107,5.35);
#6107 = AXIS2_PLACEMENT_3D('',#6108,#6109,#6110);
#6108 = CARTESIAN_POINT('',(-13.55,7.45,0.));
#6109 = DIRECTION('',(-0.,-0.,-1.));
#6110 = DIRECTION('',(1.,0.,0.));
#6111 = ADVANCED_FACE('',(#6112),#6130,.F.);
#6112 = FACE_BOUND('',#6113,.F.);
#6113 = EDGE_LOOP('',(#6114,#6122,#6123,#6124));
#6114 = ORIENTED_EDGE('',*,*,#6115,.T.);
#6115 = EDGE_CURVE('',#6116,#6066,#6118,.T.);
#6116 = VERTEX_POINT('',#6117);
#6117 = CARTESIAN_POINT('',(-8.587893592435,5.45,2.));
#6118 = LINE('',#6119,#6120);
#6119 = CARTESIAN_POINT('',(-3.806053203783,5.45,2.));
#6120 = VECTOR('',#6121,1.);
#6121 = DIRECTION('',(1.,0.,0.));
#6122 = ORIENTED_EDGE('',*,*,#6074,.T.);
#6123 = ORIENTED_EDGE('',*,*,#1596,.T.);
#6124 = ORIENTED_EDGE('',*,*,#6125,.F.);
#6125 = EDGE_CURVE('',#6116,#1597,#6126,.T.);
#6126 = LINE('',#6127,#6128);
#6127 = CARTESIAN_POINT('',(-8.587893592435,5.45,0.));
#6128 = VECTOR('',#6129,1.);
#6129 = DIRECTION('',(0.,0.,1.));
#6130 = PLANE('',#6131);
#6131 = AXIS2_PLACEMENT_3D('',#6132,#6133,#6134);
#6132 = CARTESIAN_POINT('',(-7.612106407565,5.45,0.));
#6133 = DIRECTION('',(0.,-1.,0.));
#6134 = DIRECTION('',(-1.,0.,0.));
#6135 = ADVANCED_FACE('',(#6136),#6154,.F.);
#6136 = FACE_BOUND('',#6137,.F.);
#6137 = EDGE_LOOP('',(#6138,#6146,#6152,#6153));
#6138 = ORIENTED_EDGE('',*,*,#6139,.T.);
#6139 = EDGE_CURVE('',#6091,#6140,#6142,.T.);
#6140 = VERTEX_POINT('',#6141);
#6141 = CARTESIAN_POINT('',(-15.55,2.,2.));
#6142 = LINE('',#6143,#6144);
#6143 = CARTESIAN_POINT('',(-15.55,32.5,2.));
#6144 = VECTOR('',#6145,1.);
#6145 = DIRECTION('',(0.,-1.,0.));
#6146 = ORIENTED_EDGE('',*,*,#6147,.T.);
#6147 = EDGE_CURVE('',#6140,#1622,#6148,.T.);
#6148 = LINE('',#6149,#6150);
#6149 = CARTESIAN_POINT('',(-15.55,2.,0.));
#6150 = VECTOR('',#6151,1.);
#6151 = DIRECTION('',(0.,0.,1.));
#6152 = ORIENTED_EDGE('',*,*,#1629,.T.);
#6153 = ORIENTED_EDGE('',*,*,#6101,.F.);
#6154 = PLANE('',#6155);
#6155 = AXIS2_PLACEMENT_3D('',#6156,#6157,#6158);
#6156 = CARTESIAN_POINT('',(-15.55,2.,0.));
#6157 = DIRECTION('',(-1.,0.,0.));
#6158 = DIRECTION('',(0.,1.,0.));
#6159 = ADVANCED_FACE('',(#6160),#6179,.F.);
#6160 = FACE_BOUND('',#6161,.T.);
#6161 = EDGE_LOOP('',(#6162,#6171,#6177,#6178));
#6162 = ORIENTED_EDGE('',*,*,#6163,.T.);
#6163 = EDGE_CURVE('',#6116,#6164,#6166,.T.);
#6164 = VERTEX_POINT('',#6165);
#6165 = CARTESIAN_POINT('',(-11.55,2.487893592435,2.));
#6166 = CIRCLE('',#6167,5.35);
#6167 = AXIS2_PLACEMENT_3D('',#6168,#6169,#6170);
#6168 = CARTESIAN_POINT('',(-13.55,7.45,2.));
#6169 = DIRECTION('',(0.,0.,-1.));
#6170 = DIRECTION('',(1.,0.,0.));
#6171 = ORIENTED_EDGE('',*,*,#6172,.T.);
#6172 = EDGE_CURVE('',#6164,#1605,#6173,.T.);
#6173 = LINE('',#6174,#6175);
#6174 = CARTESIAN_POINT('',(-11.55,2.487893592435,0.));
#6175 = VECTOR('',#6176,1.);
#6176 = DIRECTION('',(0.,0.,1.));
#6177 = ORIENTED_EDGE('',*,*,#1604,.F.);
#6178 = ORIENTED_EDGE('',*,*,#6125,.F.);
#6179 = CYLINDRICAL_SURFACE('',#6180,5.35);
#6180 = AXIS2_PLACEMENT_3D('',#6181,#6182,#6183);
#6181 = CARTESIAN_POINT('',(-13.55,7.45,0.));
#6182 = DIRECTION('',(-0.,-0.,-1.));
#6183 = DIRECTION('',(1.,0.,0.));
#6184 = ADVANCED_FACE('',(#6185),#6203,.F.);
#6185 = FACE_BOUND('',#6186,.F.);
#6186 = EDGE_LOOP('',(#6187,#6188,#6189,#6197));
#6187 = ORIENTED_EDGE('',*,*,#1621,.F.);
#6188 = ORIENTED_EDGE('',*,*,#6147,.F.);
#6189 = ORIENTED_EDGE('',*,*,#6190,.T.);
#6190 = EDGE_CURVE('',#6140,#6191,#6193,.T.);
#6191 = VERTEX_POINT('',#6192);
#6192 = CARTESIAN_POINT('',(-11.55,2.,2.));
#6193 = LINE('',#6194,#6195);
#6194 = CARTESIAN_POINT('',(-19.,2.,2.));
#6195 = VECTOR('',#6196,1.);
#6196 = DIRECTION('',(1.,0.,0.));
#6197 = ORIENTED_EDGE('',*,*,#6198,.T.);
#6198 = EDGE_CURVE('',#6191,#1614,#6199,.T.);
#6199 = LINE('',#6200,#6201);
#6200 = CARTESIAN_POINT('',(-11.55,2.,0.));
#6201 = VECTOR('',#6202,1.);
#6202 = DIRECTION('',(0.,0.,1.));
#6203 = PLANE('',#6204);
#6204 = AXIS2_PLACEMENT_3D('',#6205,#6206,#6207);
#6205 = CARTESIAN_POINT('',(-19.,2.,273.18773050779));
#6206 = DIRECTION('',(0.,-1.,0.));
#6207 = DIRECTION('',(1.,0.,0.));
#6208 = ADVANCED_FACE('',(#6209),#6220,.F.);
#6209 = FACE_BOUND('',#6210,.F.);
#6210 = EDGE_LOOP('',(#6211,#6217,#6218,#6219));
#6211 = ORIENTED_EDGE('',*,*,#6212,.T.);
#6212 = EDGE_CURVE('',#6191,#6164,#6213,.T.);
#6213 = LINE('',#6214,#6215);
#6214 = CARTESIAN_POINT('',(-11.55,32.743946796217,2.));
#6215 = VECTOR('',#6216,1.);
#6216 = DIRECTION('',(0.,1.,0.));
#6217 = ORIENTED_EDGE('',*,*,#6172,.T.);
#6218 = ORIENTED_EDGE('',*,*,#1613,.T.);
#6219 = ORIENTED_EDGE('',*,*,#6198,.F.);
#6220 = PLANE('',#6221);
#6221 = AXIS2_PLACEMENT_3D('',#6222,#6223,#6224);
#6222 = CARTESIAN_POINT('',(-11.55,2.487893592435,0.));
#6223 = DIRECTION('',(1.,0.,0.));
#6224 = DIRECTION('',(0.,-1.,0.));
#6225 = ADVANCED_FACE('',(#6226),#6251,.T.);
#6226 = FACE_BOUND('',#6227,.T.);
#6227 = EDGE_LOOP('',(#6228,#6236,#6244,#6250));
#6228 = ORIENTED_EDGE('',*,*,#6229,.T.);
#6229 = EDGE_CURVE('',#2155,#6230,#6232,.T.);
#6230 = VERTEX_POINT('',#6231);
#6231 = CARTESIAN_POINT('',(-10.83021800397,121.90450928382,19.));
#6232 = LINE('',#6233,#6234);
#6233 = CARTESIAN_POINT('',(-10.83021800397,121.90450928382,21.));
#6234 = VECTOR('',#6235,1.);
#6235 = DIRECTION('',(-0.,-0.,-1.));
#6236 = ORIENTED_EDGE('',*,*,#6237,.T.);
#6237 = EDGE_CURVE('',#6230,#6238,#6240,.T.);
#6238 = VERTEX_POINT('',#6239);
#6239 = CARTESIAN_POINT('',(-10.12709300397,125.,19.));
#6240 = LINE('',#6241,#6242);
#6241 = CARTESIAN_POINT('',(-10.83021800397,121.90450928382,19.));
#6242 = VECTOR('',#6243,1.);
#6243 = DIRECTION('',(0.22150259355,0.975159782318,0.));
#6244 = ORIENTED_EDGE('',*,*,#6245,.F.);
#6245 = EDGE_CURVE('',#2157,#6238,#6246,.T.);
#6246 = LINE('',#6247,#6248);
#6247 = CARTESIAN_POINT('',(-10.12709300397,125.,21.));
#6248 = VECTOR('',#6249,1.);
#6249 = DIRECTION('',(-0.,-0.,-1.));
#6250 = ORIENTED_EDGE('',*,*,#2154,.F.);
#6251 = PLANE('',#6252);
#6252 = AXIS2_PLACEMENT_3D('',#6253,#6254,#6255);
#6253 = CARTESIAN_POINT('',(-10.83021800397,121.90450928382,21.));
#6254 = DIRECTION('',(0.975159782318,-0.22150259355,0.));
#6255 = DIRECTION('',(0.22150259355,0.975159782318,0.));
#6256 = ADVANCED_FACE('',(#6257),#6275,.T.);
#6257 = FACE_BOUND('',#6258,.T.);
#6258 = EDGE_LOOP('',(#6259,#6267,#6273,#6274));
#6259 = ORIENTED_EDGE('',*,*,#6260,.T.);
#6260 = EDGE_CURVE('',#2205,#6261,#6263,.T.);
#6261 = VERTEX_POINT('',#6262);
#6262 = CARTESIAN_POINT('',(-10.36768484748,121.90450928382,19.));
#6263 = LINE('',#6264,#6265);
#6264 = CARTESIAN_POINT('',(-10.36768484748,121.90450928382,21.));
#6265 = VECTOR('',#6266,1.);
#6266 = DIRECTION('',(-0.,-0.,-1.));
#6267 = ORIENTED_EDGE('',*,*,#6268,.T.);
#6268 = EDGE_CURVE('',#6261,#6230,#6269,.T.);
#6269 = LINE('',#6270,#6271);
#6270 = CARTESIAN_POINT('',(-10.36768484748,121.90450928382,19.));
#6271 = VECTOR('',#6272,1.);
#6272 = DIRECTION('',(-1.,0.,0.));
#6273 = ORIENTED_EDGE('',*,*,#6229,.F.);
#6274 = ORIENTED_EDGE('',*,*,#2212,.F.);
#6275 = PLANE('',#6276);
#6276 = AXIS2_PLACEMENT_3D('',#6277,#6278,#6279);
#6277 = CARTESIAN_POINT('',(-10.36768484748,121.90450928382,21.));
#6278 = DIRECTION('',(0.,1.,0.));
#6279 = DIRECTION('',(-1.,0.,0.));
#6280 = ADVANCED_FACE('',(#6281),#6299,.T.);
#6281 = FACE_BOUND('',#6282,.T.);
#6282 = EDGE_LOOP('',(#6283,#6284,#6292,#6298));
#6283 = ORIENTED_EDGE('',*,*,#6245,.T.);
#6284 = ORIENTED_EDGE('',*,*,#6285,.T.);
#6285 = EDGE_CURVE('',#6238,#6286,#6288,.T.);
#6286 = VERTEX_POINT('',#6287);
#6287 = CARTESIAN_POINT('',(-9.692535643236,125.,19.));
#6288 = LINE('',#6289,#6290);
#6289 = CARTESIAN_POINT('',(-10.12709300397,125.,19.));
#6290 = VECTOR('',#6291,1.);
#6291 = DIRECTION('',(1.,0.,0.));
#6292 = ORIENTED_EDGE('',*,*,#6293,.F.);
#6293 = EDGE_CURVE('',#2165,#6286,#6294,.T.);
#6294 = LINE('',#6295,#6296);
#6295 = CARTESIAN_POINT('',(-9.692535643236,125.,21.));
#6296 = VECTOR('',#6297,1.);
#6297 = DIRECTION('',(-0.,-0.,-1.));
#6298 = ORIENTED_EDGE('',*,*,#2164,.F.);
#6299 = PLANE('',#6300);
#6300 = AXIS2_PLACEMENT_3D('',#6301,#6302,#6303);
#6301 = CARTESIAN_POINT('',(-10.12709300397,125.,21.));
#6302 = DIRECTION('',(0.,-1.,0.));
#6303 = DIRECTION('',(1.,0.,0.));
#6304 = ADVANCED_FACE('',(#6305),#6323,.T.);
#6305 = FACE_BOUND('',#6306,.T.);
#6306 = EDGE_LOOP('',(#6307,#6315,#6321,#6322));
#6307 = ORIENTED_EDGE('',*,*,#6308,.T.);
#6308 = EDGE_CURVE('',#2197,#6309,#6311,.T.);
#6309 = VERTEX_POINT('',#6310);
#6310 = CARTESIAN_POINT('',(-10.19983007294,122.71618037135,19.));
#6311 = LINE('',#6312,#6313);
#6312 = CARTESIAN_POINT('',(-10.19983007294,122.71618037135,21.));
#6313 = VECTOR('',#6314,1.);
#6314 = DIRECTION('',(-0.,-0.,-1.));
#6315 = ORIENTED_EDGE('',*,*,#6316,.T.);
#6316 = EDGE_CURVE('',#6309,#6261,#6317,.T.);
#6317 = LINE('',#6318,#6319);
#6318 = CARTESIAN_POINT('',(-10.19983007294,122.71618037135,19.));
#6319 = VECTOR('',#6320,1.);
#6320 = DIRECTION('',(-0.202516314359,-0.979278888988,0.));
#6321 = ORIENTED_EDGE('',*,*,#6260,.F.);
#6322 = ORIENTED_EDGE('',*,*,#2204,.F.);
#6323 = PLANE('',#6324);
#6324 = AXIS2_PLACEMENT_3D('',#6325,#6326,#6327);
#6325 = CARTESIAN_POINT('',(-10.19983007294,122.71618037135,21.));
#6326 = DIRECTION('',(-0.979278888988,0.202516314359,0.));
#6327 = DIRECTION('',(-0.202516314359,-0.979278888988,0.));
#6328 = ADVANCED_FACE('',(#6329),#6347,.T.);
#6329 = FACE_BOUND('',#6330,.T.);
#6330 = EDGE_LOOP('',(#6331,#6332,#6340,#6346));
#6331 = ORIENTED_EDGE('',*,*,#6293,.T.);
#6332 = ORIENTED_EDGE('',*,*,#6333,.T.);
#6333 = EDGE_CURVE('',#6286,#6334,#6336,.T.);
#6334 = VERTEX_POINT('',#6335);
#6335 = CARTESIAN_POINT('',(-8.989410643236,121.90450928382,19.));
#6336 = LINE('',#6337,#6338);
#6337 = CARTESIAN_POINT('',(-9.692535643236,125.,19.));
#6338 = VECTOR('',#6339,1.);
#6339 = DIRECTION('',(0.22150259355,-0.975159782318,0.));
#6340 = ORIENTED_EDGE('',*,*,#6341,.F.);
#6341 = EDGE_CURVE('',#2173,#6334,#6342,.T.);
#6342 = LINE('',#6343,#6344);
#6343 = CARTESIAN_POINT('',(-8.989410643236,121.90450928382,21.));
#6344 = VECTOR('',#6345,1.);
#6345 = DIRECTION('',(-0.,-0.,-1.));
#6346 = ORIENTED_EDGE('',*,*,#2172,.F.);
#6347 = PLANE('',#6348);
#6348 = AXIS2_PLACEMENT_3D('',#6349,#6350,#6351);
#6349 = CARTESIAN_POINT('',(-9.692535643236,125.,21.));
#6350 = DIRECTION('',(-0.975159782318,-0.22150259355,0.));
#6351 = DIRECTION('',(0.22150259355,-0.975159782318,0.));
#6352 = ADVANCED_FACE('',(#6353),#6371,.T.);
#6353 = FACE_BOUND('',#6354,.T.);
#6354 = EDGE_LOOP('',(#6355,#6363,#6369,#6370));
#6355 = ORIENTED_EDGE('',*,*,#6356,.T.);
#6356 = EDGE_CURVE('',#2189,#6357,#6359,.T.);
#6357 = VERTEX_POINT('',#6358);
#6358 = CARTESIAN_POINT('',(-9.619798574271,122.71618037135,19.));
#6359 = LINE('',#6360,#6361);
#6360 = CARTESIAN_POINT('',(-9.619798574271,122.71618037135,21.));
#6361 = VECTOR('',#6362,1.);
#6362 = DIRECTION('',(-0.,-0.,-1.));
#6363 = ORIENTED_EDGE('',*,*,#6364,.T.);
#6364 = EDGE_CURVE('',#6357,#6309,#6365,.T.);
#6365 = LINE('',#6366,#6367);
#6366 = CARTESIAN_POINT('',(-9.619798574271,122.71618037135,19.));
#6367 = VECTOR('',#6368,1.);
#6368 = DIRECTION('',(-1.,0.,0.));
#6369 = ORIENTED_EDGE('',*,*,#6308,.F.);
#6370 = ORIENTED_EDGE('',*,*,#2196,.F.);
#6371 = PLANE('',#6372);
#6372 = AXIS2_PLACEMENT_3D('',#6373,#6374,#6375);
#6373 = CARTESIAN_POINT('',(-9.619798574271,122.71618037135,21.));
#6374 = DIRECTION('',(0.,1.,0.));
#6375 = DIRECTION('',(-1.,0.,0.));
#6376 = ADVANCED_FACE('',(#6377),#6395,.T.);
#6377 = FACE_BOUND('',#6378,.T.);
#6378 = EDGE_LOOP('',(#6379,#6380,#6388,#6394));
#6379 = ORIENTED_EDGE('',*,*,#6341,.T.);
#6380 = ORIENTED_EDGE('',*,*,#6381,.T.);
#6381 = EDGE_CURVE('',#6334,#6382,#6384,.T.);
#6382 = VERTEX_POINT('',#6383);
#6383 = CARTESIAN_POINT('',(-9.451943799735,121.90450928382,19.));
#6384 = LINE('',#6385,#6386);
#6385 = CARTESIAN_POINT('',(-8.989410643236,121.90450928382,19.));
#6386 = VECTOR('',#6387,1.);
#6387 = DIRECTION('',(-1.,0.,0.));
#6388 = ORIENTED_EDGE('',*,*,#6389,.F.);
#6389 = EDGE_CURVE('',#2181,#6382,#6390,.T.);
#6390 = LINE('',#6391,#6392);
#6391 = CARTESIAN_POINT('',(-9.451943799735,121.90450928382,21.));
#6392 = VECTOR('',#6393,1.);
#6393 = DIRECTION('',(-0.,-0.,-1.));
#6394 = ORIENTED_EDGE('',*,*,#2180,.F.);
#6395 = PLANE('',#6396);
#6396 = AXIS2_PLACEMENT_3D('',#6397,#6398,#6399);
#6397 = CARTESIAN_POINT('',(-8.989410643236,121.90450928382,21.));
#6398 = DIRECTION('',(0.,1.,0.));
#6399 = DIRECTION('',(-1.,0.,0.));
#6400 = ADVANCED_FACE('',(#6401),#6412,.T.);
#6401 = FACE_BOUND('',#6402,.T.);
#6402 = EDGE_LOOP('',(#6403,#6404,#6410,#6411));
#6403 = ORIENTED_EDGE('',*,*,#6389,.T.);
#6404 = ORIENTED_EDGE('',*,*,#6405,.T.);
#6405 = EDGE_CURVE('',#6382,#6357,#6406,.T.);
#6406 = LINE('',#6407,#6408);
#6407 = CARTESIAN_POINT('',(-9.451943799735,121.90450928382,19.));
#6408 = VECTOR('',#6409,1.);
#6409 = DIRECTION('',(-0.202516314359,0.979278888988,0.));
#6410 = ORIENTED_EDGE('',*,*,#6356,.F.);
#6411 = ORIENTED_EDGE('',*,*,#2188,.F.);
#6412 = PLANE('',#6413);
#6413 = AXIS2_PLACEMENT_3D('',#6414,#6415,#6416);
#6414 = CARTESIAN_POINT('',(-9.451943799735,121.90450928382,21.));
#6415 = DIRECTION('',(0.979278888988,0.202516314359,0.));
#6416 = DIRECTION('',(-0.202516314359,0.979278888988,0.));
#6417 = ADVANCED_FACE('',(#6418),#6443,.T.);
#6418 = FACE_BOUND('',#6419,.T.);
#6419 = EDGE_LOOP('',(#6420,#6428,#6436,#6442));
#6420 = ORIENTED_EDGE('',*,*,#6421,.T.);
#6421 = EDGE_CURVE('',#2221,#6422,#6424,.T.);
#6422 = VERTEX_POINT('',#6423);
#6423 = CARTESIAN_POINT('',(-8.920403680371,121.90450928382,19.));
#6424 = LINE('',#6425,#6426);
#6425 = CARTESIAN_POINT('',(-8.920403680371,121.90450928382,21.));
#6426 = VECTOR('',#6427,1.);
#6427 = DIRECTION('',(-0.,-0.,-1.));
#6428 = ORIENTED_EDGE('',*,*,#6429,.T.);
#6429 = EDGE_CURVE('',#6422,#6430,#6432,.T.);
#6430 = VERTEX_POINT('',#6431);
#6431 = CARTESIAN_POINT('',(-8.217278680371,125.,19.));
#6432 = LINE('',#6433,#6434);
#6433 = CARTESIAN_POINT('',(-8.920403680371,121.90450928382,19.));
#6434 = VECTOR('',#6435,1.);
#6435 = DIRECTION('',(0.22150259355,0.975159782318,0.));
#6436 = ORIENTED_EDGE('',*,*,#6437,.F.);
#6437 = EDGE_CURVE('',#2223,#6430,#6438,.T.);
#6438 = LINE('',#6439,#6440);
#6439 = CARTESIAN_POINT('',(-8.217278680371,125.,21.));
#6440 = VECTOR('',#6441,1.);
#6441 = DIRECTION('',(-0.,-0.,-1.));
#6442 = ORIENTED_EDGE('',*,*,#2220,.F.);
#6443 = PLANE('',#6444);
#6444 = AXIS2_PLACEMENT_3D('',#6445,#6446,#6447);
#6445 = CARTESIAN_POINT('',(-8.920403680371,121.90450928382,21.));
#6446 = DIRECTION('',(0.975159782318,-0.22150259355,0.));
#6447 = DIRECTION('',(0.22150259355,0.975159782318,0.));
#6448 = ADVANCED_FACE('',(#6449),#6467,.T.);
#6449 = FACE_BOUND('',#6450,.T.);
#6450 = EDGE_LOOP('',(#6451,#6459,#6465,#6466));
#6451 = ORIENTED_EDGE('',*,*,#6452,.T.);
#6452 = EDGE_CURVE('',#2271,#6453,#6455,.T.);
#6453 = VERTEX_POINT('',#6454);
#6454 = CARTESIAN_POINT('',(-8.457870523873,121.90450928382,19.));
#6455 = LINE('',#6456,#6457);
#6456 = CARTESIAN_POINT('',(-8.457870523873,121.90450928382,21.));
#6457 = VECTOR('',#6458,1.);
#6458 = DIRECTION('',(-0.,-0.,-1.));
#6459 = ORIENTED_EDGE('',*,*,#6460,.T.);
#6460 = EDGE_CURVE('',#6453,#6422,#6461,.T.);
#6461 = LINE('',#6462,#6463);
#6462 = CARTESIAN_POINT('',(-8.457870523873,121.90450928382,19.));
#6463 = VECTOR('',#6464,1.);
#6464 = DIRECTION('',(-1.,0.,0.));
#6465 = ORIENTED_EDGE('',*,*,#6421,.F.);
#6466 = ORIENTED_EDGE('',*,*,#2278,.F.);
#6467 = PLANE('',#6468);
#6468 = AXIS2_PLACEMENT_3D('',#6469,#6470,#6471);
#6469 = CARTESIAN_POINT('',(-8.457870523873,121.90450928382,21.));
#6470 = DIRECTION('',(0.,1.,0.));
#6471 = DIRECTION('',(-1.,0.,0.));
#6472 = ADVANCED_FACE('',(#6473),#6491,.T.);
#6473 = FACE_BOUND('',#6474,.T.);
#6474 = EDGE_LOOP('',(#6475,#6476,#6484,#6490));
#6475 = ORIENTED_EDGE('',*,*,#6437,.T.);
#6476 = ORIENTED_EDGE('',*,*,#6477,.T.);
#6477 = EDGE_CURVE('',#6430,#6478,#6480,.T.);
#6478 = VERTEX_POINT('',#6479);
#6479 = CARTESIAN_POINT('',(-7.782721319629,125.,19.));
#6480 = LINE('',#6481,#6482);
#6481 = CARTESIAN_POINT('',(-8.217278680371,125.,19.));
#6482 = VECTOR('',#6483,1.);
#6483 = DIRECTION('',(1.,0.,0.));
#6484 = ORIENTED_EDGE('',*,*,#6485,.F.);
#6485 = EDGE_CURVE('',#2231,#6478,#6486,.T.);
#6486 = LINE('',#6487,#6488);
#6487 = CARTESIAN_POINT('',(-7.782721319629,125.,21.));
#6488 = VECTOR('',#6489,1.);
#6489 = DIRECTION('',(-0.,-0.,-1.));
#6490 = ORIENTED_EDGE('',*,*,#2230,.F.);
#6491 = PLANE('',#6492);
#6492 = AXIS2_PLACEMENT_3D('',#6493,#6494,#6495);
#6493 = CARTESIAN_POINT('',(-8.217278680371,125.,21.));
#6494 = DIRECTION('',(0.,-1.,0.));
#6495 = DIRECTION('',(1.,0.,0.));
#6496 = ADVANCED_FACE('',(#6497),#6515,.T.);
#6497 = FACE_BOUND('',#6498,.T.);
#6498 = EDGE_LOOP('',(#6499,#6507,#6513,#6514));
#6499 = ORIENTED_EDGE('',*,*,#6500,.T.);
#6500 = EDGE_CURVE('',#2263,#6501,#6503,.T.);
#6501 = VERTEX_POINT('',#6502);
#6502 = CARTESIAN_POINT('',(-8.290015749337,122.71618037135,19.));
#6503 = LINE('',#6504,#6505);
#6504 = CARTESIAN_POINT('',(-8.290015749337,122.71618037135,21.));
#6505 = VECTOR('',#6506,1.);
#6506 = DIRECTION('',(-0.,-0.,-1.));
#6507 = ORIENTED_EDGE('',*,*,#6508,.T.);
#6508 = EDGE_CURVE('',#6501,#6453,#6509,.T.);
#6509 = LINE('',#6510,#6511);
#6510 = CARTESIAN_POINT('',(-8.290015749337,122.71618037135,19.));
#6511 = VECTOR('',#6512,1.);
#6512 = DIRECTION('',(-0.202516314359,-0.979278888988,0.));
#6513 = ORIENTED_EDGE('',*,*,#6452,.F.);
#6514 = ORIENTED_EDGE('',*,*,#2270,.F.);
#6515 = PLANE('',#6516);
#6516 = AXIS2_PLACEMENT_3D('',#6517,#6518,#6519);
#6517 = CARTESIAN_POINT('',(-8.290015749337,122.71618037135,21.));
#6518 = DIRECTION('',(-0.979278888988,0.202516314359,0.));
#6519 = DIRECTION('',(-0.202516314359,-0.979278888988,0.));
#6520 = ADVANCED_FACE('',(#6521),#6539,.T.);
#6521 = FACE_BOUND('',#6522,.T.);
#6522 = EDGE_LOOP('',(#6523,#6524,#6532,#6538));
#6523 = ORIENTED_EDGE('',*,*,#6485,.T.);
#6524 = ORIENTED_EDGE('',*,*,#6525,.T.);
#6525 = EDGE_CURVE('',#6478,#6526,#6528,.T.);
#6526 = VERTEX_POINT('',#6527);
#6527 = CARTESIAN_POINT('',(-7.079596319629,121.90450928382,19.));
#6528 = LINE('',#6529,#6530);
#6529 = CARTESIAN_POINT('',(-7.782721319629,125.,19.));
#6530 = VECTOR('',#6531,1.);
#6531 = DIRECTION('',(0.22150259355,-0.975159782318,0.));
#6532 = ORIENTED_EDGE('',*,*,#6533,.F.);
#6533 = EDGE_CURVE('',#2239,#6526,#6534,.T.);
#6534 = LINE('',#6535,#6536);
#6535 = CARTESIAN_POINT('',(-7.079596319629,121.90450928382,21.));
#6536 = VECTOR('',#6537,1.);
#6537 = DIRECTION('',(-0.,-0.,-1.));
#6538 = ORIENTED_EDGE('',*,*,#2238,.F.);
#6539 = PLANE('',#6540);
#6540 = AXIS2_PLACEMENT_3D('',#6541,#6542,#6543);
#6541 = CARTESIAN_POINT('',(-7.782721319629,125.,21.));
#6542 = DIRECTION('',(-0.975159782318,-0.22150259355,0.));
#6543 = DIRECTION('',(0.22150259355,-0.975159782318,0.));
#6544 = ADVANCED_FACE('',(#6545),#6563,.T.);
#6545 = FACE_BOUND('',#6546,.T.);
#6546 = EDGE_LOOP('',(#6547,#6555,#6561,#6562));
#6547 = ORIENTED_EDGE('',*,*,#6548,.T.);
#6548 = EDGE_CURVE('',#2255,#6549,#6551,.T.);
#6549 = VERTEX_POINT('',#6550);
#6550 = CARTESIAN_POINT('',(-7.709984250663,122.71618037135,19.));
#6551 = LINE('',#6552,#6553);
#6552 = CARTESIAN_POINT('',(-7.709984250663,122.71618037135,21.));
#6553 = VECTOR('',#6554,1.);
#6554 = DIRECTION('',(-0.,-0.,-1.));
#6555 = ORIENTED_EDGE('',*,*,#6556,.T.);
#6556 = EDGE_CURVE('',#6549,#6501,#6557,.T.);
#6557 = LINE('',#6558,#6559);
#6558 = CARTESIAN_POINT('',(-7.709984250663,122.71618037135,19.));
#6559 = VECTOR('',#6560,1.);
#6560 = DIRECTION('',(-1.,0.,0.));
#6561 = ORIENTED_EDGE('',*,*,#6500,.F.);
#6562 = ORIENTED_EDGE('',*,*,#2262,.F.);
#6563 = PLANE('',#6564);
#6564 = AXIS2_PLACEMENT_3D('',#6565,#6566,#6567);
#6565 = CARTESIAN_POINT('',(-7.709984250663,122.71618037135,21.));
#6566 = DIRECTION('',(0.,1.,0.));
#6567 = DIRECTION('',(-1.,0.,0.));
#6568 = ADVANCED_FACE('',(#6569),#6587,.T.);
#6569 = FACE_BOUND('',#6570,.T.);
#6570 = EDGE_LOOP('',(#6571,#6572,#6580,#6586));
#6571 = ORIENTED_EDGE('',*,*,#6533,.T.);
#6572 = ORIENTED_EDGE('',*,*,#6573,.T.);
#6573 = EDGE_CURVE('',#6526,#6574,#6576,.T.);
#6574 = VERTEX_POINT('',#6575);
#6575 = CARTESIAN_POINT('',(-7.542129476127,121.90450928382,19.));
#6576 = LINE('',#6577,#6578);
#6577 = CARTESIAN_POINT('',(-7.079596319629,121.90450928382,19.));
#6578 = VECTOR('',#6579,1.);
#6579 = DIRECTION('',(-1.,0.,0.));
#6580 = ORIENTED_EDGE('',*,*,#6581,.F.);
#6581 = EDGE_CURVE('',#2247,#6574,#6582,.T.);
#6582 = LINE('',#6583,#6584);
#6583 = CARTESIAN_POINT('',(-7.542129476127,121.90450928382,21.));
#6584 = VECTOR('',#6585,1.);
#6585 = DIRECTION('',(-0.,-0.,-1.));
#6586 = ORIENTED_EDGE('',*,*,#2246,.F.);
#6587 = PLANE('',#6588);
#6588 = AXIS2_PLACEMENT_3D('',#6589,#6590,#6591);
#6589 = CARTESIAN_POINT('',(-7.079596319629,121.90450928382,21.));
#6590 = DIRECTION('',(0.,1.,0.));
#6591 = DIRECTION('',(-1.,0.,0.));
#6592 = ADVANCED_FACE('',(#6593),#6604,.T.);
#6593 = FACE_BOUND('',#6594,.T.);
#6594 = EDGE_LOOP('',(#6595,#6596,#6602,#6603));
#6595 = ORIENTED_EDGE('',*,*,#6581,.T.);
#6596 = ORIENTED_EDGE('',*,*,#6597,.T.);
#6597 = EDGE_CURVE('',#6574,#6549,#6598,.T.);
#6598 = LINE('',#6599,#6600);
#6599 = CARTESIAN_POINT('',(-7.542129476127,121.90450928382,19.));
#6600 = VECTOR('',#6601,1.);
#6601 = DIRECTION('',(-0.202516314359,0.979278888988,0.));
#6602 = ORIENTED_EDGE('',*,*,#6548,.F.);
#6603 = ORIENTED_EDGE('',*,*,#2254,.F.);
#6604 = PLANE('',#6605);
#6605 = AXIS2_PLACEMENT_3D('',#6606,#6607,#6608);
#6606 = CARTESIAN_POINT('',(-7.542129476127,121.90450928382,21.));
#6607 = DIRECTION('',(0.979278888988,0.202516314359,0.));
#6608 = DIRECTION('',(-0.202516314359,0.979278888988,0.));
#6609 = ADVANCED_FACE('',(#6610),#6635,.T.);
#6610 = FACE_BOUND('',#6611,.T.);
#6611 = EDGE_LOOP('',(#6612,#6620,#6628,#6634));
#6612 = ORIENTED_EDGE('',*,*,#6613,.T.);
#6613 = EDGE_CURVE('',#2287,#6614,#6616,.T.);
#6614 = VERTEX_POINT('',#6615);
#6615 = CARTESIAN_POINT('',(-7.010589356764,121.90450928382,19.));
#6616 = LINE('',#6617,#6618);
#6617 = CARTESIAN_POINT('',(-7.010589356764,121.90450928382,21.));
#6618 = VECTOR('',#6619,1.);
#6619 = DIRECTION('',(-0.,-0.,-1.));
#6620 = ORIENTED_EDGE('',*,*,#6621,.T.);
#6621 = EDGE_CURVE('',#6614,#6622,#6624,.T.);
#6622 = VERTEX_POINT('',#6623);
#6623 = CARTESIAN_POINT('',(-6.307464356764,125.,19.));
#6624 = LINE('',#6625,#6626);
#6625 = CARTESIAN_POINT('',(-7.010589356764,121.90450928382,19.));
#6626 = VECTOR('',#6627,1.);
#6627 = DIRECTION('',(0.22150259355,0.975159782318,0.));
#6628 = ORIENTED_EDGE('',*,*,#6629,.F.);
#6629 = EDGE_CURVE('',#2289,#6622,#6630,.T.);
#6630 = LINE('',#6631,#6632);
#6631 = CARTESIAN_POINT('',(-6.307464356764,125.,21.));
#6632 = VECTOR('',#6633,1.);
#6633 = DIRECTION('',(-0.,-0.,-1.));
#6634 = ORIENTED_EDGE('',*,*,#2286,.F.);
#6635 = PLANE('',#6636);
#6636 = AXIS2_PLACEMENT_3D('',#6637,#6638,#6639);
#6637 = CARTESIAN_POINT('',(-7.010589356764,121.90450928382,21.));
#6638 = DIRECTION('',(0.975159782318,-0.22150259355,0.));
#6639 = DIRECTION('',(0.22150259355,0.975159782318,0.));
#6640 = ADVANCED_FACE('',(#6641),#6659,.T.);
#6641 = FACE_BOUND('',#6642,.T.);
#6642 = EDGE_LOOP('',(#6643,#6651,#6657,#6658));
#6643 = ORIENTED_EDGE('',*,*,#6644,.T.);
#6644 = EDGE_CURVE('',#2337,#6645,#6647,.T.);
#6645 = VERTEX_POINT('',#6646);
#6646 = CARTESIAN_POINT('',(-6.548056200265,121.90450928382,19.));
#6647 = LINE('',#6648,#6649);
#6648 = CARTESIAN_POINT('',(-6.548056200265,121.90450928382,21.));
#6649 = VECTOR('',#6650,1.);
#6650 = DIRECTION('',(-0.,-0.,-1.));
#6651 = ORIENTED_EDGE('',*,*,#6652,.T.);
#6652 = EDGE_CURVE('',#6645,#6614,#6653,.T.);
#6653 = LINE('',#6654,#6655);
#6654 = CARTESIAN_POINT('',(-6.548056200265,121.90450928382,19.));
#6655 = VECTOR('',#6656,1.);
#6656 = DIRECTION('',(-1.,0.,0.));
#6657 = ORIENTED_EDGE('',*,*,#6613,.F.);
#6658 = ORIENTED_EDGE('',*,*,#2344,.F.);
#6659 = PLANE('',#6660);
#6660 = AXIS2_PLACEMENT_3D('',#6661,#6662,#6663);
#6661 = CARTESIAN_POINT('',(-6.548056200265,121.90450928382,21.));
#6662 = DIRECTION('',(0.,1.,0.));
#6663 = DIRECTION('',(-1.,0.,0.));
#6664 = ADVANCED_FACE('',(#6665),#6683,.T.);
#6665 = FACE_BOUND('',#6666,.T.);
#6666 = EDGE_LOOP('',(#6667,#6668,#6676,#6682));
#6667 = ORIENTED_EDGE('',*,*,#6629,.T.);
#6668 = ORIENTED_EDGE('',*,*,#6669,.T.);
#6669 = EDGE_CURVE('',#6622,#6670,#6672,.T.);
#6670 = VERTEX_POINT('',#6671);
#6671 = CARTESIAN_POINT('',(-5.872906996021,125.,19.));
#6672 = LINE('',#6673,#6674);
#6673 = CARTESIAN_POINT('',(-6.307464356764,125.,19.));
#6674 = VECTOR('',#6675,1.);
#6675 = DIRECTION('',(1.,0.,0.));
#6676 = ORIENTED_EDGE('',*,*,#6677,.F.);
#6677 = EDGE_CURVE('',#2297,#6670,#6678,.T.);
#6678 = LINE('',#6679,#6680);
#6679 = CARTESIAN_POINT('',(-5.872906996021,125.,21.));
#6680 = VECTOR('',#6681,1.);
#6681 = DIRECTION('',(-0.,-0.,-1.));
#6682 = ORIENTED_EDGE('',*,*,#2296,.F.);
#6683 = PLANE('',#6684);
#6684 = AXIS2_PLACEMENT_3D('',#6685,#6686,#6687);
#6685 = CARTESIAN_POINT('',(-6.307464356764,125.,21.));
#6686 = DIRECTION('',(0.,-1.,0.));
#6687 = DIRECTION('',(1.,0.,0.));
#6688 = ADVANCED_FACE('',(#6689),#6707,.T.);
#6689 = FACE_BOUND('',#6690,.T.);
#6690 = EDGE_LOOP('',(#6691,#6699,#6705,#6706));
#6691 = ORIENTED_EDGE('',*,*,#6692,.T.);
#6692 = EDGE_CURVE('',#2329,#6693,#6695,.T.);
#6693 = VERTEX_POINT('',#6694);
#6694 = CARTESIAN_POINT('',(-6.380201425729,122.71618037135,19.));
#6695 = LINE('',#6696,#6697);
#6696 = CARTESIAN_POINT('',(-6.380201425729,122.71618037135,21.));
#6697 = VECTOR('',#6698,1.);
#6698 = DIRECTION('',(-0.,-0.,-1.));
#6699 = ORIENTED_EDGE('',*,*,#6700,.T.);
#6700 = EDGE_CURVE('',#6693,#6645,#6701,.T.);
#6701 = LINE('',#6702,#6703);
#6702 = CARTESIAN_POINT('',(-6.380201425729,122.71618037135,19.));
#6703 = VECTOR('',#6704,1.);
#6704 = DIRECTION('',(-0.202516314359,-0.979278888988,0.));
#6705 = ORIENTED_EDGE('',*,*,#6644,.F.);
#6706 = ORIENTED_EDGE('',*,*,#2336,.F.);
#6707 = PLANE('',#6708);
#6708 = AXIS2_PLACEMENT_3D('',#6709,#6710,#6711);
#6709 = CARTESIAN_POINT('',(-6.380201425729,122.71618037135,21.));
#6710 = DIRECTION('',(-0.979278888988,0.202516314359,0.));
#6711 = DIRECTION('',(-0.202516314359,-0.979278888988,0.));
#6712 = ADVANCED_FACE('',(#6713),#6731,.T.);
#6713 = FACE_BOUND('',#6714,.T.);
#6714 = EDGE_LOOP('',(#6715,#6716,#6724,#6730));
#6715 = ORIENTED_EDGE('',*,*,#6677,.T.);
#6716 = ORIENTED_EDGE('',*,*,#6717,.T.);
#6717 = EDGE_CURVE('',#6670,#6718,#6720,.T.);
#6718 = VERTEX_POINT('',#6719);
#6719 = CARTESIAN_POINT('',(-5.169781996021,121.90450928382,19.));
#6720 = LINE('',#6721,#6722);
#6721 = CARTESIAN_POINT('',(-5.872906996021,125.,19.));
#6722 = VECTOR('',#6723,1.);
#6723 = DIRECTION('',(0.22150259355,-0.975159782318,0.));
#6724 = ORIENTED_EDGE('',*,*,#6725,.F.);
#6725 = EDGE_CURVE('',#2305,#6718,#6726,.T.);
#6726 = LINE('',#6727,#6728);
#6727 = CARTESIAN_POINT('',(-5.169781996021,121.90450928382,21.));
#6728 = VECTOR('',#6729,1.);
#6729 = DIRECTION('',(-0.,-0.,-1.));
#6730 = ORIENTED_EDGE('',*,*,#2304,.F.);
#6731 = PLANE('',#6732);
#6732 = AXIS2_PLACEMENT_3D('',#6733,#6734,#6735);
#6733 = CARTESIAN_POINT('',(-5.872906996021,125.,21.));
#6734 = DIRECTION('',(-0.975159782318,-0.22150259355,0.));
#6735 = DIRECTION('',(0.22150259355,-0.975159782318,0.));
#6736 = ADVANCED_FACE('',(#6737),#6755,.T.);
#6737 = FACE_BOUND('',#6738,.T.);
#6738 = EDGE_LOOP('',(#6739,#6747,#6753,#6754));
#6739 = ORIENTED_EDGE('',*,*,#6740,.T.);
#6740 = EDGE_CURVE('',#2321,#6741,#6743,.T.);
#6741 = VERTEX_POINT('',#6742);
#6742 = CARTESIAN_POINT('',(-5.800169927056,122.71618037135,19.));
#6743 = LINE('',#6744,#6745);
#6744 = CARTESIAN_POINT('',(-5.800169927056,122.71618037135,21.));
#6745 = VECTOR('',#6746,1.);
#6746 = DIRECTION('',(-0.,-0.,-1.));
#6747 = ORIENTED_EDGE('',*,*,#6748,.T.);
#6748 = EDGE_CURVE('',#6741,#6693,#6749,.T.);
#6749 = LINE('',#6750,#6751);
#6750 = CARTESIAN_POINT('',(-5.800169927056,122.71618037135,19.));
#6751 = VECTOR('',#6752,1.);
#6752 = DIRECTION('',(-1.,0.,0.));
#6753 = ORIENTED_EDGE('',*,*,#6692,.F.);
#6754 = ORIENTED_EDGE('',*,*,#2328,.F.);
#6755 = PLANE('',#6756);
#6756 = AXIS2_PLACEMENT_3D('',#6757,#6758,#6759);
#6757 = CARTESIAN_POINT('',(-5.800169927056,122.71618037135,21.));
#6758 = DIRECTION('',(0.,1.,0.));
#6759 = DIRECTION('',(-1.,0.,0.));
#6760 = ADVANCED_FACE('',(#6761),#6779,.T.);
#6761 = FACE_BOUND('',#6762,.T.);
#6762 = EDGE_LOOP('',(#6763,#6764,#6772,#6778));
#6763 = ORIENTED_EDGE('',*,*,#6725,.T.);
#6764 = ORIENTED_EDGE('',*,*,#6765,.T.);
#6765 = EDGE_CURVE('',#6718,#6766,#6768,.T.);
#6766 = VERTEX_POINT('',#6767);
#6767 = CARTESIAN_POINT('',(-5.63231515252,121.90450928382,19.));
#6768 = LINE('',#6769,#6770);
#6769 = CARTESIAN_POINT('',(-5.169781996021,121.90450928382,19.));
#6770 = VECTOR('',#6771,1.);
#6771 = DIRECTION('',(-1.,0.,0.));
#6772 = ORIENTED_EDGE('',*,*,#6773,.F.);
#6773 = EDGE_CURVE('',#2313,#6766,#6774,.T.);
#6774 = LINE('',#6775,#6776);
#6775 = CARTESIAN_POINT('',(-5.63231515252,121.90450928382,21.));
#6776 = VECTOR('',#6777,1.);
#6777 = DIRECTION('',(-0.,-0.,-1.));
#6778 = ORIENTED_EDGE('',*,*,#2312,.F.);
#6779 = PLANE('',#6780);
#6780 = AXIS2_PLACEMENT_3D('',#6781,#6782,#6783);
#6781 = CARTESIAN_POINT('',(-5.169781996021,121.90450928382,21.));
#6782 = DIRECTION('',(0.,1.,0.));
#6783 = DIRECTION('',(-1.,0.,0.));
#6784 = ADVANCED_FACE('',(#6785),#6796,.T.);
#6785 = FACE_BOUND('',#6786,.T.);
#6786 = EDGE_LOOP('',(#6787,#6788,#6794,#6795));
#6787 = ORIENTED_EDGE('',*,*,#6773,.T.);
#6788 = ORIENTED_EDGE('',*,*,#6789,.T.);
#6789 = EDGE_CURVE('',#6766,#6741,#6790,.T.);
#6790 = LINE('',#6791,#6792);
#6791 = CARTESIAN_POINT('',(-5.63231515252,121.90450928382,19.));
#6792 = VECTOR('',#6793,1.);
#6793 = DIRECTION('',(-0.202516314359,0.979278888988,0.));
#6794 = ORIENTED_EDGE('',*,*,#6740,.F.);
#6795 = ORIENTED_EDGE('',*,*,#2320,.F.);
#6796 = PLANE('',#6797);
#6797 = AXIS2_PLACEMENT_3D('',#6798,#6799,#6800);
#6798 = CARTESIAN_POINT('',(-5.63231515252,121.90450928382,21.));
#6799 = DIRECTION('',(0.979278888988,0.202516314359,0.));
#6800 = DIRECTION('',(-0.202516314359,0.979278888988,0.));
#6801 = ADVANCED_FACE('',(#6802),#6827,.T.);
#6802 = FACE_BOUND('',#6803,.T.);
#6803 = EDGE_LOOP('',(#6804,#6812,#6820,#6826));
#6804 = ORIENTED_EDGE('',*,*,#6805,.T.);
#6805 = EDGE_CURVE('',#2353,#6806,#6808,.T.);
#6806 = VERTEX_POINT('',#6807);
#6807 = CARTESIAN_POINT('',(9.5000001,121.90450928382,19.));
#6808 = LINE('',#6809,#6810);
#6809 = CARTESIAN_POINT('',(9.5000001,121.90450928382,21.));
#6810 = VECTOR('',#6811,1.);
#6811 = DIRECTION('',(-0.,-0.,-1.));
#6812 = ORIENTED_EDGE('',*,*,#6813,.T.);
#6813 = EDGE_CURVE('',#6806,#6814,#6816,.T.);
#6814 = VERTEX_POINT('',#6815);
#6815 = CARTESIAN_POINT('',(10.2031251,125.,19.));
#6816 = LINE('',#6817,#6818);
#6817 = CARTESIAN_POINT('',(9.5000001,121.90450928382,19.));
#6818 = VECTOR('',#6819,1.);
#6819 = DIRECTION('',(0.22150259355,0.975159782318,0.));
#6820 = ORIENTED_EDGE('',*,*,#6821,.F.);
#6821 = EDGE_CURVE('',#2355,#6814,#6822,.T.);
#6822 = LINE('',#6823,#6824);
#6823 = CARTESIAN_POINT('',(10.2031251,125.,21.));
#6824 = VECTOR('',#6825,1.);
#6825 = DIRECTION('',(-0.,-0.,-1.));
#6826 = ORIENTED_EDGE('',*,*,#2352,.F.);
#6827 = PLANE('',#6828);
#6828 = AXIS2_PLACEMENT_3D('',#6829,#6830,#6831);
#6829 = CARTESIAN_POINT('',(9.5000001,121.90450928382,21.));
#6830 = DIRECTION('',(0.975159782318,-0.22150259355,0.));
#6831 = DIRECTION('',(0.22150259355,0.975159782318,0.));
#6832 = ADVANCED_FACE('',(#6833),#6851,.T.);
#6833 = FACE_BOUND('',#6834,.T.);
#6834 = EDGE_LOOP('',(#6835,#6843,#6849,#6850));
#6835 = ORIENTED_EDGE('',*,*,#6836,.T.);
#6836 = EDGE_CURVE('',#2403,#6837,#6839,.T.);
#6837 = VERTEX_POINT('',#6838);
#6838 = CARTESIAN_POINT('',(9.962533256499,121.90450928382,19.));
#6839 = LINE('',#6840,#6841);
#6840 = CARTESIAN_POINT('',(9.962533256499,121.90450928382,21.));
#6841 = VECTOR('',#6842,1.);
#6842 = DIRECTION('',(-0.,-0.,-1.));
#6843 = ORIENTED_EDGE('',*,*,#6844,.T.);
#6844 = EDGE_CURVE('',#6837,#6806,#6845,.T.);
#6845 = LINE('',#6846,#6847);
#6846 = CARTESIAN_POINT('',(9.962533256499,121.90450928382,19.));
#6847 = VECTOR('',#6848,1.);
#6848 = DIRECTION('',(-1.,0.,0.));
#6849 = ORIENTED_EDGE('',*,*,#6805,.F.);
#6850 = ORIENTED_EDGE('',*,*,#2410,.F.);
#6851 = PLANE('',#6852);
#6852 = AXIS2_PLACEMENT_3D('',#6853,#6854,#6855);
#6853 = CARTESIAN_POINT('',(9.962533256499,121.90450928382,21.));
#6854 = DIRECTION('',(0.,1.,0.));
#6855 = DIRECTION('',(-1.,0.,0.));
#6856 = ADVANCED_FACE('',(#6857),#6875,.T.);
#6857 = FACE_BOUND('',#6858,.T.);
#6858 = EDGE_LOOP('',(#6859,#6867,#6873,#6874));
#6859 = ORIENTED_EDGE('',*,*,#6860,.T.);
#6860 = EDGE_CURVE('',#2395,#6861,#6863,.T.);
#6861 = VERTEX_POINT('',#6862);
#6862 = CARTESIAN_POINT('',(10.130388031034,122.71618037135,19.));
#6863 = LINE('',#6864,#6865);
#6864 = CARTESIAN_POINT('',(10.130388031034,122.71618037135,21.));
#6865 = VECTOR('',#6866,1.);
#6866 = DIRECTION('',(-0.,-0.,-1.));
#6867 = ORIENTED_EDGE('',*,*,#6868,.T.);
#6868 = EDGE_CURVE('',#6861,#6837,#6869,.T.);
#6869 = LINE('',#6870,#6871);
#6870 = CARTESIAN_POINT('',(10.130388031034,122.71618037135,19.));
#6871 = VECTOR('',#6872,1.);
#6872 = DIRECTION('',(-0.202516314359,-0.979278888988,0.));
#6873 = ORIENTED_EDGE('',*,*,#6836,.F.);
#6874 = ORIENTED_EDGE('',*,*,#2402,.F.);
#6875 = PLANE('',#6876);
#6876 = AXIS2_PLACEMENT_3D('',#6877,#6878,#6879);
#6877 = CARTESIAN_POINT('',(10.130388031034,122.71618037135,21.));
#6878 = DIRECTION('',(-0.979278888988,0.202516314359,0.));
#6879 = DIRECTION('',(-0.202516314359,-0.979278888988,0.));
#6880 = ADVANCED_FACE('',(#6881),#6899,.T.);
#6881 = FACE_BOUND('',#6882,.T.);
#6882 = EDGE_LOOP('',(#6883,#6891,#6897,#6898));
#6883 = ORIENTED_EDGE('',*,*,#6884,.T.);
#6884 = EDGE_CURVE('',#2387,#6885,#6887,.T.);
#6885 = VERTEX_POINT('',#6886);
#6886 = CARTESIAN_POINT('',(10.710419529708,122.71618037135,19.));
#6887 = LINE('',#6888,#6889);
#6888 = CARTESIAN_POINT('',(10.710419529708,122.71618037135,21.));
#6889 = VECTOR('',#6890,1.);
#6890 = DIRECTION('',(-0.,-0.,-1.));
#6891 = ORIENTED_EDGE('',*,*,#6892,.T.);
#6892 = EDGE_CURVE('',#6885,#6861,#6893,.T.);
#6893 = LINE('',#6894,#6895);
#6894 = CARTESIAN_POINT('',(10.710419529708,122.71618037135,19.));
#6895 = VECTOR('',#6896,1.);
#6896 = DIRECTION('',(-1.,0.,0.));
#6897 = ORIENTED_EDGE('',*,*,#6860,.F.);
#6898 = ORIENTED_EDGE('',*,*,#2394,.F.);
#6899 = PLANE('',#6900);
#6900 = AXIS2_PLACEMENT_3D('',#6901,#6902,#6903);
#6901 = CARTESIAN_POINT('',(10.710419529708,122.71618037135,21.));
#6902 = DIRECTION('',(0.,1.,0.));
#6903 = DIRECTION('',(-1.,0.,0.));
#6904 = ADVANCED_FACE('',(#6905),#6923,.T.);
#6905 = FACE_BOUND('',#6906,.T.);
#6906 = EDGE_LOOP('',(#6907,#6915,#6921,#6922));
#6907 = ORIENTED_EDGE('',*,*,#6908,.T.);
#6908 = EDGE_CURVE('',#2379,#6909,#6911,.T.);
#6909 = VERTEX_POINT('',#6910);
#6910 = CARTESIAN_POINT('',(10.878274304244,121.90450928382,19.));
#6911 = LINE('',#6912,#6913);
#6912 = CARTESIAN_POINT('',(10.878274304244,121.90450928382,21.));
#6913 = VECTOR('',#6914,1.);
#6914 = DIRECTION('',(-0.,-0.,-1.));
#6915 = ORIENTED_EDGE('',*,*,#6916,.T.);
#6916 = EDGE_CURVE('',#6909,#6885,#6917,.T.);
#6917 = LINE('',#6918,#6919);
#6918 = CARTESIAN_POINT('',(10.878274304244,121.90450928382,19.));
#6919 = VECTOR('',#6920,1.);
#6920 = DIRECTION('',(-0.202516314359,0.979278888988,0.));
#6921 = ORIENTED_EDGE('',*,*,#6884,.F.);
#6922 = ORIENTED_EDGE('',*,*,#2386,.F.);
#6923 = PLANE('',#6924);
#6924 = AXIS2_PLACEMENT_3D('',#6925,#6926,#6927);
#6925 = CARTESIAN_POINT('',(10.878274304244,121.90450928382,21.));
#6926 = DIRECTION('',(0.979278888988,0.202516314359,0.));
#6927 = DIRECTION('',(-0.202516314359,0.979278888988,0.));
#6928 = ADVANCED_FACE('',(#6929),#6947,.T.);
#6929 = FACE_BOUND('',#6930,.T.);
#6930 = EDGE_LOOP('',(#6931,#6939,#6945,#6946));
#6931 = ORIENTED_EDGE('',*,*,#6932,.T.);
#6932 = EDGE_CURVE('',#2371,#6933,#6935,.T.);
#6933 = VERTEX_POINT('',#6934);
#6934 = CARTESIAN_POINT('',(11.340807460743,121.90450928382,19.));
#6935 = LINE('',#6936,#6937);
#6936 = CARTESIAN_POINT('',(11.340807460743,121.90450928382,21.));
#6937 = VECTOR('',#6938,1.);
#6938 = DIRECTION('',(-0.,-0.,-1.));
#6939 = ORIENTED_EDGE('',*,*,#6940,.T.);
#6940 = EDGE_CURVE('',#6933,#6909,#6941,.T.);
#6941 = LINE('',#6942,#6943);
#6942 = CARTESIAN_POINT('',(11.340807460743,121.90450928382,19.));
#6943 = VECTOR('',#6944,1.);
#6944 = DIRECTION('',(-1.,0.,0.));
#6945 = ORIENTED_EDGE('',*,*,#6908,.F.);
#6946 = ORIENTED_EDGE('',*,*,#2378,.F.);
#6947 = PLANE('',#6948);
#6948 = AXIS2_PLACEMENT_3D('',#6949,#6950,#6951);
#6949 = CARTESIAN_POINT('',(11.340807460743,121.90450928382,21.));
#6950 = DIRECTION('',(0.,1.,0.));
#6951 = DIRECTION('',(-1.,0.,0.));
#6952 = ADVANCED_FACE('',(#6953),#6971,.T.);
#6953 = FACE_BOUND('',#6954,.T.);
#6954 = EDGE_LOOP('',(#6955,#6963,#6969,#6970));
#6955 = ORIENTED_EDGE('',*,*,#6956,.T.);
#6956 = EDGE_CURVE('',#2363,#6957,#6959,.T.);
#6957 = VERTEX_POINT('',#6958);
#6958 = CARTESIAN_POINT('',(10.637682460743,125.,19.));
#6959 = LINE('',#6960,#6961);
#6960 = CARTESIAN_POINT('',(10.637682460743,125.,21.));
#6961 = VECTOR('',#6962,1.);
#6962 = DIRECTION('',(-0.,-0.,-1.));
#6963 = ORIENTED_EDGE('',*,*,#6964,.T.);
#6964 = EDGE_CURVE('',#6957,#6933,#6965,.T.);
#6965 = LINE('',#6966,#6967);
#6966 = CARTESIAN_POINT('',(10.637682460743,125.,19.));
#6967 = VECTOR('',#6968,1.);
#6968 = DIRECTION('',(0.22150259355,-0.975159782318,0.));
#6969 = ORIENTED_EDGE('',*,*,#6932,.F.);
#6970 = ORIENTED_EDGE('',*,*,#2370,.F.);
#6971 = PLANE('',#6972);
#6972 = AXIS2_PLACEMENT_3D('',#6973,#6974,#6975);
#6973 = CARTESIAN_POINT('',(10.637682460743,125.,21.));
#6974 = DIRECTION('',(-0.975159782318,-0.22150259355,0.));
#6975 = DIRECTION('',(0.22150259355,-0.975159782318,0.));
#6976 = ADVANCED_FACE('',(#6977),#6988,.T.);
#6977 = FACE_BOUND('',#6978,.T.);
#6978 = EDGE_LOOP('',(#6979,#6980,#6986,#6987));
#6979 = ORIENTED_EDGE('',*,*,#6821,.T.);
#6980 = ORIENTED_EDGE('',*,*,#6981,.T.);
#6981 = EDGE_CURVE('',#6814,#6957,#6982,.T.);
#6982 = LINE('',#6983,#6984);
#6983 = CARTESIAN_POINT('',(10.2031251,125.,19.));
#6984 = VECTOR('',#6985,1.);
#6985 = DIRECTION('',(1.,0.,0.));
#6986 = ORIENTED_EDGE('',*,*,#6956,.F.);
#6987 = ORIENTED_EDGE('',*,*,#2362,.F.);
#6988 = PLANE('',#6989);
#6989 = AXIS2_PLACEMENT_3D('',#6990,#6991,#6992);
#6990 = CARTESIAN_POINT('',(10.2031251,125.,21.));
#6991 = DIRECTION('',(0.,-1.,0.));
#6992 = DIRECTION('',(1.,0.,0.));
#6993 = ADVANCED_FACE('',(#6994),#7019,.T.);
#6994 = FACE_BOUND('',#6995,.T.);
#6995 = EDGE_LOOP('',(#6996,#7004,#7012,#7018));
#6996 = ORIENTED_EDGE('',*,*,#6997,.T.);
#6997 = EDGE_CURVE('',#2419,#6998,#7000,.T.);
#6998 = VERTEX_POINT('',#6999);
#6999 = CARTESIAN_POINT('',(11.409814423607,121.90450928382,19.));
#7000 = LINE('',#7001,#7002);
#7001 = CARTESIAN_POINT('',(11.409814423607,121.90450928382,21.));
#7002 = VECTOR('',#7003,1.);
#7003 = DIRECTION('',(-0.,-0.,-1.));
#7004 = ORIENTED_EDGE('',*,*,#7005,.T.);
#7005 = EDGE_CURVE('',#6998,#7006,#7008,.T.);
#7006 = VERTEX_POINT('',#7007);
#7007 = CARTESIAN_POINT('',(12.112939423607,125.,19.));
#7008 = LINE('',#7009,#7010);
#7009 = CARTESIAN_POINT('',(11.409814423607,121.90450928382,19.));
#7010 = VECTOR('',#7011,1.);
#7011 = DIRECTION('',(0.22150259355,0.975159782318,0.));
#7012 = ORIENTED_EDGE('',*,*,#7013,.F.);
#7013 = EDGE_CURVE('',#2421,#7006,#7014,.T.);
#7014 = LINE('',#7015,#7016);
#7015 = CARTESIAN_POINT('',(12.112939423607,125.,21.));
#7016 = VECTOR('',#7017,1.);
#7017 = DIRECTION('',(-0.,-0.,-1.));
#7018 = ORIENTED_EDGE('',*,*,#2418,.F.);
#7019 = PLANE('',#7020);
#7020 = AXIS2_PLACEMENT_3D('',#7021,#7022,#7023);
#7021 = CARTESIAN_POINT('',(11.409814423607,121.90450928382,21.));
#7022 = DIRECTION('',(0.975159782318,-0.22150259355,0.));
#7023 = DIRECTION('',(0.22150259355,0.975159782318,0.));
#7024 = ADVANCED_FACE('',(#7025),#7043,.T.);
#7025 = FACE_BOUND('',#7026,.T.);
#7026 = EDGE_LOOP('',(#7027,#7035,#7041,#7042));
#7027 = ORIENTED_EDGE('',*,*,#7028,.T.);
#7028 = EDGE_CURVE('',#2469,#7029,#7031,.T.);
#7029 = VERTEX_POINT('',#7030);
#7030 = CARTESIAN_POINT('',(11.872347580106,121.90450928382,19.));
#7031 = LINE('',#7032,#7033);
#7032 = CARTESIAN_POINT('',(11.872347580106,121.90450928382,21.));
#7033 = VECTOR('',#7034,1.);
#7034 = DIRECTION('',(-0.,-0.,-1.));
#7035 = ORIENTED_EDGE('',*,*,#7036,.T.);
#7036 = EDGE_CURVE('',#7029,#6998,#7037,.T.);
#7037 = LINE('',#7038,#7039);
#7038 = CARTESIAN_POINT('',(11.872347580106,121.90450928382,19.));
#7039 = VECTOR('',#7040,1.);
#7040 = DIRECTION('',(-1.,0.,0.));
#7041 = ORIENTED_EDGE('',*,*,#6997,.F.);
#7042 = ORIENTED_EDGE('',*,*,#2476,.F.);
#7043 = PLANE('',#7044);
#7044 = AXIS2_PLACEMENT_3D('',#7045,#7046,#7047);
#7045 = CARTESIAN_POINT('',(11.872347580106,121.90450928382,21.));
#7046 = DIRECTION('',(0.,1.,0.));
#7047 = DIRECTION('',(-1.,0.,0.));
#7048 = ADVANCED_FACE('',(#7049),#7067,.T.);
#7049 = FACE_BOUND('',#7050,.T.);
#7050 = EDGE_LOOP('',(#7051,#7059,#7065,#7066));
#7051 = ORIENTED_EDGE('',*,*,#7052,.T.);
#7052 = EDGE_CURVE('',#2461,#7053,#7055,.T.);
#7053 = VERTEX_POINT('',#7054);
#7054 = CARTESIAN_POINT('',(12.040202354642,122.71618037135,19.));
#7055 = LINE('',#7056,#7057);
#7056 = CARTESIAN_POINT('',(12.040202354642,122.71618037135,21.));
#7057 = VECTOR('',#7058,1.);
#7058 = DIRECTION('',(-0.,-0.,-1.));
#7059 = ORIENTED_EDGE('',*,*,#7060,.T.);
#7060 = EDGE_CURVE('',#7053,#7029,#7061,.T.);
#7061 = LINE('',#7062,#7063);
#7062 = CARTESIAN_POINT('',(12.040202354642,122.71618037135,19.));
#7063 = VECTOR('',#7064,1.);
#7064 = DIRECTION('',(-0.202516314359,-0.979278888988,0.));
#7065 = ORIENTED_EDGE('',*,*,#7028,.F.);
#7066 = ORIENTED_EDGE('',*,*,#2468,.F.);
#7067 = PLANE('',#7068);
#7068 = AXIS2_PLACEMENT_3D('',#7069,#7070,#7071);
#7069 = CARTESIAN_POINT('',(12.040202354642,122.71618037135,21.));
#7070 = DIRECTION('',(-0.979278888988,0.202516314359,0.));
#7071 = DIRECTION('',(-0.202516314359,-0.979278888988,0.));
#7072 = ADVANCED_FACE('',(#7073),#7091,.T.);
#7073 = FACE_BOUND('',#7074,.T.);
#7074 = EDGE_LOOP('',(#7075,#7083,#7089,#7090));
#7075 = ORIENTED_EDGE('',*,*,#7076,.T.);
#7076 = EDGE_CURVE('',#2453,#7077,#7079,.T.);
#7077 = VERTEX_POINT('',#7078);
#7078 = CARTESIAN_POINT('',(12.620233853316,122.71618037135,19.));
#7079 = LINE('',#7080,#7081);
#7080 = CARTESIAN_POINT('',(12.620233853316,122.71618037135,21.));
#7081 = VECTOR('',#7082,1.);
#7082 = DIRECTION('',(-0.,-0.,-1.));
#7083 = ORIENTED_EDGE('',*,*,#7084,.T.);
#7084 = EDGE_CURVE('',#7077,#7053,#7085,.T.);
#7085 = LINE('',#7086,#7087);
#7086 = CARTESIAN_POINT('',(12.620233853316,122.71618037135,19.));
#7087 = VECTOR('',#7088,1.);
#7088 = DIRECTION('',(-1.,0.,0.));
#7089 = ORIENTED_EDGE('',*,*,#7052,.F.);
#7090 = ORIENTED_EDGE('',*,*,#2460,.F.);
#7091 = PLANE('',#7092);
#7092 = AXIS2_PLACEMENT_3D('',#7093,#7094,#7095);
#7093 = CARTESIAN_POINT('',(12.620233853316,122.71618037135,21.));
#7094 = DIRECTION('',(0.,1.,0.));
#7095 = DIRECTION('',(-1.,0.,0.));
#7096 = ADVANCED_FACE('',(#7097),#7115,.T.);
#7097 = FACE_BOUND('',#7098,.T.);
#7098 = EDGE_LOOP('',(#7099,#7107,#7113,#7114));
#7099 = ORIENTED_EDGE('',*,*,#7100,.T.);
#7100 = EDGE_CURVE('',#2445,#7101,#7103,.T.);
#7101 = VERTEX_POINT('',#7102);
#7102 = CARTESIAN_POINT('',(12.788088627851,121.90450928382,19.));
#7103 = LINE('',#7104,#7105);
#7104 = CARTESIAN_POINT('',(12.788088627851,121.90450928382,21.));
#7105 = VECTOR('',#7106,1.);
#7106 = DIRECTION('',(-0.,-0.,-1.));
#7107 = ORIENTED_EDGE('',*,*,#7108,.T.);
#7108 = EDGE_CURVE('',#7101,#7077,#7109,.T.);
#7109 = LINE('',#7110,#7111);
#7110 = CARTESIAN_POINT('',(12.788088627851,121.90450928382,19.));
#7111 = VECTOR('',#7112,1.);
#7112 = DIRECTION('',(-0.202516314359,0.979278888988,0.));
#7113 = ORIENTED_EDGE('',*,*,#7076,.F.);
#7114 = ORIENTED_EDGE('',*,*,#2452,.F.);
#7115 = PLANE('',#7116);
#7116 = AXIS2_PLACEMENT_3D('',#7117,#7118,#7119);
#7117 = CARTESIAN_POINT('',(12.788088627851,121.90450928382,21.));
#7118 = DIRECTION('',(0.979278888988,0.202516314359,0.));
#7119 = DIRECTION('',(-0.202516314359,0.979278888988,0.));
#7120 = ADVANCED_FACE('',(#7121),#7139,.T.);
#7121 = FACE_BOUND('',#7122,.T.);
#7122 = EDGE_LOOP('',(#7123,#7131,#7137,#7138));
#7123 = ORIENTED_EDGE('',*,*,#7124,.T.);
#7124 = EDGE_CURVE('',#2437,#7125,#7127,.T.);
#7125 = VERTEX_POINT('',#7126);
#7126 = CARTESIAN_POINT('',(13.25062178435,121.90450928382,19.));
#7127 = LINE('',#7128,#7129);
#7128 = CARTESIAN_POINT('',(13.25062178435,121.90450928382,21.));
#7129 = VECTOR('',#7130,1.);
#7130 = DIRECTION('',(-0.,-0.,-1.));
#7131 = ORIENTED_EDGE('',*,*,#7132,.T.);
#7132 = EDGE_CURVE('',#7125,#7101,#7133,.T.);
#7133 = LINE('',#7134,#7135);
#7134 = CARTESIAN_POINT('',(13.25062178435,121.90450928382,19.));
#7135 = VECTOR('',#7136,1.);
#7136 = DIRECTION('',(-1.,0.,0.));
#7137 = ORIENTED_EDGE('',*,*,#7100,.F.);
#7138 = ORIENTED_EDGE('',*,*,#2444,.F.);
#7139 = PLANE('',#7140);
#7140 = AXIS2_PLACEMENT_3D('',#7141,#7142,#7143);
#7141 = CARTESIAN_POINT('',(13.25062178435,121.90450928382,21.));
#7142 = DIRECTION('',(0.,1.,0.));
#7143 = DIRECTION('',(-1.,0.,0.));
#7144 = ADVANCED_FACE('',(#7145),#7163,.T.);
#7145 = FACE_BOUND('',#7146,.T.);
#7146 = EDGE_LOOP('',(#7147,#7155,#7161,#7162));
#7147 = ORIENTED_EDGE('',*,*,#7148,.T.);
#7148 = EDGE_CURVE('',#2429,#7149,#7151,.T.);
#7149 = VERTEX_POINT('',#7150);
#7150 = CARTESIAN_POINT('',(12.54749678435,125.,19.));
#7151 = LINE('',#7152,#7153);
#7152 = CARTESIAN_POINT('',(12.54749678435,125.,21.));
#7153 = VECTOR('',#7154,1.);
#7154 = DIRECTION('',(-0.,-0.,-1.));
#7155 = ORIENTED_EDGE('',*,*,#7156,.T.);
#7156 = EDGE_CURVE('',#7149,#7125,#7157,.T.);
#7157 = LINE('',#7158,#7159);
#7158 = CARTESIAN_POINT('',(12.54749678435,125.,19.));
#7159 = VECTOR('',#7160,1.);
#7160 = DIRECTION('',(0.22150259355,-0.975159782318,0.));
#7161 = ORIENTED_EDGE('',*,*,#7124,.F.);
#7162 = ORIENTED_EDGE('',*,*,#2436,.F.);
#7163 = PLANE('',#7164);
#7164 = AXIS2_PLACEMENT_3D('',#7165,#7166,#7167);
#7165 = CARTESIAN_POINT('',(12.54749678435,125.,21.));
#7166 = DIRECTION('',(-0.975159782318,-0.22150259355,0.));
#7167 = DIRECTION('',(0.22150259355,-0.975159782318,0.));
#7168 = ADVANCED_FACE('',(#7169),#7180,.T.);
#7169 = FACE_BOUND('',#7170,.T.);
#7170 = EDGE_LOOP('',(#7171,#7172,#7178,#7179));
#7171 = ORIENTED_EDGE('',*,*,#7013,.T.);
#7172 = ORIENTED_EDGE('',*,*,#7173,.T.);
#7173 = EDGE_CURVE('',#7006,#7149,#7174,.T.);
#7174 = LINE('',#7175,#7176);
#7175 = CARTESIAN_POINT('',(12.112939423607,125.,19.));
#7176 = VECTOR('',#7177,1.);
#7177 = DIRECTION('',(1.,0.,0.));
#7178 = ORIENTED_EDGE('',*,*,#7148,.F.);
#7179 = ORIENTED_EDGE('',*,*,#2428,.F.);
#7180 = PLANE('',#7181);
#7181 = AXIS2_PLACEMENT_3D('',#7182,#7183,#7184);
#7182 = CARTESIAN_POINT('',(12.112939423607,125.,21.));
#7183 = DIRECTION('',(0.,-1.,0.));
#7184 = DIRECTION('',(1.,0.,0.));
#7185 = ADVANCED_FACE('',(#7186),#7211,.F.);
#7186 = FACE_BOUND('',#7187,.F.);
#7187 = EDGE_LOOP('',(#7188,#7196,#7197,#7205));
#7188 = ORIENTED_EDGE('',*,*,#7189,.T.);
#7189 = EDGE_CURVE('',#7190,#2491,#7192,.T.);
#7190 = VERTEX_POINT('',#7191);
#7191 = CARTESIAN_POINT('',(15.76,5.24,-4.5));
#7192 = LINE('',#7193,#7194);
#7193 = CARTESIAN_POINT('',(16.32,5.24,-3.94));
#7194 = VECTOR('',#7195,1.);
#7195 = DIRECTION('',(0.707106781187,-3.845925372767E-16,0.707106781187)
  );
#7196 = ORIENTED_EDGE('',*,*,#2498,.T.);
#7197 = ORIENTED_EDGE('',*,*,#7198,.F.);
#7198 = EDGE_CURVE('',#7199,#2499,#7201,.T.);
#7199 = VERTEX_POINT('',#7200);
#7200 = CARTESIAN_POINT('',(15.76,36.76,-4.5));
#7201 = LINE('',#7202,#7203);
#7202 = CARTESIAN_POINT('',(16.32,36.76,-3.94));
#7203 = VECTOR('',#7204,1.);
#7204 = DIRECTION('',(0.707106781187,-7.691850745534E-16,0.707106781187)
  );
#7205 = ORIENTED_EDGE('',*,*,#7206,.F.);
#7206 = EDGE_CURVE('',#7190,#7199,#7207,.T.);
#7207 = LINE('',#7208,#7209);
#7208 = CARTESIAN_POINT('',(15.76,3.,-4.5));
#7209 = VECTOR('',#7210,1.);
#7210 = DIRECTION('',(0.,1.,0.));
#7211 = PLANE('',#7212);
#7212 = AXIS2_PLACEMENT_3D('',#7213,#7214,#7215);
#7213 = CARTESIAN_POINT('',(16.88,3.,-3.38));
#7214 = DIRECTION('',(-0.707106781187,0.,0.707106781187));
#7215 = DIRECTION('',(0.,1.,0.));
#7216 = ADVANCED_FACE('',(#7217),#7227,.F.);
#7217 = FACE_BOUND('',#7218,.F.);
#7218 = EDGE_LOOP('',(#7219,#7220,#7226));
#7219 = ORIENTED_EDGE('',*,*,#7189,.F.);
#7220 = ORIENTED_EDGE('',*,*,#7221,.T.);
#7221 = EDGE_CURVE('',#7190,#2522,#7222,.T.);
#7222 = LINE('',#7223,#7224);
#7223 = CARTESIAN_POINT('',(15.76,4.68,-3.94));
#7224 = VECTOR('',#7225,1.);
#7225 = DIRECTION('',(0.,-0.707106781187,0.707106781187));
#7226 = ORIENTED_EDGE('',*,*,#2529,.F.);
#7227 = PLANE('',#7228);
#7228 = AXIS2_PLACEMENT_3D('',#7229,#7230,#7231);
#7229 = CARTESIAN_POINT('',(15.76,5.24,-4.5));
#7230 = DIRECTION('',(-0.57735026919,0.57735026919,0.57735026919));
#7231 = DIRECTION('',(-0.707106781187,-0.707106781187,
    -2.498001805407E-16));
#7232 = ADVANCED_FACE('',(#7233),#7243,.T.);
#7233 = FACE_BOUND('',#7234,.T.);
#7234 = EDGE_LOOP('',(#7235,#7236,#7242));
#7235 = ORIENTED_EDGE('',*,*,#7198,.F.);
#7236 = ORIENTED_EDGE('',*,*,#7237,.T.);
#7237 = EDGE_CURVE('',#7199,#2547,#7238,.T.);
#7238 = LINE('',#7239,#7240);
#7239 = CARTESIAN_POINT('',(15.76,37.32,-3.94));
#7240 = VECTOR('',#7241,1.);
#7241 = DIRECTION('',(-2.595999626618E-15,0.707106781187,0.707106781187)
  );
#7242 = ORIENTED_EDGE('',*,*,#2546,.F.);
#7243 = PLANE('',#7244);
#7244 = AXIS2_PLACEMENT_3D('',#7245,#7246,#7247);
#7245 = CARTESIAN_POINT('',(15.76,36.76,-4.5));
#7246 = DIRECTION('',(0.57735026919,0.57735026919,-0.57735026919));
#7247 = DIRECTION('',(-0.707106781187,0.707106781187,1.110223024625E-15)
  );
#7248 = ADVANCED_FACE('',(#7249),#7267,.F.);
#7249 = FACE_BOUND('',#7250,.F.);
#7250 = EDGE_LOOP('',(#7251,#7259,#7260,#7261));
#7251 = ORIENTED_EDGE('',*,*,#7252,.T.);
#7252 = EDGE_CURVE('',#7253,#2572,#7255,.T.);
#7253 = VERTEX_POINT('',#7254);
#7254 = CARTESIAN_POINT('',(-15.76,5.24,-4.5));
#7255 = LINE('',#7256,#7257);
#7256 = CARTESIAN_POINT('',(-15.76,4.68,-3.94));
#7257 = VECTOR('',#7258,1.);
#7258 = DIRECTION('',(-8.653332088726E-16,-0.707106781187,0.707106781187
    ));
#7259 = ORIENTED_EDGE('',*,*,#2579,.T.);
#7260 = ORIENTED_EDGE('',*,*,#7221,.F.);
#7261 = ORIENTED_EDGE('',*,*,#7262,.F.);
#7262 = EDGE_CURVE('',#7253,#7190,#7263,.T.);
#7263 = LINE('',#7264,#7265);
#7264 = CARTESIAN_POINT('',(-18.,5.24,-4.5));
#7265 = VECTOR('',#7266,1.);
#7266 = DIRECTION('',(1.,0.,0.));
#7267 = PLANE('',#7268);
#7268 = AXIS2_PLACEMENT_3D('',#7269,#7270,#7271);
#7269 = CARTESIAN_POINT('',(-18.,4.12,-3.38));
#7270 = DIRECTION('',(0.,0.707106781187,0.707106781187));
#7271 = DIRECTION('',(1.,0.,0.));
#7272 = ADVANCED_FACE('',(#7273),#7291,.F.);
#7273 = FACE_BOUND('',#7274,.F.);
#7274 = EDGE_LOOP('',(#7275,#7276,#7277,#7285));
#7275 = ORIENTED_EDGE('',*,*,#7237,.T.);
#7276 = ORIENTED_EDGE('',*,*,#2594,.T.);
#7277 = ORIENTED_EDGE('',*,*,#7278,.F.);
#7278 = EDGE_CURVE('',#7279,#2595,#7281,.T.);
#7279 = VERTEX_POINT('',#7280);
#7280 = CARTESIAN_POINT('',(-15.76,36.76,-4.5));
#7281 = LINE('',#7282,#7283);
#7282 = CARTESIAN_POINT('',(-15.76,37.32,-3.94));
#7283 = VECTOR('',#7284,1.);
#7284 = DIRECTION('',(2.595999626618E-15,0.707106781187,0.707106781187)
  );
#7285 = ORIENTED_EDGE('',*,*,#7286,.F.);
#7286 = EDGE_CURVE('',#7199,#7279,#7287,.T.);
#7287 = LINE('',#7288,#7289);
#7288 = CARTESIAN_POINT('',(18.,36.76,-4.5));
#7289 = VECTOR('',#7290,1.);
#7290 = DIRECTION('',(-1.,0.,0.));
#7291 = PLANE('',#7292);
#7292 = AXIS2_PLACEMENT_3D('',#7293,#7294,#7295);
#7293 = CARTESIAN_POINT('',(18.,37.88,-3.38));
#7294 = DIRECTION('',(0.,-0.707106781187,0.707106781187));
#7295 = DIRECTION('',(-1.,0.,0.));
#7296 = ADVANCED_FACE('',(#7297),#7307,.F.);
#7297 = FACE_BOUND('',#7298,.F.);
#7298 = EDGE_LOOP('',(#7299,#7300,#7306));
#7299 = ORIENTED_EDGE('',*,*,#7252,.F.);
#7300 = ORIENTED_EDGE('',*,*,#7301,.T.);
#7301 = EDGE_CURVE('',#7253,#2618,#7302,.T.);
#7302 = LINE('',#7303,#7304);
#7303 = CARTESIAN_POINT('',(-16.32,5.24,-3.94));
#7304 = VECTOR('',#7305,1.);
#7305 = DIRECTION('',(-0.707106781187,-6.730369402342E-16,0.707106781187
    ));
#7306 = ORIENTED_EDGE('',*,*,#2625,.F.);
#7307 = PLANE('',#7308);
#7308 = AXIS2_PLACEMENT_3D('',#7309,#7310,#7311);
#7309 = CARTESIAN_POINT('',(-15.76,5.24,-4.5));
#7310 = DIRECTION('',(0.57735026919,0.57735026919,0.57735026919));
#7311 = DIRECTION('',(-0.707106781187,0.707106781187,-5.551115123126E-17
    ));
#7312 = ADVANCED_FACE('',(#7313),#7323,.T.);
#7313 = FACE_BOUND('',#7314,.T.);
#7314 = EDGE_LOOP('',(#7315,#7316,#7322));
#7315 = ORIENTED_EDGE('',*,*,#7278,.F.);
#7316 = ORIENTED_EDGE('',*,*,#7317,.T.);
#7317 = EDGE_CURVE('',#7279,#2642,#7318,.T.);
#7318 = LINE('',#7319,#7320);
#7319 = CARTESIAN_POINT('',(-16.32,36.76,-3.94));
#7320 = VECTOR('',#7321,1.);
#7321 = DIRECTION('',(-0.707106781187,0.,0.707106781187));
#7322 = ORIENTED_EDGE('',*,*,#2649,.F.);
#7323 = PLANE('',#7324);
#7324 = AXIS2_PLACEMENT_3D('',#7325,#7326,#7327);
#7325 = CARTESIAN_POINT('',(-15.76,36.76,-4.5));
#7326 = DIRECTION('',(-0.57735026919,0.57735026919,-0.57735026919));
#7327 = DIRECTION('',(-0.707106781187,-0.707106781187,
    -1.415534356397E-15));
#7328 = ADVANCED_FACE('',(#7329),#7340,.F.);
#7329 = FACE_BOUND('',#7330,.F.);
#7330 = EDGE_LOOP('',(#7331,#7332,#7333,#7334));
#7331 = ORIENTED_EDGE('',*,*,#7317,.T.);
#7332 = ORIENTED_EDGE('',*,*,#2668,.T.);
#7333 = ORIENTED_EDGE('',*,*,#7301,.F.);
#7334 = ORIENTED_EDGE('',*,*,#7335,.F.);
#7335 = EDGE_CURVE('',#7279,#7253,#7336,.T.);
#7336 = LINE('',#7337,#7338);
#7337 = CARTESIAN_POINT('',(-15.76,39.,-4.5));
#7338 = VECTOR('',#7339,1.);
#7339 = DIRECTION('',(0.,-1.,0.));
#7340 = PLANE('',#7341);
#7341 = AXIS2_PLACEMENT_3D('',#7342,#7343,#7344);
#7342 = CARTESIAN_POINT('',(-16.88,39.,-3.38));
#7343 = DIRECTION('',(0.707106781187,0.,0.707106781187));
#7344 = DIRECTION('',(0.,-1.,0.));
#7345 = ADVANCED_FACE('',(#7346),#7371,.F.);
#7346 = FACE_BOUND('',#7347,.F.);
#7347 = EDGE_LOOP('',(#7348,#7356,#7357,#7365));
#7348 = ORIENTED_EDGE('',*,*,#7349,.T.);
#7349 = EDGE_CURVE('',#7350,#2683,#7352,.T.);
#7350 = VERTEX_POINT('',#7351);
#7351 = CARTESIAN_POINT('',(-15.76,47.24,-4.5));
#7352 = LINE('',#7353,#7354);
#7353 = CARTESIAN_POINT('',(-15.76,46.68,-3.94));
#7354 = VECTOR('',#7355,1.);
#7355 = DIRECTION('',(3.076740298214E-15,-0.707106781187,0.707106781187)
  );
#7356 = ORIENTED_EDGE('',*,*,#2690,.T.);
#7357 = ORIENTED_EDGE('',*,*,#7358,.F.);
#7358 = EDGE_CURVE('',#7359,#2691,#7361,.T.);
#7359 = VERTEX_POINT('',#7360);
#7360 = CARTESIAN_POINT('',(15.76,47.24,-4.5));
#7361 = LINE('',#7362,#7363);
#7362 = CARTESIAN_POINT('',(15.76,46.68,-3.94));
#7363 = VECTOR('',#7364,1.);
#7364 = DIRECTION('',(-1.442222014788E-15,-0.707106781187,0.707106781187
    ));
#7365 = ORIENTED_EDGE('',*,*,#7366,.F.);
#7366 = EDGE_CURVE('',#7350,#7359,#7367,.T.);
#7367 = LINE('',#7368,#7369);
#7368 = CARTESIAN_POINT('',(-18.,47.24,-4.5));
#7369 = VECTOR('',#7370,1.);
#7370 = DIRECTION('',(1.,0.,0.));
#7371 = PLANE('',#7372);
#7372 = AXIS2_PLACEMENT_3D('',#7373,#7374,#7375);
#7373 = CARTESIAN_POINT('',(-18.,46.12,-3.38));
#7374 = DIRECTION('',(0.,0.707106781187,0.707106781187));
#7375 = DIRECTION('',(1.,0.,0.));
#7376 = ADVANCED_FACE('',(#7377),#7387,.F.);
#7377 = FACE_BOUND('',#7378,.F.);
#7378 = EDGE_LOOP('',(#7379,#7380,#7386));
#7379 = ORIENTED_EDGE('',*,*,#7349,.F.);
#7380 = ORIENTED_EDGE('',*,*,#7381,.T.);
#7381 = EDGE_CURVE('',#7350,#2714,#7382,.T.);
#7382 = LINE('',#7383,#7384);
#7383 = CARTESIAN_POINT('',(-16.32,47.24,-3.94));
#7384 = VECTOR('',#7385,1.);
#7385 = DIRECTION('',(-0.707106781187,1.922962686384E-16,0.707106781187)
  );
#7386 = ORIENTED_EDGE('',*,*,#2721,.F.);
#7387 = PLANE('',#7388);
#7388 = AXIS2_PLACEMENT_3D('',#7389,#7390,#7391);
#7389 = CARTESIAN_POINT('',(-15.76,47.24,-4.5));
#7390 = DIRECTION('',(0.57735026919,0.57735026919,0.57735026919));
#7391 = DIRECTION('',(-0.707106781187,0.707106781187,-1.137978600241E-15
    ));
#7392 = ADVANCED_FACE('',(#7393),#7403,.T.);
#7393 = FACE_BOUND('',#7394,.T.);
#7394 = EDGE_LOOP('',(#7395,#7396,#7402));
#7395 = ORIENTED_EDGE('',*,*,#7358,.F.);
#7396 = ORIENTED_EDGE('',*,*,#7397,.T.);
#7397 = EDGE_CURVE('',#7359,#2739,#7398,.T.);
#7398 = LINE('',#7399,#7400);
#7399 = CARTESIAN_POINT('',(16.32,47.24,-3.94));
#7400 = VECTOR('',#7401,1.);
#7401 = DIRECTION('',(0.707106781187,-2.884444029575E-16,0.707106781187)
  );
#7402 = ORIENTED_EDGE('',*,*,#2738,.F.);
#7403 = PLANE('',#7404);
#7404 = AXIS2_PLACEMENT_3D('',#7405,#7406,#7407);
#7405 = CARTESIAN_POINT('',(15.76,47.24,-4.5));
#7406 = DIRECTION('',(0.57735026919,-0.57735026919,-0.57735026919));
#7407 = DIRECTION('',(0.707106781187,0.707106781187,-1.110223024625E-15)
  );
#7408 = ADVANCED_FACE('',(#7409),#7427,.F.);
#7409 = FACE_BOUND('',#7410,.F.);
#7410 = EDGE_LOOP('',(#7411,#7419,#7420,#7421));
#7411 = ORIENTED_EDGE('',*,*,#7412,.T.);
#7412 = EDGE_CURVE('',#7413,#2764,#7415,.T.);
#7413 = VERTEX_POINT('',#7414);
#7414 = CARTESIAN_POINT('',(-15.76,78.76,-4.5));
#7415 = LINE('',#7416,#7417);
#7416 = CARTESIAN_POINT('',(-16.32,78.76,-3.94));
#7417 = VECTOR('',#7418,1.);
#7418 = DIRECTION('',(-0.707106781187,8.653332088726E-16,0.707106781187)
  );
#7419 = ORIENTED_EDGE('',*,*,#2771,.T.);
#7420 = ORIENTED_EDGE('',*,*,#7381,.F.);
#7421 = ORIENTED_EDGE('',*,*,#7422,.F.);
#7422 = EDGE_CURVE('',#7413,#7350,#7423,.T.);
#7423 = LINE('',#7424,#7425);
#7424 = CARTESIAN_POINT('',(-15.76,81.,-4.5));
#7425 = VECTOR('',#7426,1.);
#7426 = DIRECTION('',(0.,-1.,0.));
#7427 = PLANE('',#7428);
#7428 = AXIS2_PLACEMENT_3D('',#7429,#7430,#7431);
#7429 = CARTESIAN_POINT('',(-16.88,81.,-3.38));
#7430 = DIRECTION('',(0.707106781187,0.,0.707106781187));
#7431 = DIRECTION('',(0.,-1.,0.));
#7432 = ADVANCED_FACE('',(#7433),#7451,.F.);
#7433 = FACE_BOUND('',#7434,.F.);
#7434 = EDGE_LOOP('',(#7435,#7436,#7437,#7445));
#7435 = ORIENTED_EDGE('',*,*,#7397,.T.);
#7436 = ORIENTED_EDGE('',*,*,#2786,.T.);
#7437 = ORIENTED_EDGE('',*,*,#7438,.F.);
#7438 = EDGE_CURVE('',#7439,#2787,#7441,.T.);
#7439 = VERTEX_POINT('',#7440);
#7440 = CARTESIAN_POINT('',(15.76,78.76,-4.5));
#7441 = LINE('',#7442,#7443);
#7442 = CARTESIAN_POINT('',(16.32,78.76,-3.94));
#7443 = VECTOR('',#7444,1.);
#7444 = DIRECTION('',(0.707106781187,2.884444029575E-16,0.707106781187)
  );
#7445 = ORIENTED_EDGE('',*,*,#7446,.F.);
#7446 = EDGE_CURVE('',#7359,#7439,#7447,.T.);
#7447 = LINE('',#7448,#7449);
#7448 = CARTESIAN_POINT('',(15.76,45.,-4.5));
#7449 = VECTOR('',#7450,1.);
#7450 = DIRECTION('',(0.,1.,0.));
#7451 = PLANE('',#7452);
#7452 = AXIS2_PLACEMENT_3D('',#7453,#7454,#7455);
#7453 = CARTESIAN_POINT('',(16.88,45.,-3.38));
#7454 = DIRECTION('',(-0.707106781187,0.,0.707106781187));
#7455 = DIRECTION('',(0.,1.,0.));
#7456 = ADVANCED_FACE('',(#7457),#7467,.F.);
#7457 = FACE_BOUND('',#7458,.F.);
#7458 = EDGE_LOOP('',(#7459,#7460,#7466));
#7459 = ORIENTED_EDGE('',*,*,#7412,.F.);
#7460 = ORIENTED_EDGE('',*,*,#7461,.T.);
#7461 = EDGE_CURVE('',#7413,#2811,#7462,.T.);
#7462 = LINE('',#7463,#7464);
#7463 = CARTESIAN_POINT('',(-15.76,79.32,-3.94));
#7464 = VECTOR('',#7465,1.);
#7465 = DIRECTION('',(3.749777238448E-15,0.707106781187,0.707106781187)
  );
#7466 = ORIENTED_EDGE('',*,*,#2810,.F.);
#7467 = PLANE('',#7468);
#7468 = AXIS2_PLACEMENT_3D('',#7469,#7470,#7471);
#7469 = CARTESIAN_POINT('',(-15.76,78.76,-4.5));
#7470 = DIRECTION('',(0.57735026919,-0.57735026919,0.57735026919));
#7471 = DIRECTION('',(0.707106781187,0.707106781187,1.637578961322E-15)
  );
#7472 = ADVANCED_FACE('',(#7473),#7483,.F.);
#7473 = FACE_BOUND('',#7474,.F.);
#7474 = EDGE_LOOP('',(#7475,#7481,#7482));
#7475 = ORIENTED_EDGE('',*,*,#7476,.F.);
#7476 = EDGE_CURVE('',#7439,#2835,#7477,.T.);
#7477 = LINE('',#7478,#7479);
#7478 = CARTESIAN_POINT('',(15.76,79.32,-3.94));
#7479 = VECTOR('',#7480,1.);
#7480 = DIRECTION('',(-3.749777238448E-15,0.707106781187,0.707106781187)
  );
#7481 = ORIENTED_EDGE('',*,*,#7438,.T.);
#7482 = ORIENTED_EDGE('',*,*,#2834,.F.);
#7483 = PLANE('',#7484);
#7484 = AXIS2_PLACEMENT_3D('',#7485,#7486,#7487);
#7485 = CARTESIAN_POINT('',(15.76,78.76,-4.5));
#7486 = DIRECTION('',(-0.57735026919,-0.57735026919,0.57735026919));
#7487 = DIRECTION('',(0.707106781187,-0.707106781187,-1.609823385706E-15
    ));
#7488 = ADVANCED_FACE('',(#7489),#7500,.F.);
#7489 = FACE_BOUND('',#7490,.F.);
#7490 = EDGE_LOOP('',(#7491,#7492,#7493,#7494));
#7491 = ORIENTED_EDGE('',*,*,#7476,.T.);
#7492 = ORIENTED_EDGE('',*,*,#2860,.T.);
#7493 = ORIENTED_EDGE('',*,*,#7461,.F.);
#7494 = ORIENTED_EDGE('',*,*,#7495,.F.);
#7495 = EDGE_CURVE('',#7439,#7413,#7496,.T.);
#7496 = LINE('',#7497,#7498);
#7497 = CARTESIAN_POINT('',(18.,78.76,-4.5));
#7498 = VECTOR('',#7499,1.);
#7499 = DIRECTION('',(-1.,0.,0.));
#7500 = PLANE('',#7501);
#7501 = AXIS2_PLACEMENT_3D('',#7502,#7503,#7504);
#7502 = CARTESIAN_POINT('',(18.,79.88,-3.38));
#7503 = DIRECTION('',(0.,-0.707106781187,0.707106781187));
#7504 = DIRECTION('',(-1.,0.,0.));
#7505 = ADVANCED_FACE('',(#7506),#7531,.F.);
#7506 = FACE_BOUND('',#7507,.F.);
#7507 = EDGE_LOOP('',(#7508,#7516,#7517,#7525));
#7508 = ORIENTED_EDGE('',*,*,#7509,.T.);
#7509 = EDGE_CURVE('',#7510,#2875,#7512,.T.);
#7510 = VERTEX_POINT('',#7511);
#7511 = CARTESIAN_POINT('',(15.76,89.24,-4.5));
#7512 = LINE('',#7513,#7514);
#7513 = CARTESIAN_POINT('',(16.32,89.24,-3.94));
#7514 = VECTOR('',#7515,1.);
#7515 = DIRECTION('',(0.707106781187,2.595999626618E-15,0.707106781187)
  );
#7516 = ORIENTED_EDGE('',*,*,#2882,.T.);
#7517 = ORIENTED_EDGE('',*,*,#7518,.F.);
#7518 = EDGE_CURVE('',#7519,#2883,#7521,.T.);
#7519 = VERTEX_POINT('',#7520);
#7520 = CARTESIAN_POINT('',(15.76,120.76,-4.5));
#7521 = LINE('',#7522,#7523);
#7522 = CARTESIAN_POINT('',(16.32,120.76,-3.94));
#7523 = VECTOR('',#7524,1.);
#7524 = DIRECTION('',(0.707106781187,2.30755522366E-15,0.707106781187));
#7525 = ORIENTED_EDGE('',*,*,#7526,.F.);
#7526 = EDGE_CURVE('',#7510,#7519,#7527,.T.);
#7527 = LINE('',#7528,#7529);
#7528 = CARTESIAN_POINT('',(15.76,87.,-4.5));
#7529 = VECTOR('',#7530,1.);
#7530 = DIRECTION('',(0.,1.,0.));
#7531 = PLANE('',#7532);
#7532 = AXIS2_PLACEMENT_3D('',#7533,#7534,#7535);
#7533 = CARTESIAN_POINT('',(16.88,87.,-3.38));
#7534 = DIRECTION('',(-0.707106781187,0.,0.707106781187));
#7535 = DIRECTION('',(0.,1.,0.));
#7536 = ADVANCED_FACE('',(#7537),#7547,.F.);
#7537 = FACE_BOUND('',#7538,.F.);
#7538 = EDGE_LOOP('',(#7539,#7540,#7546));
#7539 = ORIENTED_EDGE('',*,*,#7509,.F.);
#7540 = ORIENTED_EDGE('',*,*,#7541,.T.);
#7541 = EDGE_CURVE('',#7510,#2906,#7542,.T.);
#7542 = LINE('',#7543,#7544);
#7543 = CARTESIAN_POINT('',(15.76,88.68,-3.94));
#7544 = VECTOR('',#7545,1.);
#7545 = DIRECTION('',(-2.211407089341E-15,-0.707106781187,0.707106781187
    ));
#7546 = ORIENTED_EDGE('',*,*,#2913,.F.);
#7547 = PLANE('',#7548);
#7548 = AXIS2_PLACEMENT_3D('',#7549,#7550,#7551);
#7549 = CARTESIAN_POINT('',(15.76,89.24,-4.5));
#7550 = DIRECTION('',(-0.57735026919,0.57735026919,0.57735026919));
#7551 = DIRECTION('',(-0.707106781187,-0.707106781187,3.497202527569E-15
    ));
#7552 = ADVANCED_FACE('',(#7553),#7563,.T.);
#7553 = FACE_BOUND('',#7554,.T.);
#7554 = EDGE_LOOP('',(#7555,#7556,#7562));
#7555 = ORIENTED_EDGE('',*,*,#7518,.F.);
#7556 = ORIENTED_EDGE('',*,*,#7557,.T.);
#7557 = EDGE_CURVE('',#7519,#2931,#7558,.T.);
#7558 = LINE('',#7559,#7560);
#7559 = CARTESIAN_POINT('',(15.76,121.32,-3.94));
#7560 = VECTOR('',#7561,1.);
#7561 = DIRECTION('',(6.730369402342E-15,0.707106781187,0.707106781187)
  );
#7562 = ORIENTED_EDGE('',*,*,#2930,.F.);
#7563 = PLANE('',#7564);
#7564 = AXIS2_PLACEMENT_3D('',#7565,#7566,#7567);
#7565 = CARTESIAN_POINT('',(15.76,120.76,-4.5));
#7566 = DIRECTION('',(0.57735026919,0.57735026919,-0.57735026919));
#7567 = DIRECTION('',(-0.707106781187,0.707106781187,-2.831068712794E-15
    ));
#7568 = ADVANCED_FACE('',(#7569),#7587,.F.);
#7569 = FACE_BOUND('',#7570,.F.);
#7570 = EDGE_LOOP('',(#7571,#7579,#7580,#7581));
#7571 = ORIENTED_EDGE('',*,*,#7572,.T.);
#7572 = EDGE_CURVE('',#7573,#2956,#7575,.T.);
#7573 = VERTEX_POINT('',#7574);
#7574 = CARTESIAN_POINT('',(-15.76,89.24,-4.5));
#7575 = LINE('',#7576,#7577);
#7576 = CARTESIAN_POINT('',(-15.76,88.68,-3.94));
#7577 = VECTOR('',#7578,1.);
#7578 = DIRECTION('',(5.86503619347E-15,-0.707106781187,0.707106781187)
  );
#7579 = ORIENTED_EDGE('',*,*,#2963,.T.);
#7580 = ORIENTED_EDGE('',*,*,#7541,.F.);
#7581 = ORIENTED_EDGE('',*,*,#7582,.F.);
#7582 = EDGE_CURVE('',#7573,#7510,#7583,.T.);
#7583 = LINE('',#7584,#7585);
#7584 = CARTESIAN_POINT('',(-18.,89.24,-4.5));
#7585 = VECTOR('',#7586,1.);
#7586 = DIRECTION('',(1.,0.,0.));
#7587 = PLANE('',#7588);
#7588 = AXIS2_PLACEMENT_3D('',#7589,#7590,#7591);
#7589 = CARTESIAN_POINT('',(-18.,88.12,-3.38));
#7590 = DIRECTION('',(0.,0.707106781187,0.707106781187));
#7591 = DIRECTION('',(1.,0.,0.));
#7592 = ADVANCED_FACE('',(#7593),#7611,.F.);
#7593 = FACE_BOUND('',#7594,.F.);
#7594 = EDGE_LOOP('',(#7595,#7596,#7597,#7605));
#7595 = ORIENTED_EDGE('',*,*,#7557,.T.);
#7596 = ORIENTED_EDGE('',*,*,#2978,.T.);
#7597 = ORIENTED_EDGE('',*,*,#7598,.F.);
#7598 = EDGE_CURVE('',#7599,#2979,#7601,.T.);
#7599 = VERTEX_POINT('',#7600);
#7600 = CARTESIAN_POINT('',(-15.76,120.76,-4.5));
#7601 = LINE('',#7602,#7603);
#7602 = CARTESIAN_POINT('',(-15.76,121.32,-3.94));
#7603 = VECTOR('',#7604,1.);
#7604 = DIRECTION('',(-5.384295521874E-15,0.707106781187,0.707106781187)
  );
#7605 = ORIENTED_EDGE('',*,*,#7606,.F.);
#7606 = EDGE_CURVE('',#7519,#7599,#7607,.T.);
#7607 = LINE('',#7608,#7609);
#7608 = CARTESIAN_POINT('',(18.,120.76,-4.5));
#7609 = VECTOR('',#7610,1.);
#7610 = DIRECTION('',(-1.,0.,0.));
#7611 = PLANE('',#7612);
#7612 = AXIS2_PLACEMENT_3D('',#7613,#7614,#7615);
#7613 = CARTESIAN_POINT('',(18.,121.88,-3.38));
#7614 = DIRECTION('',(0.,-0.707106781187,0.707106781187));
#7615 = DIRECTION('',(-1.,0.,0.));
#7616 = ADVANCED_FACE('',(#7617),#7627,.F.);
#7617 = FACE_BOUND('',#7618,.F.);
#7618 = EDGE_LOOP('',(#7619,#7620,#7626));
#7619 = ORIENTED_EDGE('',*,*,#7572,.F.);
#7620 = ORIENTED_EDGE('',*,*,#7621,.T.);
#7621 = EDGE_CURVE('',#7573,#3003,#7622,.T.);
#7622 = LINE('',#7623,#7624);
#7623 = CARTESIAN_POINT('',(-16.32,89.24,-3.94));
#7624 = VECTOR('',#7625,1.);
#7625 = DIRECTION('',(-0.707106781187,9.614813431918E-16,0.707106781187)
  );
#7626 = ORIENTED_EDGE('',*,*,#3002,.F.);
#7627 = PLANE('',#7628);
#7628 = AXIS2_PLACEMENT_3D('',#7629,#7630,#7631);
#7629 = CARTESIAN_POINT('',(-15.76,89.24,-4.5));
#7630 = DIRECTION('',(0.57735026919,0.57735026919,0.57735026919));
#7631 = DIRECTION('',(-0.707106781187,0.707106781187,-3.219646771413E-15
    ));
#7632 = ADVANCED_FACE('',(#7633),#7643,.F.);
#7633 = FACE_BOUND('',#7634,.F.);
#7634 = EDGE_LOOP('',(#7635,#7641,#7642));
#7635 = ORIENTED_EDGE('',*,*,#7636,.F.);
#7636 = EDGE_CURVE('',#7599,#3027,#7637,.T.);
#7637 = LINE('',#7638,#7639);
#7638 = CARTESIAN_POINT('',(-16.32,120.76,-3.94));
#7639 = VECTOR('',#7640,1.);
#7640 = DIRECTION('',(-0.707106781187,2.884444029575E-16,0.707106781187)
  );
#7641 = ORIENTED_EDGE('',*,*,#7598,.T.);
#7642 = ORIENTED_EDGE('',*,*,#3026,.F.);
#7643 = PLANE('',#7644);
#7644 = AXIS2_PLACEMENT_3D('',#7645,#7646,#7647);
#7645 = CARTESIAN_POINT('',(-15.76,120.76,-4.5));
#7646 = DIRECTION('',(0.57735026919,-0.57735026919,0.57735026919));
#7647 = DIRECTION('',(0.707106781187,0.707106781187,-3.025357742104E-15)
  );
#7648 = ADVANCED_FACE('',(#7649),#7660,.F.);
#7649 = FACE_BOUND('',#7650,.F.);
#7650 = EDGE_LOOP('',(#7651,#7652,#7653,#7654));
#7651 = ORIENTED_EDGE('',*,*,#7636,.T.);
#7652 = ORIENTED_EDGE('',*,*,#3052,.T.);
#7653 = ORIENTED_EDGE('',*,*,#7621,.F.);
#7654 = ORIENTED_EDGE('',*,*,#7655,.F.);
#7655 = EDGE_CURVE('',#7599,#7573,#7656,.T.);
#7656 = LINE('',#7657,#7658);
#7657 = CARTESIAN_POINT('',(-15.76,123.,-4.5));
#7658 = VECTOR('',#7659,1.);
#7659 = DIRECTION('',(0.,-1.,0.));
#7660 = PLANE('',#7661);
#7661 = AXIS2_PLACEMENT_3D('',#7662,#7663,#7664);
#7662 = CARTESIAN_POINT('',(-16.88,123.,-3.38));
#7663 = DIRECTION('',(0.707106781187,0.,0.707106781187));
#7664 = DIRECTION('',(0.,-1.,0.));
#7665 = ADVANCED_FACE('',(#7666,#7798,#7868,#7938,#8008,#8078,#8148,
    #8201,#8254,#8315,#8368,#8438,#8508,#8578,#8648,#8718,#8788,#8841,
    #8911,#8964,#9017),#9087,.T.);
#7666 = FACE_BOUND('',#7667,.T.);
#7667 = EDGE_LOOP('',(#7668,#7669,#7670,#7671,#7672,#7673,#7674,#7675,
    #7676,#7677,#7678,#7679,#7680,#7681,#7682,#7683,#7684,#7685,#7686,
    #7687,#7688,#7689,#7690,#7691,#7692,#7693,#7694,#7695,#7696,#7697,
    #7698,#7699,#7700,#7701,#7702,#7703,#7704,#7705,#7706,#7707,#7708,
    #7709,#7710,#7711,#7712,#7713,#7714,#7715,#7716,#7717,#7718,#7719,
    #7720,#7721,#7722,#7723,#7724,#7725,#7726,#7727,#7728,#7729,#7730,
    #7731,#7732,#7733,#7734,#7735,#7736,#7737,#7738,#7739,#7740,#7741,
    #7742,#7743,#7744,#7745,#7746,#7747,#7748,#7749,#7750,#7751,#7752,
    #7753,#7754,#7755,#7756,#7757,#7758,#7759,#7760,#7761,#7762,#7763,
    #7764,#7765,#7766,#7767,#7768,#7769,#7770,#7771,#7772,#7773,#7774,
    #7775,#7776,#7777,#7778,#7779,#7780,#7781,#7782,#7783,#7784,#7785,
    #7786,#7787,#7788,#7789,#7790,#7791,#7792,#7793,#7794,#7795,#7796,
    #7797));
#7668 = ORIENTED_EDGE('',*,*,#3097,.F.);
#7669 = ORIENTED_EDGE('',*,*,#3075,.T.);
#7670 = ORIENTED_EDGE('',*,*,#3121,.F.);
#7671 = ORIENTED_EDGE('',*,*,#3170,.F.);
#7672 = ORIENTED_EDGE('',*,*,#3219,.T.);
#7673 = ORIENTED_EDGE('',*,*,#3268,.F.);
#7674 = ORIENTED_EDGE('',*,*,#3317,.F.);
#7675 = ORIENTED_EDGE('',*,*,#3368,.T.);
#7676 = ORIENTED_EDGE('',*,*,#3414,.F.);
#7677 = ORIENTED_EDGE('',*,*,#3462,.F.);
#7678 = ORIENTED_EDGE('',*,*,#3511,.T.);
#7679 = ORIENTED_EDGE('',*,*,#3560,.F.);
#7680 = ORIENTED_EDGE('',*,*,#3609,.F.);
#7681 = ORIENTED_EDGE('',*,*,#3660,.T.);
#7682 = ORIENTED_EDGE('',*,*,#3706,.F.);
#7683 = ORIENTED_EDGE('',*,*,#3754,.F.);
#7684 = ORIENTED_EDGE('',*,*,#3803,.T.);
#7685 = ORIENTED_EDGE('',*,*,#3852,.F.);
#7686 = ORIENTED_EDGE('',*,*,#3901,.F.);
#7687 = ORIENTED_EDGE('',*,*,#3952,.T.);
#7688 = ORIENTED_EDGE('',*,*,#3998,.F.);
#7689 = ORIENTED_EDGE('',*,*,#4046,.F.);
#7690 = ORIENTED_EDGE('',*,*,#4095,.T.);
#7691 = ORIENTED_EDGE('',*,*,#4144,.F.);
#7692 = ORIENTED_EDGE('',*,*,#4193,.F.);
#7693 = ORIENTED_EDGE('',*,*,#4244,.T.);
#7694 = ORIENTED_EDGE('',*,*,#4290,.T.);
#7695 = ORIENTED_EDGE('',*,*,#4338,.F.);
#7696 = ORIENTED_EDGE('',*,*,#4387,.T.);
#7697 = ORIENTED_EDGE('',*,*,#4436,.F.);
#7698 = ORIENTED_EDGE('',*,*,#4485,.F.);
#7699 = ORIENTED_EDGE('',*,*,#4536,.T.);
#7700 = ORIENTED_EDGE('',*,*,#4582,.F.);
#7701 = ORIENTED_EDGE('',*,*,#4630,.F.);
#7702 = ORIENTED_EDGE('',*,*,#4679,.T.);
#7703 = ORIENTED_EDGE('',*,*,#4728,.F.);
#7704 = ORIENTED_EDGE('',*,*,#4777,.F.);
#7705 = ORIENTED_EDGE('',*,*,#4828,.T.);
#7706 = ORIENTED_EDGE('',*,*,#4874,.T.);
#7707 = ORIENTED_EDGE('',*,*,#4922,.F.);
#7708 = ORIENTED_EDGE('',*,*,#4971,.T.);
#7709 = ORIENTED_EDGE('',*,*,#5020,.F.);
#7710 = ORIENTED_EDGE('',*,*,#5069,.F.);
#7711 = ORIENTED_EDGE('',*,*,#5120,.T.);
#7712 = ORIENTED_EDGE('',*,*,#5166,.T.);
#7713 = ORIENTED_EDGE('',*,*,#5214,.F.);
#7714 = ORIENTED_EDGE('',*,*,#5263,.T.);
#7715 = ORIENTED_EDGE('',*,*,#5312,.F.);
#7716 = ORIENTED_EDGE('',*,*,#5361,.F.);
#7717 = ORIENTED_EDGE('',*,*,#5412,.T.);
#7718 = ORIENTED_EDGE('',*,*,#5458,.T.);
#7719 = ORIENTED_EDGE('',*,*,#5506,.F.);
#7720 = ORIENTED_EDGE('',*,*,#5555,.F.);
#7721 = ORIENTED_EDGE('',*,*,#5604,.F.);
#7722 = ORIENTED_EDGE('',*,*,#5653,.F.);
#7723 = ORIENTED_EDGE('',*,*,#5703,.T.);
#7724 = ORIENTED_EDGE('',*,*,#5749,.F.);
#7725 = ORIENTED_EDGE('',*,*,#5798,.F.);
#7726 = ORIENTED_EDGE('',*,*,#5847,.F.);
#7727 = ORIENTED_EDGE('',*,*,#5896,.F.);
#7728 = ORIENTED_EDGE('',*,*,#5945,.T.);
#7729 = ORIENTED_EDGE('',*,*,#5995,.T.);
#7730 = ORIENTED_EDGE('',*,*,#6041,.F.);
#7731 = ORIENTED_EDGE('',*,*,#6090,.F.);
#7732 = ORIENTED_EDGE('',*,*,#6139,.T.);
#7733 = ORIENTED_EDGE('',*,*,#6190,.T.);
#7734 = ORIENTED_EDGE('',*,*,#6212,.T.);
#7735 = ORIENTED_EDGE('',*,*,#6163,.F.);
#7736 = ORIENTED_EDGE('',*,*,#6115,.T.);
#7737 = ORIENTED_EDGE('',*,*,#6065,.F.);
#7738 = ORIENTED_EDGE('',*,*,#6017,.F.);
#7739 = ORIENTED_EDGE('',*,*,#5978,.T.);
#7740 = ORIENTED_EDGE('',*,*,#5921,.T.);
#7741 = ORIENTED_EDGE('',*,*,#5871,.F.);
#7742 = ORIENTED_EDGE('',*,*,#5823,.F.);
#7743 = ORIENTED_EDGE('',*,*,#5773,.F.);
#7744 = ORIENTED_EDGE('',*,*,#5725,.F.);
#7745 = ORIENTED_EDGE('',*,*,#5686,.T.);
#7746 = ORIENTED_EDGE('',*,*,#5629,.T.);
#7747 = ORIENTED_EDGE('',*,*,#5579,.F.);
#7748 = ORIENTED_EDGE('',*,*,#5531,.F.);
#7749 = ORIENTED_EDGE('',*,*,#5491,.T.);
#7750 = ORIENTED_EDGE('',*,*,#5434,.T.);
#7751 = ORIENTED_EDGE('',*,*,#5385,.F.);
#7752 = ORIENTED_EDGE('',*,*,#5337,.F.);
#7753 = ORIENTED_EDGE('',*,*,#5287,.F.);
#7754 = ORIENTED_EDGE('',*,*,#5239,.F.);
#7755 = ORIENTED_EDGE('',*,*,#5199,.T.);
#7756 = ORIENTED_EDGE('',*,*,#5142,.T.);
#7757 = ORIENTED_EDGE('',*,*,#5093,.F.);
#7758 = ORIENTED_EDGE('',*,*,#5045,.F.);
#7759 = ORIENTED_EDGE('',*,*,#4995,.F.);
#7760 = ORIENTED_EDGE('',*,*,#4947,.T.);
#7761 = ORIENTED_EDGE('',*,*,#4907,.T.);
#7762 = ORIENTED_EDGE('',*,*,#4850,.T.);
#7763 = ORIENTED_EDGE('',*,*,#4801,.F.);
#7764 = ORIENTED_EDGE('',*,*,#4753,.T.);
#7765 = ORIENTED_EDGE('',*,*,#4703,.F.);
#7766 = ORIENTED_EDGE('',*,*,#4655,.T.);
#7767 = ORIENTED_EDGE('',*,*,#4615,.T.);
#7768 = ORIENTED_EDGE('',*,*,#4558,.T.);
#7769 = ORIENTED_EDGE('',*,*,#4509,.F.);
#7770 = ORIENTED_EDGE('',*,*,#4461,.T.);
#7771 = ORIENTED_EDGE('',*,*,#4411,.F.);
#7772 = ORIENTED_EDGE('',*,*,#4363,.T.);
#7773 = ORIENTED_EDGE('',*,*,#4323,.T.);
#7774 = ORIENTED_EDGE('',*,*,#4266,.T.);
#7775 = ORIENTED_EDGE('',*,*,#4217,.F.);
#7776 = ORIENTED_EDGE('',*,*,#4169,.T.);
#7777 = ORIENTED_EDGE('',*,*,#4119,.F.);
#7778 = ORIENTED_EDGE('',*,*,#4071,.F.);
#7779 = ORIENTED_EDGE('',*,*,#4031,.T.);
#7780 = ORIENTED_EDGE('',*,*,#3974,.F.);
#7781 = ORIENTED_EDGE('',*,*,#3925,.F.);
#7782 = ORIENTED_EDGE('',*,*,#3877,.T.);
#7783 = ORIENTED_EDGE('',*,*,#3827,.F.);
#7784 = ORIENTED_EDGE('',*,*,#3779,.F.);
#7785 = ORIENTED_EDGE('',*,*,#3739,.T.);
#7786 = ORIENTED_EDGE('',*,*,#3682,.F.);
#7787 = ORIENTED_EDGE('',*,*,#3633,.F.);
#7788 = ORIENTED_EDGE('',*,*,#3585,.T.);
#7789 = ORIENTED_EDGE('',*,*,#3535,.F.);
#7790 = ORIENTED_EDGE('',*,*,#3487,.F.);
#7791 = ORIENTED_EDGE('',*,*,#3447,.T.);
#7792 = ORIENTED_EDGE('',*,*,#3390,.T.);
#7793 = ORIENTED_EDGE('',*,*,#3341,.F.);
#7794 = ORIENTED_EDGE('',*,*,#3293,.T.);
#7795 = ORIENTED_EDGE('',*,*,#3243,.F.);
#7796 = ORIENTED_EDGE('',*,*,#3195,.T.);
#7797 = ORIENTED_EDGE('',*,*,#3145,.F.);
#7798 = FACE_BOUND('',#7799,.T.);
#7799 = EDGE_LOOP('',(#7800,#7811,#7819,#7828,#7836,#7845,#7853,#7862));
#7800 = ORIENTED_EDGE('',*,*,#7801,.F.);
#7801 = EDGE_CURVE('',#7802,#7804,#7806,.T.);
#7802 = VERTEX_POINT('',#7803);
#7803 = CARTESIAN_POINT('',(-8.587893592435,16.35,2.));
#7804 = VERTEX_POINT('',#7805);
#7805 = CARTESIAN_POINT('',(-11.55,13.387893592435,2.));
#7806 = CIRCLE('',#7807,5.35);
#7807 = AXIS2_PLACEMENT_3D('',#7808,#7809,#7810);
#7808 = CARTESIAN_POINT('',(-13.55,18.35,2.));
#7809 = DIRECTION('',(0.,0.,-1.));
#7810 = DIRECTION('',(1.,0.,0.));
#7811 = ORIENTED_EDGE('',*,*,#7812,.F.);
#7812 = EDGE_CURVE('',#7813,#7802,#7815,.T.);
#7813 = VERTEX_POINT('',#7814);
#7814 = CARTESIAN_POINT('',(-7.612106407565,16.35,2.));
#7815 = LINE('',#7816,#7817);
#7816 = CARTESIAN_POINT('',(-4.293946796217,16.35,2.));
#7817 = VECTOR('',#7818,1.);
#7818 = DIRECTION('',(-1.,0.,0.));
#7819 = ORIENTED_EDGE('',*,*,#7820,.F.);
#7820 = EDGE_CURVE('',#7821,#7813,#7823,.T.);
#7821 = VERTEX_POINT('',#7822);
#7822 = CARTESIAN_POINT('',(-4.65,13.387893592435,2.));
#7823 = CIRCLE('',#7824,5.35);
#7824 = AXIS2_PLACEMENT_3D('',#7825,#7826,#7827);
#7825 = CARTESIAN_POINT('',(-2.65,18.35,2.));
#7826 = DIRECTION('',(0.,0.,-1.));
#7827 = DIRECTION('',(1.,0.,0.));
#7828 = ORIENTED_EDGE('',*,*,#7829,.F.);
#7829 = EDGE_CURVE('',#7830,#7821,#7832,.T.);
#7830 = VERTEX_POINT('',#7831);
#7831 = CARTESIAN_POINT('',(-4.65,12.412106407565,2.));
#7832 = LINE('',#7833,#7834);
#7833 = CARTESIAN_POINT('',(-4.65,38.193946796217,2.));
#7834 = VECTOR('',#7835,1.);
#7835 = DIRECTION('',(0.,1.,0.));
#7836 = ORIENTED_EDGE('',*,*,#7837,.F.);
#7837 = EDGE_CURVE('',#7838,#7830,#7840,.T.);
#7838 = VERTEX_POINT('',#7839);
#7839 = CARTESIAN_POINT('',(-7.612106407565,9.45,2.));
#7840 = CIRCLE('',#7841,5.35);
#7841 = AXIS2_PLACEMENT_3D('',#7842,#7843,#7844);
#7842 = CARTESIAN_POINT('',(-2.65,7.45,2.));
#7843 = DIRECTION('',(0.,0.,-1.));
#7844 = DIRECTION('',(1.,0.,0.));
#7845 = ORIENTED_EDGE('',*,*,#7846,.T.);
#7846 = EDGE_CURVE('',#7838,#7847,#7849,.T.);
#7847 = VERTEX_POINT('',#7848);
#7848 = CARTESIAN_POINT('',(-8.587893592435,9.45,2.));
#7849 = LINE('',#7850,#7851);
#7850 = CARTESIAN_POINT('',(-4.293946796217,9.45,2.));
#7851 = VECTOR('',#7852,1.);
#7852 = DIRECTION('',(-1.,0.,0.));
#7853 = ORIENTED_EDGE('',*,*,#7854,.F.);
#7854 = EDGE_CURVE('',#7855,#7847,#7857,.T.);
#7855 = VERTEX_POINT('',#7856);
#7856 = CARTESIAN_POINT('',(-11.55,12.412106407565,2.));
#7857 = CIRCLE('',#7858,5.35);
#7858 = AXIS2_PLACEMENT_3D('',#7859,#7860,#7861);
#7859 = CARTESIAN_POINT('',(-13.55,7.45,2.));
#7860 = DIRECTION('',(0.,0.,-1.));
#7861 = DIRECTION('',(1.,0.,0.));
#7862 = ORIENTED_EDGE('',*,*,#7863,.T.);
#7863 = EDGE_CURVE('',#7855,#7804,#7864,.T.);
#7864 = LINE('',#7865,#7866);
#7865 = CARTESIAN_POINT('',(-11.55,38.193946796217,2.));
#7866 = VECTOR('',#7867,1.);
#7867 = DIRECTION('',(0.,1.,0.));
#7868 = FACE_BOUND('',#7869,.T.);
#7869 = EDGE_LOOP('',(#7870,#7881,#7889,#7898,#7906,#7915,#7923,#7932));
#7870 = ORIENTED_EDGE('',*,*,#7871,.F.);
#7871 = EDGE_CURVE('',#7872,#7874,#7876,.T.);
#7872 = VERTEX_POINT('',#7873);
#7873 = CARTESIAN_POINT('',(-7.612106407565,20.35,2.));
#7874 = VERTEX_POINT('',#7875);
#7875 = CARTESIAN_POINT('',(-4.65,23.312106407565,2.));
#7876 = CIRCLE('',#7877,5.35);
#7877 = AXIS2_PLACEMENT_3D('',#7878,#7879,#7880);
#7878 = CARTESIAN_POINT('',(-2.65,18.35,2.));
#7879 = DIRECTION('',(0.,0.,-1.));
#7880 = DIRECTION('',(1.,0.,0.));
#7881 = ORIENTED_EDGE('',*,*,#7882,.T.);
#7882 = EDGE_CURVE('',#7872,#7883,#7885,.T.);
#7883 = VERTEX_POINT('',#7884);
#7884 = CARTESIAN_POINT('',(-8.587893592435,20.35,2.));
#7885 = LINE('',#7886,#7887);
#7886 = CARTESIAN_POINT('',(-4.293946796217,20.35,2.));
#7887 = VECTOR('',#7888,1.);
#7888 = DIRECTION('',(-1.,0.,0.));
#7889 = ORIENTED_EDGE('',*,*,#7890,.F.);
#7890 = EDGE_CURVE('',#7891,#7883,#7893,.T.);
#7891 = VERTEX_POINT('',#7892);
#7892 = CARTESIAN_POINT('',(-11.55,23.312106407565,2.));
#7893 = CIRCLE('',#7894,5.35);
#7894 = AXIS2_PLACEMENT_3D('',#7895,#7896,#7897);
#7895 = CARTESIAN_POINT('',(-13.55,18.35,2.));
#7896 = DIRECTION('',(0.,0.,-1.));
#7897 = DIRECTION('',(1.,0.,0.));
#7898 = ORIENTED_EDGE('',*,*,#7899,.T.);
#7899 = EDGE_CURVE('',#7891,#7900,#7902,.T.);
#7900 = VERTEX_POINT('',#7901);
#7901 = CARTESIAN_POINT('',(-11.55,24.287893592435,2.));
#7902 = LINE('',#7903,#7904);
#7903 = CARTESIAN_POINT('',(-11.55,43.643946796217,2.));
#7904 = VECTOR('',#7905,1.);
#7905 = DIRECTION('',(0.,1.,0.));
#7906 = ORIENTED_EDGE('',*,*,#7907,.F.);
#7907 = EDGE_CURVE('',#7908,#7900,#7910,.T.);
#7908 = VERTEX_POINT('',#7909);
#7909 = CARTESIAN_POINT('',(-8.587893592435,27.25,2.));
#7910 = CIRCLE('',#7911,5.35);
#7911 = AXIS2_PLACEMENT_3D('',#7912,#7913,#7914);
#7912 = CARTESIAN_POINT('',(-13.55,29.25,2.));
#7913 = DIRECTION('',(0.,0.,-1.));
#7914 = DIRECTION('',(1.,0.,0.));
#7915 = ORIENTED_EDGE('',*,*,#7916,.F.);
#7916 = EDGE_CURVE('',#7917,#7908,#7919,.T.);
#7917 = VERTEX_POINT('',#7918);
#7918 = CARTESIAN_POINT('',(-7.612106407565,27.25,2.));
#7919 = LINE('',#7920,#7921);
#7920 = CARTESIAN_POINT('',(-4.293946796217,27.25,2.));
#7921 = VECTOR('',#7922,1.);
#7922 = DIRECTION('',(-1.,-1.092E-14,0.));
#7923 = ORIENTED_EDGE('',*,*,#7924,.F.);
#7924 = EDGE_CURVE('',#7925,#7917,#7927,.T.);
#7925 = VERTEX_POINT('',#7926);
#7926 = CARTESIAN_POINT('',(-4.65,24.287893592435,2.));
#7927 = CIRCLE('',#7928,5.35);
#7928 = AXIS2_PLACEMENT_3D('',#7929,#7930,#7931);
#7929 = CARTESIAN_POINT('',(-2.65,29.25,2.));
#7930 = DIRECTION('',(0.,0.,-1.));
#7931 = DIRECTION('',(1.,0.,0.));
#7932 = ORIENTED_EDGE('',*,*,#7933,.T.);
#7933 = EDGE_CURVE('',#7925,#7874,#7934,.T.);
#7934 = LINE('',#7935,#7936);
#7935 = CARTESIAN_POINT('',(-4.65,43.156053203783,2.));
#7936 = VECTOR('',#7937,1.);
#7937 = DIRECTION('',(0.,-1.,0.));
#7938 = FACE_BOUND('',#7939,.T.);
#7939 = EDGE_LOOP('',(#7940,#7951,#7959,#7968,#7976,#7985,#7993,#8002));
#7940 = ORIENTED_EDGE('',*,*,#7941,.F.);
#7941 = EDGE_CURVE('',#7942,#7944,#7946,.T.);
#7942 = VERTEX_POINT('',#7943);
#7943 = CARTESIAN_POINT('',(-7.612106407565,31.25,2.));
#7944 = VERTEX_POINT('',#7945);
#7945 = CARTESIAN_POINT('',(-4.65,34.212106407565,2.));
#7946 = CIRCLE('',#7947,5.35);
#7947 = AXIS2_PLACEMENT_3D('',#7948,#7949,#7950);
#7948 = CARTESIAN_POINT('',(-2.65,29.25,2.));
#7949 = DIRECTION('',(0.,0.,-1.));
#7950 = DIRECTION('',(1.,0.,0.));
#7951 = ORIENTED_EDGE('',*,*,#7952,.T.);
#7952 = EDGE_CURVE('',#7942,#7953,#7955,.T.);
#7953 = VERTEX_POINT('',#7954);
#7954 = CARTESIAN_POINT('',(-8.587893592435,31.25,2.));
#7955 = LINE('',#7956,#7957);
#7956 = CARTESIAN_POINT('',(-4.293946796217,31.25,2.));
#7957 = VECTOR('',#7958,1.);
#7958 = DIRECTION('',(-1.,3.64E-15,0.));
#7959 = ORIENTED_EDGE('',*,*,#7960,.F.);
#7960 = EDGE_CURVE('',#7961,#7953,#7963,.T.);
#7961 = VERTEX_POINT('',#7962);
#7962 = CARTESIAN_POINT('',(-11.55,34.212106407565,2.));
#7963 = CIRCLE('',#7964,5.35);
#7964 = AXIS2_PLACEMENT_3D('',#7965,#7966,#7967);
#7965 = CARTESIAN_POINT('',(-13.55,29.25,2.));
#7966 = DIRECTION('',(0.,0.,-1.));
#7967 = DIRECTION('',(1.,0.,0.));
#7968 = ORIENTED_EDGE('',*,*,#7969,.F.);
#7969 = EDGE_CURVE('',#7970,#7961,#7972,.T.);
#7970 = VERTEX_POINT('',#7971);
#7971 = CARTESIAN_POINT('',(-11.55,35.187893592435,2.));
#7972 = LINE('',#7973,#7974);
#7973 = CARTESIAN_POINT('',(-11.55,48.606053203783,2.));
#7974 = VECTOR('',#7975,1.);
#7975 = DIRECTION('',(0.,-1.,0.));
#7976 = ORIENTED_EDGE('',*,*,#7977,.F.);
#7977 = EDGE_CURVE('',#7978,#7970,#7980,.T.);
#7978 = VERTEX_POINT('',#7979);
#7979 = CARTESIAN_POINT('',(-8.587893592435,38.15,2.));
#7980 = CIRCLE('',#7981,5.35);
#7981 = AXIS2_PLACEMENT_3D('',#7982,#7983,#7984);
#7982 = CARTESIAN_POINT('',(-13.55,40.15,2.));
#7983 = DIRECTION('',(0.,0.,-1.));
#7984 = DIRECTION('',(1.,0.,0.));
#7985 = ORIENTED_EDGE('',*,*,#7986,.F.);
#7986 = EDGE_CURVE('',#7987,#7978,#7989,.T.);
#7987 = VERTEX_POINT('',#7988);
#7988 = CARTESIAN_POINT('',(-7.612106407565,38.15,2.));
#7989 = LINE('',#7990,#7991);
#7990 = CARTESIAN_POINT('',(-4.293946796217,38.15,2.));
#7991 = VECTOR('',#7992,1.);
#7992 = DIRECTION('',(-1.,0.,0.));
#7993 = ORIENTED_EDGE('',*,*,#7994,.F.);
#7994 = EDGE_CURVE('',#7995,#7987,#7997,.T.);
#7995 = VERTEX_POINT('',#7996);
#7996 = CARTESIAN_POINT('',(-4.65,35.187893592435,2.));
#7997 = CIRCLE('',#7998,5.35);
#7998 = AXIS2_PLACEMENT_3D('',#7999,#8000,#8001);
#7999 = CARTESIAN_POINT('',(-2.65,40.15,2.));
#8000 = DIRECTION('',(0.,0.,-1.));
#8001 = DIRECTION('',(1.,0.,0.));
#8002 = ORIENTED_EDGE('',*,*,#8003,.T.);
#8003 = EDGE_CURVE('',#7995,#7944,#8004,.T.);
#8004 = LINE('',#8005,#8006);
#8005 = CARTESIAN_POINT('',(-4.65,48.606053203783,2.));
#8006 = VECTOR('',#8007,1.);
#8007 = DIRECTION('',(0.,-1.,0.));
#8008 = FACE_BOUND('',#8009,.T.);
#8009 = EDGE_LOOP('',(#8010,#8021,#8029,#8038,#8046,#8055,#8063,#8072));
#8010 = ORIENTED_EDGE('',*,*,#8011,.F.);
#8011 = EDGE_CURVE('',#8012,#8014,#8016,.T.);
#8012 = VERTEX_POINT('',#8013);
#8013 = CARTESIAN_POINT('',(-7.612106407565,42.15,2.));
#8014 = VERTEX_POINT('',#8015);
#8015 = CARTESIAN_POINT('',(-4.65,45.112106407565,2.));
#8016 = CIRCLE('',#8017,5.35);
#8017 = AXIS2_PLACEMENT_3D('',#8018,#8019,#8020);
#8018 = CARTESIAN_POINT('',(-2.65,40.15,2.));
#8019 = DIRECTION('',(0.,0.,-1.));
#8020 = DIRECTION('',(1.,0.,0.));
#8021 = ORIENTED_EDGE('',*,*,#8022,.T.);
#8022 = EDGE_CURVE('',#8012,#8023,#8025,.T.);
#8023 = VERTEX_POINT('',#8024);
#8024 = CARTESIAN_POINT('',(-8.587893592435,42.15,2.));
#8025 = LINE('',#8026,#8027);
#8026 = CARTESIAN_POINT('',(-4.293946796217,42.15,2.));
#8027 = VECTOR('',#8028,1.);
#8028 = DIRECTION('',(-1.,0.,0.));
#8029 = ORIENTED_EDGE('',*,*,#8030,.F.);
#8030 = EDGE_CURVE('',#8031,#8023,#8033,.T.);
#8031 = VERTEX_POINT('',#8032);
#8032 = CARTESIAN_POINT('',(-11.55,45.112106407565,2.));
#8033 = CIRCLE('',#8034,5.35);
#8034 = AXIS2_PLACEMENT_3D('',#8035,#8036,#8037);
#8035 = CARTESIAN_POINT('',(-13.55,40.15,2.));
#8036 = DIRECTION('',(0.,0.,-1.));
#8037 = DIRECTION('',(1.,0.,0.));
#8038 = ORIENTED_EDGE('',*,*,#8039,.F.);
#8039 = EDGE_CURVE('',#8040,#8031,#8042,.T.);
#8040 = VERTEX_POINT('',#8041);
#8041 = CARTESIAN_POINT('',(-11.55,46.087893592435,2.));
#8042 = LINE('',#8043,#8044);
#8043 = CARTESIAN_POINT('',(-11.55,54.056053203783,2.));
#8044 = VECTOR('',#8045,1.);
#8045 = DIRECTION('',(0.,-1.,0.));
#8046 = ORIENTED_EDGE('',*,*,#8047,.F.);
#8047 = EDGE_CURVE('',#8048,#8040,#8050,.T.);
#8048 = VERTEX_POINT('',#8049);
#8049 = CARTESIAN_POINT('',(-8.587893592435,49.05,2.));
#8050 = CIRCLE('',#8051,5.35);
#8051 = AXIS2_PLACEMENT_3D('',#8052,#8053,#8054);
#8052 = CARTESIAN_POINT('',(-13.55,51.05,2.));
#8053 = DIRECTION('',(0.,0.,-1.));
#8054 = DIRECTION('',(1.,0.,0.));
#8055 = ORIENTED_EDGE('',*,*,#8056,.F.);
#8056 = EDGE_CURVE('',#8057,#8048,#8059,.T.);
#8057 = VERTEX_POINT('',#8058);
#8058 = CARTESIAN_POINT('',(-7.612106407565,49.05,2.));
#8059 = LINE('',#8060,#8061);
#8060 = CARTESIAN_POINT('',(-4.293946796217,49.05,2.));
#8061 = VECTOR('',#8062,1.);
#8062 = DIRECTION('',(-1.,0.,0.));
#8063 = ORIENTED_EDGE('',*,*,#8064,.F.);
#8064 = EDGE_CURVE('',#8065,#8057,#8067,.T.);
#8065 = VERTEX_POINT('',#8066);
#8066 = CARTESIAN_POINT('',(-4.65,46.087893592435,2.));
#8067 = CIRCLE('',#8068,5.35);
#8068 = AXIS2_PLACEMENT_3D('',#8069,#8070,#8071);
#8069 = CARTESIAN_POINT('',(-2.65,51.05,2.));
#8070 = DIRECTION('',(0.,0.,-1.));
#8071 = DIRECTION('',(1.,0.,0.));
#8072 = ORIENTED_EDGE('',*,*,#8073,.T.);
#8073 = EDGE_CURVE('',#8065,#8014,#8074,.T.);
#8074 = LINE('',#8075,#8076);
#8075 = CARTESIAN_POINT('',(-4.65,54.056053203783,2.));
#8076 = VECTOR('',#8077,1.);
#8077 = DIRECTION('',(0.,-1.,0.));
#8078 = FACE_BOUND('',#8079,.T.);
#8079 = EDGE_LOOP('',(#8080,#8091,#8099,#8108,#8116,#8125,#8133,#8142));
#8080 = ORIENTED_EDGE('',*,*,#8081,.F.);
#8081 = EDGE_CURVE('',#8082,#8084,#8086,.T.);
#8082 = VERTEX_POINT('',#8083);
#8083 = CARTESIAN_POINT('',(-7.612106407565,53.05,2.));
#8084 = VERTEX_POINT('',#8085);
#8085 = CARTESIAN_POINT('',(-4.65,56.012106407565,2.));
#8086 = CIRCLE('',#8087,5.35);
#8087 = AXIS2_PLACEMENT_3D('',#8088,#8089,#8090);
#8088 = CARTESIAN_POINT('',(-2.65,51.05,2.));
#8089 = DIRECTION('',(0.,0.,-1.));
#8090 = DIRECTION('',(1.,0.,0.));
#8091 = ORIENTED_EDGE('',*,*,#8092,.T.);
#8092 = EDGE_CURVE('',#8082,#8093,#8095,.T.);
#8093 = VERTEX_POINT('',#8094);
#8094 = CARTESIAN_POINT('',(-8.587893592435,53.05,2.));
#8095 = LINE('',#8096,#8097);
#8096 = CARTESIAN_POINT('',(-4.293946796217,53.05,2.));
#8097 = VECTOR('',#8098,1.);
#8098 = DIRECTION('',(-1.,0.,0.));
#8099 = ORIENTED_EDGE('',*,*,#8100,.F.);
#8100 = EDGE_CURVE('',#8101,#8093,#8103,.T.);
#8101 = VERTEX_POINT('',#8102);
#8102 = CARTESIAN_POINT('',(-11.55,56.012106407565,2.));
#8103 = CIRCLE('',#8104,5.35);
#8104 = AXIS2_PLACEMENT_3D('',#8105,#8106,#8107);
#8105 = CARTESIAN_POINT('',(-13.55,51.05,2.));
#8106 = DIRECTION('',(0.,0.,-1.));
#8107 = DIRECTION('',(1.,0.,0.));
#8108 = ORIENTED_EDGE('',*,*,#8109,.F.);
#8109 = EDGE_CURVE('',#8110,#8101,#8112,.T.);
#8110 = VERTEX_POINT('',#8111);
#8111 = CARTESIAN_POINT('',(-11.55,56.987893592435,2.));
#8112 = LINE('',#8113,#8114);
#8113 = CARTESIAN_POINT('',(-11.55,59.506053203783,2.));
#8114 = VECTOR('',#8115,1.);
#8115 = DIRECTION('',(0.,-1.,0.));
#8116 = ORIENTED_EDGE('',*,*,#8117,.F.);
#8117 = EDGE_CURVE('',#8118,#8110,#8120,.T.);
#8118 = VERTEX_POINT('',#8119);
#8119 = CARTESIAN_POINT('',(-8.587893592435,59.95,2.));
#8120 = CIRCLE('',#8121,5.35);
#8121 = AXIS2_PLACEMENT_3D('',#8122,#8123,#8124);
#8122 = CARTESIAN_POINT('',(-13.55,61.95,2.));
#8123 = DIRECTION('',(0.,0.,-1.));
#8124 = DIRECTION('',(1.,0.,0.));
#8125 = ORIENTED_EDGE('',*,*,#8126,.F.);
#8126 = EDGE_CURVE('',#8127,#8118,#8129,.T.);
#8127 = VERTEX_POINT('',#8128);
#8128 = CARTESIAN_POINT('',(-7.612106407565,59.95,2.));
#8129 = LINE('',#8130,#8131);
#8130 = CARTESIAN_POINT('',(-4.293946796217,59.95,2.));
#8131 = VECTOR('',#8132,1.);
#8132 = DIRECTION('',(-1.,0.,0.));
#8133 = ORIENTED_EDGE('',*,*,#8134,.F.);
#8134 = EDGE_CURVE('',#8135,#8127,#8137,.T.);
#8135 = VERTEX_POINT('',#8136);
#8136 = CARTESIAN_POINT('',(-4.65,56.987893592435,2.));
#8137 = CIRCLE('',#8138,5.35);
#8138 = AXIS2_PLACEMENT_3D('',#8139,#8140,#8141);
#8139 = CARTESIAN_POINT('',(-2.65,61.95,2.));
#8140 = DIRECTION('',(0.,0.,-1.));
#8141 = DIRECTION('',(1.,0.,0.));
#8142 = ORIENTED_EDGE('',*,*,#8143,.T.);
#8143 = EDGE_CURVE('',#8135,#8084,#8144,.T.);
#8144 = LINE('',#8145,#8146);
#8145 = CARTESIAN_POINT('',(-4.65,59.506053203783,2.));
#8146 = VECTOR('',#8147,1.);
#8147 = DIRECTION('',(0.,-1.,0.));
#8148 = FACE_BOUND('',#8149,.T.);
#8149 = EDGE_LOOP('',(#8150,#8161,#8169,#8178,#8186,#8195));
#8150 = ORIENTED_EDGE('',*,*,#8151,.F.);
#8151 = EDGE_CURVE('',#8152,#8154,#8156,.T.);
#8152 = VERTEX_POINT('',#8153);
#8153 = CARTESIAN_POINT('',(-0.65,23.312106407565,2.));
#8154 = VERTEX_POINT('',#8155);
#8155 = CARTESIAN_POINT('',(2.312106407565,20.35,2.));
#8156 = CIRCLE('',#8157,5.35);
#8157 = AXIS2_PLACEMENT_3D('',#8158,#8159,#8160);
#8158 = CARTESIAN_POINT('',(-2.65,18.35,2.));
#8159 = DIRECTION('',(0.,0.,-1.));
#8160 = DIRECTION('',(1.,0.,0.));
#8161 = ORIENTED_EDGE('',*,*,#8162,.T.);
#8162 = EDGE_CURVE('',#8152,#8163,#8165,.T.);
#8163 = VERTEX_POINT('',#8164);
#8164 = CARTESIAN_POINT('',(-0.65,24.287893592435,2.));
#8165 = LINE('',#8166,#8167);
#8166 = CARTESIAN_POINT('',(-0.65,43.643946796217,2.));
#8167 = VECTOR('',#8168,1.);
#8168 = DIRECTION('',(0.,1.,0.));
#8169 = ORIENTED_EDGE('',*,*,#8170,.F.);
#8170 = EDGE_CURVE('',#8171,#8163,#8173,.T.);
#8171 = VERTEX_POINT('',#8172);
#8172 = CARTESIAN_POINT('',(2.312106407565,27.25,2.));
#8173 = CIRCLE('',#8174,5.35);
#8174 = AXIS2_PLACEMENT_3D('',#8175,#8176,#8177);
#8175 = CARTESIAN_POINT('',(-2.65,29.25,2.));
#8176 = DIRECTION('',(0.,0.,-1.));
#8177 = DIRECTION('',(1.,0.,0.));
#8178 = ORIENTED_EDGE('',*,*,#8179,.F.);
#8179 = EDGE_CURVE('',#8180,#8171,#8182,.T.);
#8180 = VERTEX_POINT('',#8181);
#8181 = CARTESIAN_POINT('',(4.796297311844,27.25,2.));
#8182 = LINE('',#8183,#8184);
#8183 = CARTESIAN_POINT('',(1.156053203783,27.25,2.));
#8184 = VECTOR('',#8185,1.);
#8185 = DIRECTION('',(-1.,0.,0.));
#8186 = ORIENTED_EDGE('',*,*,#8187,.F.);
#8187 = EDGE_CURVE('',#8188,#8180,#8190,.T.);
#8188 = VERTEX_POINT('',#8189);
#8189 = CARTESIAN_POINT('',(5.38376127611,20.35,2.));
#8190 = CIRCLE('',#8191,7.35);
#8191 = AXIS2_PLACEMENT_3D('',#8192,#8193,#8194);
#8192 = CARTESIAN_POINT('',(11.55,24.35,2.));
#8193 = DIRECTION('',(0.,0.,-1.));
#8194 = DIRECTION('',(1.,0.,0.));
#8195 = ORIENTED_EDGE('',*,*,#8196,.T.);
#8196 = EDGE_CURVE('',#8188,#8154,#8197,.T.);
#8197 = LINE('',#8198,#8199);
#8198 = CARTESIAN_POINT('',(1.156053203783,20.35,2.));
#8199 = VECTOR('',#8200,1.);
#8200 = DIRECTION('',(-1.,0.,0.));
#8201 = FACE_BOUND('',#8202,.T.);
#8202 = EDGE_LOOP('',(#8203,#8214,#8222,#8231,#8239,#8248));
#8203 = ORIENTED_EDGE('',*,*,#8204,.F.);
#8204 = EDGE_CURVE('',#8205,#8207,#8209,.T.);
#8205 = VERTEX_POINT('',#8206);
#8206 = CARTESIAN_POINT('',(-0.65,12.412106407565,2.));
#8207 = VERTEX_POINT('',#8208);
#8208 = CARTESIAN_POINT('',(2.312106407565,9.45,2.));
#8209 = CIRCLE('',#8210,5.35);
#8210 = AXIS2_PLACEMENT_3D('',#8211,#8212,#8213);
#8211 = CARTESIAN_POINT('',(-2.65,7.45,2.));
#8212 = DIRECTION('',(0.,0.,-1.));
#8213 = DIRECTION('',(1.,0.,0.));
#8214 = ORIENTED_EDGE('',*,*,#8215,.T.);
#8215 = EDGE_CURVE('',#8205,#8216,#8218,.T.);
#8216 = VERTEX_POINT('',#8217);
#8217 = CARTESIAN_POINT('',(-0.65,13.387893592435,2.));
#8218 = LINE('',#8219,#8220);
#8219 = CARTESIAN_POINT('',(-0.65,38.193946796217,2.));
#8220 = VECTOR('',#8221,1.);
#8221 = DIRECTION('',(0.,1.,0.));
#8222 = ORIENTED_EDGE('',*,*,#8223,.F.);
#8223 = EDGE_CURVE('',#8224,#8216,#8226,.T.);
#8224 = VERTEX_POINT('',#8225);
#8225 = CARTESIAN_POINT('',(2.312106407565,16.35,2.));
#8226 = CIRCLE('',#8227,5.35);
#8227 = AXIS2_PLACEMENT_3D('',#8228,#8229,#8230);
#8228 = CARTESIAN_POINT('',(-2.65,18.35,2.));
#8229 = DIRECTION('',(0.,0.,-1.));
#8230 = DIRECTION('',(1.,0.,0.));
#8231 = ORIENTED_EDGE('',*,*,#8232,.F.);
#8232 = EDGE_CURVE('',#8233,#8224,#8235,.T.);
#8233 = VERTEX_POINT('',#8234);
#8234 = CARTESIAN_POINT('',(9.01770854758,16.35,2.));
#8235 = LINE('',#8236,#8237);
#8236 = CARTESIAN_POINT('',(1.156053203783,16.35,2.));
#8237 = VECTOR('',#8238,1.);
#8238 = DIRECTION('',(-1.,0.,0.));
#8239 = ORIENTED_EDGE('',*,*,#8240,.F.);
#8240 = EDGE_CURVE('',#8241,#8233,#8243,.T.);
#8241 = VERTEX_POINT('',#8242);
#8242 = CARTESIAN_POINT('',(4.2,9.45,2.));
#8243 = CIRCLE('',#8244,7.35);
#8244 = AXIS2_PLACEMENT_3D('',#8245,#8246,#8247);
#8245 = CARTESIAN_POINT('',(11.55,9.45,2.));
#8246 = DIRECTION('',(0.,0.,-1.));
#8247 = DIRECTION('',(1.,0.,0.));
#8248 = ORIENTED_EDGE('',*,*,#8249,.T.);
#8249 = EDGE_CURVE('',#8241,#8207,#8250,.T.);
#8250 = LINE('',#8251,#8252);
#8251 = CARTESIAN_POINT('',(1.156053203783,9.45,2.));
#8252 = VECTOR('',#8253,1.);
#8253 = DIRECTION('',(-1.,0.,0.));
#8254 = FACE_BOUND('',#8255,.T.);
#8255 = EDGE_LOOP('',(#8256,#8266,#8274,#8283,#8291,#8300,#8308));
#8256 = ORIENTED_EDGE('',*,*,#8257,.T.);
#8257 = EDGE_CURVE('',#8258,#8260,#8262,.T.);
#8258 = VERTEX_POINT('',#8259);
#8259 = CARTESIAN_POINT('',(8.55,32.540119226096,2.));
#8260 = VERTEX_POINT('',#8261);
#8261 = CARTESIAN_POINT('',(8.55,31.25,2.));
#8262 = LINE('',#8263,#8264);
#8263 = CARTESIAN_POINT('',(8.55,47.125,2.));
#8264 = VECTOR('',#8265,1.);
#8265 = DIRECTION('',(0.,-1.,0.));
#8266 = ORIENTED_EDGE('',*,*,#8267,.T.);
#8267 = EDGE_CURVE('',#8260,#8268,#8270,.T.);
#8268 = VERTEX_POINT('',#8269);
#8269 = CARTESIAN_POINT('',(2.312106407565,31.25,2.));
#8270 = LINE('',#8271,#8272);
#8271 = CARTESIAN_POINT('',(1.156053203783,31.25,2.));
#8272 = VECTOR('',#8273,1.);
#8273 = DIRECTION('',(-1.,0.,0.));
#8274 = ORIENTED_EDGE('',*,*,#8275,.F.);
#8275 = EDGE_CURVE('',#8276,#8268,#8278,.T.);
#8276 = VERTEX_POINT('',#8277);
#8277 = CARTESIAN_POINT('',(-0.65,34.212106407565,2.));
#8278 = CIRCLE('',#8279,5.35);
#8279 = AXIS2_PLACEMENT_3D('',#8280,#8281,#8282);
#8280 = CARTESIAN_POINT('',(-2.65,29.25,2.));
#8281 = DIRECTION('',(0.,0.,-1.));
#8282 = DIRECTION('',(1.,0.,0.));
#8283 = ORIENTED_EDGE('',*,*,#8284,.F.);
#8284 = EDGE_CURVE('',#8285,#8276,#8287,.T.);
#8285 = VERTEX_POINT('',#8286);
#8286 = CARTESIAN_POINT('',(-0.65,35.187893592435,2.));
#8287 = LINE('',#8288,#8289);
#8288 = CARTESIAN_POINT('',(-0.65,48.606053203783,2.));
#8289 = VECTOR('',#8290,1.);
#8290 = DIRECTION('',(0.,-1.,0.));
#8291 = ORIENTED_EDGE('',*,*,#8292,.F.);
#8292 = EDGE_CURVE('',#8293,#8285,#8295,.T.);
#8293 = VERTEX_POINT('',#8294);
#8294 = CARTESIAN_POINT('',(2.312106407565,38.15,2.));
#8295 = CIRCLE('',#8296,5.35);
#8296 = AXIS2_PLACEMENT_3D('',#8297,#8298,#8299);
#8297 = CARTESIAN_POINT('',(-2.65,40.15,2.));
#8298 = DIRECTION('',(0.,0.,-1.));
#8299 = DIRECTION('',(1.,0.,0.));
#8300 = ORIENTED_EDGE('',*,*,#8301,.F.);
#8301 = EDGE_CURVE('',#8302,#8293,#8304,.T.);
#8302 = VERTEX_POINT('',#8303);
#8303 = CARTESIAN_POINT('',(4.282779073126,38.15,2.));
#8304 = LINE('',#8305,#8306);
#8305 = CARTESIAN_POINT('',(1.156053203783,38.15,2.));
#8306 = VECTOR('',#8307,1.);
#8307 = DIRECTION('',(-1.,0.,0.));
#8308 = ORIENTED_EDGE('',*,*,#8309,.F.);
#8309 = EDGE_CURVE('',#8258,#8302,#8310,.T.);
#8310 = CIRCLE('',#8311,7.35);
#8311 = AXIS2_PLACEMENT_3D('',#8312,#8313,#8314);
#8312 = CARTESIAN_POINT('',(11.55,39.25,2.));
#8313 = DIRECTION('',(0.,0.,-1.));
#8314 = DIRECTION('',(1.,0.,0.));
#8315 = FACE_BOUND('',#8316,.T.);
#8316 = EDGE_LOOP('',(#8317,#8328,#8336,#8345,#8353,#8362));
#8317 = ORIENTED_EDGE('',*,*,#8318,.F.);
#8318 = EDGE_CURVE('',#8319,#8321,#8323,.T.);
#8319 = VERTEX_POINT('',#8320);
#8320 = CARTESIAN_POINT('',(-0.65,56.012106407565,2.));
#8321 = VERTEX_POINT('',#8322);
#8322 = CARTESIAN_POINT('',(2.312106407565,53.05,2.));
#8323 = CIRCLE('',#8324,5.35);
#8324 = AXIS2_PLACEMENT_3D('',#8325,#8326,#8327);
#8325 = CARTESIAN_POINT('',(-2.65,51.05,2.));
#8326 = DIRECTION('',(0.,0.,-1.));
#8327 = DIRECTION('',(1.,0.,0.));
#8328 = ORIENTED_EDGE('',*,*,#8329,.F.);
#8329 = EDGE_CURVE('',#8330,#8319,#8332,.T.);
#8330 = VERTEX_POINT('',#8331);
#8331 = CARTESIAN_POINT('',(-0.65,56.987893592435,2.));
#8332 = LINE('',#8333,#8334);
#8333 = CARTESIAN_POINT('',(-0.65,59.506053203783,2.));
#8334 = VECTOR('',#8335,1.);
#8335 = DIRECTION('',(0.,-1.,0.));
#8336 = ORIENTED_EDGE('',*,*,#8337,.F.);
#8337 = EDGE_CURVE('',#8338,#8330,#8340,.T.);
#8338 = VERTEX_POINT('',#8339);
#8339 = CARTESIAN_POINT('',(2.312106407565,59.95,2.));
#8340 = CIRCLE('',#8341,5.35);
#8341 = AXIS2_PLACEMENT_3D('',#8342,#8343,#8344);
#8342 = CARTESIAN_POINT('',(-2.65,61.95,2.));
#8343 = DIRECTION('',(0.,0.,-1.));
#8344 = DIRECTION('',(1.,0.,0.));
#8345 = ORIENTED_EDGE('',*,*,#8346,.F.);
#8346 = EDGE_CURVE('',#8347,#8338,#8349,.T.);
#8347 = VERTEX_POINT('',#8348);
#8348 = CARTESIAN_POINT('',(7.035301781957,59.95,2.));
#8349 = LINE('',#8350,#8351);
#8350 = CARTESIAN_POINT('',(1.156053203783,59.95,2.));
#8351 = VECTOR('',#8352,1.);
#8352 = DIRECTION('',(-1.,0.,0.));
#8353 = ORIENTED_EDGE('',*,*,#8354,.F.);
#8354 = EDGE_CURVE('',#8355,#8347,#8357,.T.);
#8355 = VERTEX_POINT('',#8356);
#8356 = CARTESIAN_POINT('',(4.282779073126,53.05,2.));
#8357 = CIRCLE('',#8358,7.35);
#8358 = AXIS2_PLACEMENT_3D('',#8359,#8360,#8361);
#8359 = CARTESIAN_POINT('',(11.55,54.15,2.));
#8360 = DIRECTION('',(0.,0.,-1.));
#8361 = DIRECTION('',(1.,0.,0.));
#8362 = ORIENTED_EDGE('',*,*,#8363,.T.);
#8363 = EDGE_CURVE('',#8355,#8321,#8364,.T.);
#8364 = LINE('',#8365,#8366);
#8365 = CARTESIAN_POINT('',(1.156053203783,53.05,2.));
#8366 = VECTOR('',#8367,1.);
#8367 = DIRECTION('',(-1.,0.,0.));
#8368 = FACE_BOUND('',#8369,.T.);
#8369 = EDGE_LOOP('',(#8370,#8381,#8389,#8398,#8406,#8415,#8423,#8432));
#8370 = ORIENTED_EDGE('',*,*,#8371,.F.);
#8371 = EDGE_CURVE('',#8372,#8374,#8376,.T.);
#8372 = VERTEX_POINT('',#8373);
#8373 = CARTESIAN_POINT('',(-0.65,45.112106407565,2.));
#8374 = VERTEX_POINT('',#8375);
#8375 = CARTESIAN_POINT('',(2.312106407565,42.15,2.));
#8376 = CIRCLE('',#8377,5.35);
#8377 = AXIS2_PLACEMENT_3D('',#8378,#8379,#8380);
#8378 = CARTESIAN_POINT('',(-2.65,40.15,2.));
#8379 = DIRECTION('',(0.,0.,-1.));
#8380 = DIRECTION('',(1.,0.,0.));
#8381 = ORIENTED_EDGE('',*,*,#8382,.F.);
#8382 = EDGE_CURVE('',#8383,#8372,#8385,.T.);
#8383 = VERTEX_POINT('',#8384);
#8384 = CARTESIAN_POINT('',(-0.65,46.087893592435,2.));
#8385 = LINE('',#8386,#8387);
#8386 = CARTESIAN_POINT('',(-0.65,54.056053203783,2.));
#8387 = VECTOR('',#8388,1.);
#8388 = DIRECTION('',(0.,-1.,0.));
#8389 = ORIENTED_EDGE('',*,*,#8390,.F.);
#8390 = EDGE_CURVE('',#8391,#8383,#8393,.T.);
#8391 = VERTEX_POINT('',#8392);
#8392 = CARTESIAN_POINT('',(2.312106407565,49.05,2.));
#8393 = CIRCLE('',#8394,5.35);
#8394 = AXIS2_PLACEMENT_3D('',#8395,#8396,#8397);
#8395 = CARTESIAN_POINT('',(-2.65,51.05,2.));
#8396 = DIRECTION('',(0.,0.,-1.));
#8397 = DIRECTION('',(1.,0.,0.));
#8398 = ORIENTED_EDGE('',*,*,#8399,.F.);
#8399 = EDGE_CURVE('',#8400,#8391,#8402,.T.);
#8400 = VERTEX_POINT('',#8401);
#8401 = CARTESIAN_POINT('',(6.257316370687,49.05,2.));
#8402 = LINE('',#8403,#8404);
#8403 = CARTESIAN_POINT('',(1.156053203783,49.05,2.));
#8404 = VECTOR('',#8405,1.);
#8405 = DIRECTION('',(-1.,0.,0.));
#8406 = ORIENTED_EDGE('',*,*,#8407,.F.);
#8407 = EDGE_CURVE('',#8408,#8400,#8410,.T.);
#8408 = VERTEX_POINT('',#8409);
#8409 = CARTESIAN_POINT('',(8.55,47.440119226096,2.));
#8410 = CIRCLE('',#8411,7.35);
#8411 = AXIS2_PLACEMENT_3D('',#8412,#8413,#8414);
#8412 = CARTESIAN_POINT('',(11.55,54.15,2.));
#8413 = DIRECTION('',(0.,0.,-1.));
#8414 = DIRECTION('',(1.,0.,0.));
#8415 = ORIENTED_EDGE('',*,*,#8416,.F.);
#8416 = EDGE_CURVE('',#8417,#8408,#8419,.T.);
#8417 = VERTEX_POINT('',#8418);
#8418 = CARTESIAN_POINT('',(8.55,45.959880773904,2.));
#8419 = LINE('',#8420,#8421);
#8420 = CARTESIAN_POINT('',(8.55,55.220059613048,2.));
#8421 = VECTOR('',#8422,1.);
#8422 = DIRECTION('',(0.,1.,0.));
#8423 = ORIENTED_EDGE('',*,*,#8424,.F.);
#8424 = EDGE_CURVE('',#8425,#8417,#8427,.T.);
#8425 = VERTEX_POINT('',#8426);
#8426 = CARTESIAN_POINT('',(4.796297311844,42.15,2.));
#8427 = CIRCLE('',#8428,7.35);
#8428 = AXIS2_PLACEMENT_3D('',#8429,#8430,#8431);
#8429 = CARTESIAN_POINT('',(11.55,39.25,2.));
#8430 = DIRECTION('',(0.,0.,-1.));
#8431 = DIRECTION('',(1.,0.,0.));
#8432 = ORIENTED_EDGE('',*,*,#8433,.T.);
#8433 = EDGE_CURVE('',#8425,#8374,#8434,.T.);
#8434 = LINE('',#8435,#8436);
#8435 = CARTESIAN_POINT('',(1.156053203783,42.15,2.));
#8436 = VECTOR('',#8437,1.);
#8437 = DIRECTION('',(-1.,0.,0.));
#8438 = FACE_BOUND('',#8439,.T.);
#8439 = EDGE_LOOP('',(#8440,#8451,#8459,#8468,#8476,#8485,#8493,#8502));
#8440 = ORIENTED_EDGE('',*,*,#8441,.F.);
#8441 = EDGE_CURVE('',#8442,#8444,#8446,.T.);
#8442 = VERTEX_POINT('',#8443);
#8443 = CARTESIAN_POINT('',(-7.612106407565,63.95,2.));
#8444 = VERTEX_POINT('',#8445);
#8445 = CARTESIAN_POINT('',(-4.65,66.912106407565,2.));
#8446 = CIRCLE('',#8447,5.35);
#8447 = AXIS2_PLACEMENT_3D('',#8448,#8449,#8450);
#8448 = CARTESIAN_POINT('',(-2.65,61.95,2.));
#8449 = DIRECTION('',(0.,0.,-1.));
#8450 = DIRECTION('',(1.,0.,0.));
#8451 = ORIENTED_EDGE('',*,*,#8452,.T.);
#8452 = EDGE_CURVE('',#8442,#8453,#8455,.T.);
#8453 = VERTEX_POINT('',#8454);
#8454 = CARTESIAN_POINT('',(-8.587893592435,63.95,2.));
#8455 = LINE('',#8456,#8457);
#8456 = CARTESIAN_POINT('',(-4.293946796217,63.95,2.));
#8457 = VECTOR('',#8458,1.);
#8458 = DIRECTION('',(-1.,0.,0.));
#8459 = ORIENTED_EDGE('',*,*,#8460,.F.);
#8460 = EDGE_CURVE('',#8461,#8453,#8463,.T.);
#8461 = VERTEX_POINT('',#8462);
#8462 = CARTESIAN_POINT('',(-11.55,66.912106407565,2.));
#8463 = CIRCLE('',#8464,5.35);
#8464 = AXIS2_PLACEMENT_3D('',#8465,#8466,#8467);
#8465 = CARTESIAN_POINT('',(-13.55,61.95,2.));
#8466 = DIRECTION('',(0.,0.,-1.));
#8467 = DIRECTION('',(1.,0.,0.));
#8468 = ORIENTED_EDGE('',*,*,#8469,.F.);
#8469 = EDGE_CURVE('',#8470,#8461,#8472,.T.);
#8470 = VERTEX_POINT('',#8471);
#8471 = CARTESIAN_POINT('',(-11.55,67.887893592435,2.));
#8472 = LINE('',#8473,#8474);
#8473 = CARTESIAN_POINT('',(-11.55,64.956053203783,2.));
#8474 = VECTOR('',#8475,1.);
#8475 = DIRECTION('',(0.,-1.,0.));
#8476 = ORIENTED_EDGE('',*,*,#8477,.F.);
#8477 = EDGE_CURVE('',#8478,#8470,#8480,.T.);
#8478 = VERTEX_POINT('',#8479);
#8479 = CARTESIAN_POINT('',(-8.587893592435,70.85,2.));
#8480 = CIRCLE('',#8481,5.35);
#8481 = AXIS2_PLACEMENT_3D('',#8482,#8483,#8484);
#8482 = CARTESIAN_POINT('',(-13.55,72.85,2.));
#8483 = DIRECTION('',(0.,0.,-1.));
#8484 = DIRECTION('',(1.,0.,0.));
#8485 = ORIENTED_EDGE('',*,*,#8486,.F.);
#8486 = EDGE_CURVE('',#8487,#8478,#8489,.T.);
#8487 = VERTEX_POINT('',#8488);
#8488 = CARTESIAN_POINT('',(-7.612106407565,70.85,2.));
#8489 = LINE('',#8490,#8491);
#8490 = CARTESIAN_POINT('',(-4.293946796217,70.85,2.));
#8491 = VECTOR('',#8492,1.);
#8492 = DIRECTION('',(-1.,0.,0.));
#8493 = ORIENTED_EDGE('',*,*,#8494,.F.);
#8494 = EDGE_CURVE('',#8495,#8487,#8497,.T.);
#8495 = VERTEX_POINT('',#8496);
#8496 = CARTESIAN_POINT('',(-4.65,67.887893592435,2.));
#8497 = CIRCLE('',#8498,5.35);
#8498 = AXIS2_PLACEMENT_3D('',#8499,#8500,#8501);
#8499 = CARTESIAN_POINT('',(-2.65,72.85,2.));
#8500 = DIRECTION('',(0.,0.,-1.));
#8501 = DIRECTION('',(1.,0.,0.));
#8502 = ORIENTED_EDGE('',*,*,#8503,.T.);
#8503 = EDGE_CURVE('',#8495,#8444,#8504,.T.);
#8504 = LINE('',#8505,#8506);
#8505 = CARTESIAN_POINT('',(-4.65,64.956053203783,2.));
#8506 = VECTOR('',#8507,1.);
#8507 = DIRECTION('',(0.,-1.,0.));
#8508 = FACE_BOUND('',#8509,.T.);
#8509 = EDGE_LOOP('',(#8510,#8521,#8529,#8538,#8546,#8555,#8563,#8572));
#8510 = ORIENTED_EDGE('',*,*,#8511,.F.);
#8511 = EDGE_CURVE('',#8512,#8514,#8516,.T.);
#8512 = VERTEX_POINT('',#8513);
#8513 = CARTESIAN_POINT('',(-7.612106407565,74.85,2.));
#8514 = VERTEX_POINT('',#8515);
#8515 = CARTESIAN_POINT('',(-4.65,77.812106407565,2.));
#8516 = CIRCLE('',#8517,5.35);
#8517 = AXIS2_PLACEMENT_3D('',#8518,#8519,#8520);
#8518 = CARTESIAN_POINT('',(-2.65,72.85,2.));
#8519 = DIRECTION('',(0.,0.,-1.));
#8520 = DIRECTION('',(1.,0.,0.));
#8521 = ORIENTED_EDGE('',*,*,#8522,.F.);
#8522 = EDGE_CURVE('',#8523,#8512,#8525,.T.);
#8523 = VERTEX_POINT('',#8524);
#8524 = CARTESIAN_POINT('',(-8.587893592435,74.85,2.));
#8525 = LINE('',#8526,#8527);
#8526 = CARTESIAN_POINT('',(-3.806053203783,74.85,2.));
#8527 = VECTOR('',#8528,1.);
#8528 = DIRECTION('',(1.,0.,0.));
#8529 = ORIENTED_EDGE('',*,*,#8530,.F.);
#8530 = EDGE_CURVE('',#8531,#8523,#8533,.T.);
#8531 = VERTEX_POINT('',#8532);
#8532 = CARTESIAN_POINT('',(-11.55,77.812106407565,2.));
#8533 = CIRCLE('',#8534,5.35);
#8534 = AXIS2_PLACEMENT_3D('',#8535,#8536,#8537);
#8535 = CARTESIAN_POINT('',(-13.55,72.85,2.));
#8536 = DIRECTION('',(0.,0.,-1.));
#8537 = DIRECTION('',(1.,0.,0.));
#8538 = ORIENTED_EDGE('',*,*,#8539,.F.);
#8539 = EDGE_CURVE('',#8540,#8531,#8542,.T.);
#8540 = VERTEX_POINT('',#8541);
#8541 = CARTESIAN_POINT('',(-11.55,78.787893592435,2.));
#8542 = LINE('',#8543,#8544);
#8543 = CARTESIAN_POINT('',(-11.55,70.406053203783,2.));
#8544 = VECTOR('',#8545,1.);
#8545 = DIRECTION('',(0.,-1.,0.));
#8546 = ORIENTED_EDGE('',*,*,#8547,.F.);
#8547 = EDGE_CURVE('',#8548,#8540,#8550,.T.);
#8548 = VERTEX_POINT('',#8549);
#8549 = CARTESIAN_POINT('',(-8.587893592435,81.75,2.));
#8550 = CIRCLE('',#8551,5.35);
#8551 = AXIS2_PLACEMENT_3D('',#8552,#8553,#8554);
#8552 = CARTESIAN_POINT('',(-13.55,83.75,2.));
#8553 = DIRECTION('',(0.,0.,-1.));
#8554 = DIRECTION('',(1.,0.,0.));
#8555 = ORIENTED_EDGE('',*,*,#8556,.F.);
#8556 = EDGE_CURVE('',#8557,#8548,#8559,.T.);
#8557 = VERTEX_POINT('',#8558);
#8558 = CARTESIAN_POINT('',(-7.612106407565,81.75,2.));
#8559 = LINE('',#8560,#8561);
#8560 = CARTESIAN_POINT('',(-4.293946796217,81.75,2.));
#8561 = VECTOR('',#8562,1.);
#8562 = DIRECTION('',(-1.,0.,0.));
#8563 = ORIENTED_EDGE('',*,*,#8564,.F.);
#8564 = EDGE_CURVE('',#8565,#8557,#8567,.T.);
#8565 = VERTEX_POINT('',#8566);
#8566 = CARTESIAN_POINT('',(-4.65,78.787893592435,2.));
#8567 = CIRCLE('',#8568,5.35);
#8568 = AXIS2_PLACEMENT_3D('',#8569,#8570,#8571);
#8569 = CARTESIAN_POINT('',(-2.65,83.75,2.));
#8570 = DIRECTION('',(0.,0.,-1.));
#8571 = DIRECTION('',(1.,0.,0.));
#8572 = ORIENTED_EDGE('',*,*,#8573,.T.);
#8573 = EDGE_CURVE('',#8565,#8514,#8574,.T.);
#8574 = LINE('',#8575,#8576);
#8575 = CARTESIAN_POINT('',(-4.65,70.406053203783,2.));
#8576 = VECTOR('',#8577,1.);
#8577 = DIRECTION('',(0.,-1.,0.));
#8578 = FACE_BOUND('',#8579,.T.);
#8579 = EDGE_LOOP('',(#8580,#8591,#8599,#8608,#8616,#8625,#8633,#8642));
#8580 = ORIENTED_EDGE('',*,*,#8581,.F.);
#8581 = EDGE_CURVE('',#8582,#8584,#8586,.T.);
#8582 = VERTEX_POINT('',#8583);
#8583 = CARTESIAN_POINT('',(-7.612106407565,85.75,2.));
#8584 = VERTEX_POINT('',#8585);
#8585 = CARTESIAN_POINT('',(-4.65,88.712106407565,2.));
#8586 = CIRCLE('',#8587,5.35);
#8587 = AXIS2_PLACEMENT_3D('',#8588,#8589,#8590);
#8588 = CARTESIAN_POINT('',(-2.65,83.75,2.));
#8589 = DIRECTION('',(0.,0.,-1.));
#8590 = DIRECTION('',(1.,0.,0.));
#8591 = ORIENTED_EDGE('',*,*,#8592,.T.);
#8592 = EDGE_CURVE('',#8582,#8593,#8595,.T.);
#8593 = VERTEX_POINT('',#8594);
#8594 = CARTESIAN_POINT('',(-8.587893592435,85.75,2.));
#8595 = LINE('',#8596,#8597);
#8596 = CARTESIAN_POINT('',(-4.293946796217,85.75,2.));
#8597 = VECTOR('',#8598,1.);
#8598 = DIRECTION('',(-1.,0.,0.));
#8599 = ORIENTED_EDGE('',*,*,#8600,.F.);
#8600 = EDGE_CURVE('',#8601,#8593,#8603,.T.);
#8601 = VERTEX_POINT('',#8602);
#8602 = CARTESIAN_POINT('',(-11.55,88.712106407565,2.));
#8603 = CIRCLE('',#8604,5.35);
#8604 = AXIS2_PLACEMENT_3D('',#8605,#8606,#8607);
#8605 = CARTESIAN_POINT('',(-13.55,83.75,2.));
#8606 = DIRECTION('',(0.,0.,-1.));
#8607 = DIRECTION('',(1.,0.,0.));
#8608 = ORIENTED_EDGE('',*,*,#8609,.F.);
#8609 = EDGE_CURVE('',#8610,#8601,#8612,.T.);
#8610 = VERTEX_POINT('',#8611);
#8611 = CARTESIAN_POINT('',(-11.55,89.687893592435,2.));
#8612 = LINE('',#8613,#8614);
#8613 = CARTESIAN_POINT('',(-11.55,75.856053203783,2.));
#8614 = VECTOR('',#8615,1.);
#8615 = DIRECTION('',(0.,-1.,0.));
#8616 = ORIENTED_EDGE('',*,*,#8617,.F.);
#8617 = EDGE_CURVE('',#8618,#8610,#8620,.T.);
#8618 = VERTEX_POINT('',#8619);
#8619 = CARTESIAN_POINT('',(-8.587893592435,92.65,2.));
#8620 = CIRCLE('',#8621,5.35);
#8621 = AXIS2_PLACEMENT_3D('',#8622,#8623,#8624);
#8622 = CARTESIAN_POINT('',(-13.55,94.65,2.));
#8623 = DIRECTION('',(0.,0.,-1.));
#8624 = DIRECTION('',(1.,0.,0.));
#8625 = ORIENTED_EDGE('',*,*,#8626,.F.);
#8626 = EDGE_CURVE('',#8627,#8618,#8629,.T.);
#8627 = VERTEX_POINT('',#8628);
#8628 = CARTESIAN_POINT('',(-7.612106407565,92.65,2.));
#8629 = LINE('',#8630,#8631);
#8630 = CARTESIAN_POINT('',(-4.293946796217,92.65,2.));
#8631 = VECTOR('',#8632,1.);
#8632 = DIRECTION('',(-1.,0.,0.));
#8633 = ORIENTED_EDGE('',*,*,#8634,.F.);
#8634 = EDGE_CURVE('',#8635,#8627,#8637,.T.);
#8635 = VERTEX_POINT('',#8636);
#8636 = CARTESIAN_POINT('',(-4.65,89.687893592435,2.));
#8637 = CIRCLE('',#8638,5.35);
#8638 = AXIS2_PLACEMENT_3D('',#8639,#8640,#8641);
#8639 = CARTESIAN_POINT('',(-2.65,94.65,2.));
#8640 = DIRECTION('',(0.,0.,-1.));
#8641 = DIRECTION('',(1.,0.,0.));
#8642 = ORIENTED_EDGE('',*,*,#8643,.T.);
#8643 = EDGE_CURVE('',#8635,#8584,#8644,.T.);
#8644 = LINE('',#8645,#8646);
#8645 = CARTESIAN_POINT('',(-4.65,75.856053203783,2.));
#8646 = VECTOR('',#8647,1.);
#8647 = DIRECTION('',(0.,-1.,0.));
#8648 = FACE_BOUND('',#8649,.T.);
#8649 = EDGE_LOOP('',(#8650,#8661,#8669,#8678,#8686,#8695,#8703,#8712));
#8650 = ORIENTED_EDGE('',*,*,#8651,.F.);
#8651 = EDGE_CURVE('',#8652,#8654,#8656,.T.);
#8652 = VERTEX_POINT('',#8653);
#8653 = CARTESIAN_POINT('',(-11.55,99.612106407565,2.));
#8654 = VERTEX_POINT('',#8655);
#8655 = CARTESIAN_POINT('',(-8.587893592435,96.65,2.));
#8656 = CIRCLE('',#8657,5.35);
#8657 = AXIS2_PLACEMENT_3D('',#8658,#8659,#8660);
#8658 = CARTESIAN_POINT('',(-13.55,94.65,2.));
#8659 = DIRECTION('',(0.,0.,-1.));
#8660 = DIRECTION('',(1.,0.,0.));
#8661 = ORIENTED_EDGE('',*,*,#8662,.F.);
#8662 = EDGE_CURVE('',#8663,#8652,#8665,.T.);
#8663 = VERTEX_POINT('',#8664);
#8664 = CARTESIAN_POINT('',(-11.55,100.58789359243,2.));
#8665 = LINE('',#8666,#8667);
#8666 = CARTESIAN_POINT('',(-11.55,81.306053203783,2.));
#8667 = VECTOR('',#8668,1.);
#8668 = DIRECTION('',(0.,-1.,0.));
#8669 = ORIENTED_EDGE('',*,*,#8670,.F.);
#8670 = EDGE_CURVE('',#8671,#8663,#8673,.T.);
#8671 = VERTEX_POINT('',#8672);
#8672 = CARTESIAN_POINT('',(-8.587893592435,103.55,2.));
#8673 = CIRCLE('',#8674,5.35);
#8674 = AXIS2_PLACEMENT_3D('',#8675,#8676,#8677);
#8675 = CARTESIAN_POINT('',(-13.55,105.55,2.));
#8676 = DIRECTION('',(0.,0.,-1.));
#8677 = DIRECTION('',(1.,0.,0.));
#8678 = ORIENTED_EDGE('',*,*,#8679,.F.);
#8679 = EDGE_CURVE('',#8680,#8671,#8682,.T.);
#8680 = VERTEX_POINT('',#8681);
#8681 = CARTESIAN_POINT('',(-7.612106407565,103.55,2.));
#8682 = LINE('',#8683,#8684);
#8683 = CARTESIAN_POINT('',(-4.293946796217,103.55,2.));
#8684 = VECTOR('',#8685,1.);
#8685 = DIRECTION('',(-1.,0.,0.));
#8686 = ORIENTED_EDGE('',*,*,#8687,.F.);
#8687 = EDGE_CURVE('',#8688,#8680,#8690,.T.);
#8688 = VERTEX_POINT('',#8689);
#8689 = CARTESIAN_POINT('',(-4.65,100.58789359243,2.));
#8690 = CIRCLE('',#8691,5.35);
#8691 = AXIS2_PLACEMENT_3D('',#8692,#8693,#8694);
#8692 = CARTESIAN_POINT('',(-2.65,105.55,2.));
#8693 = DIRECTION('',(0.,0.,-1.));
#8694 = DIRECTION('',(1.,0.,0.));
#8695 = ORIENTED_EDGE('',*,*,#8696,.T.);
#8696 = EDGE_CURVE('',#8688,#8697,#8699,.T.);
#8697 = VERTEX_POINT('',#8698);
#8698 = CARTESIAN_POINT('',(-4.65,99.612106407565,2.));
#8699 = LINE('',#8700,#8701);
#8700 = CARTESIAN_POINT('',(-4.65,81.306053203783,2.));
#8701 = VECTOR('',#8702,1.);
#8702 = DIRECTION('',(0.,-1.,0.));
#8703 = ORIENTED_EDGE('',*,*,#8704,.F.);
#8704 = EDGE_CURVE('',#8705,#8697,#8707,.T.);
#8705 = VERTEX_POINT('',#8706);
#8706 = CARTESIAN_POINT('',(-7.612106407565,96.65,2.));
#8707 = CIRCLE('',#8708,5.35);
#8708 = AXIS2_PLACEMENT_3D('',#8709,#8710,#8711);
#8709 = CARTESIAN_POINT('',(-2.65,94.65,2.));
#8710 = DIRECTION('',(0.,0.,-1.));
#8711 = DIRECTION('',(1.,0.,0.));
#8712 = ORIENTED_EDGE('',*,*,#8713,.T.);
#8713 = EDGE_CURVE('',#8705,#8654,#8714,.T.);
#8714 = LINE('',#8715,#8716);
#8715 = CARTESIAN_POINT('',(-4.293946796217,96.65,2.));
#8716 = VECTOR('',#8717,1.);
#8717 = DIRECTION('',(-1.,0.,0.));
#8718 = FACE_BOUND('',#8719,.T.);
#8719 = EDGE_LOOP('',(#8720,#8731,#8739,#8748,#8756,#8765,#8773,#8782));
#8720 = ORIENTED_EDGE('',*,*,#8721,.F.);
#8721 = EDGE_CURVE('',#8722,#8724,#8726,.T.);
#8722 = VERTEX_POINT('',#8723);
#8723 = CARTESIAN_POINT('',(-7.612106407565,107.55,2.));
#8724 = VERTEX_POINT('',#8725);
#8725 = CARTESIAN_POINT('',(-4.65,110.51210640756,2.));
#8726 = CIRCLE('',#8727,5.35);
#8727 = AXIS2_PLACEMENT_3D('',#8728,#8729,#8730);
#8728 = CARTESIAN_POINT('',(-2.65,105.55,2.));
#8729 = DIRECTION('',(0.,0.,-1.));
#8730 = DIRECTION('',(1.,0.,0.));
#8731 = ORIENTED_EDGE('',*,*,#8732,.T.);
#8732 = EDGE_CURVE('',#8722,#8733,#8735,.T.);
#8733 = VERTEX_POINT('',#8734);
#8734 = CARTESIAN_POINT('',(-8.587893592435,107.55,2.));
#8735 = LINE('',#8736,#8737);
#8736 = CARTESIAN_POINT('',(-4.293946796217,107.55,2.));
#8737 = VECTOR('',#8738,1.);
#8738 = DIRECTION('',(-1.,0.,0.));
#8739 = ORIENTED_EDGE('',*,*,#8740,.F.);
#8740 = EDGE_CURVE('',#8741,#8733,#8743,.T.);
#8741 = VERTEX_POINT('',#8742);
#8742 = CARTESIAN_POINT('',(-11.55,110.51210640756,2.));
#8743 = CIRCLE('',#8744,5.35);
#8744 = AXIS2_PLACEMENT_3D('',#8745,#8746,#8747);
#8745 = CARTESIAN_POINT('',(-13.55,105.55,2.));
#8746 = DIRECTION('',(0.,0.,-1.));
#8747 = DIRECTION('',(1.,0.,0.));
#8748 = ORIENTED_EDGE('',*,*,#8749,.F.);
#8749 = EDGE_CURVE('',#8750,#8741,#8752,.T.);
#8750 = VERTEX_POINT('',#8751);
#8751 = CARTESIAN_POINT('',(-11.55,111.48789359243,2.));
#8752 = LINE('',#8753,#8754);
#8753 = CARTESIAN_POINT('',(-11.55,86.756053203783,2.));
#8754 = VECTOR('',#8755,1.);
#8755 = DIRECTION('',(0.,-1.,0.));
#8756 = ORIENTED_EDGE('',*,*,#8757,.F.);
#8757 = EDGE_CURVE('',#8758,#8750,#8760,.T.);
#8758 = VERTEX_POINT('',#8759);
#8759 = CARTESIAN_POINT('',(-8.587893592435,114.45,2.));
#8760 = CIRCLE('',#8761,5.35);
#8761 = AXIS2_PLACEMENT_3D('',#8762,#8763,#8764);
#8762 = CARTESIAN_POINT('',(-13.55,116.45,2.));
#8763 = DIRECTION('',(0.,0.,-1.));
#8764 = DIRECTION('',(1.,0.,0.));
#8765 = ORIENTED_EDGE('',*,*,#8766,.F.);
#8766 = EDGE_CURVE('',#8767,#8758,#8769,.T.);
#8767 = VERTEX_POINT('',#8768);
#8768 = CARTESIAN_POINT('',(-7.612106407565,114.45,2.));
#8769 = LINE('',#8770,#8771);
#8770 = CARTESIAN_POINT('',(-4.293946796217,114.45,2.));
#8771 = VECTOR('',#8772,1.);
#8772 = DIRECTION('',(-1.,0.,0.));
#8773 = ORIENTED_EDGE('',*,*,#8774,.F.);
#8774 = EDGE_CURVE('',#8775,#8767,#8777,.T.);
#8775 = VERTEX_POINT('',#8776);
#8776 = CARTESIAN_POINT('',(-4.65,111.48789359243,2.));
#8777 = CIRCLE('',#8778,5.35);
#8778 = AXIS2_PLACEMENT_3D('',#8779,#8780,#8781);
#8779 = CARTESIAN_POINT('',(-2.65,116.45,2.));
#8780 = DIRECTION('',(0.,0.,-1.));
#8781 = DIRECTION('',(1.,0.,0.));
#8782 = ORIENTED_EDGE('',*,*,#8783,.T.);
#8783 = EDGE_CURVE('',#8775,#8724,#8784,.T.);
#8784 = LINE('',#8785,#8786);
#8785 = CARTESIAN_POINT('',(-4.65,86.756053203783,2.));
#8786 = VECTOR('',#8787,1.);
#8787 = DIRECTION('',(0.,-1.,0.));
#8788 = FACE_BOUND('',#8789,.T.);
#8789 = EDGE_LOOP('',(#8790,#8801,#8809,#8818,#8826,#8835));
#8790 = ORIENTED_EDGE('',*,*,#8791,.F.);
#8791 = EDGE_CURVE('',#8792,#8794,#8796,.T.);
#8792 = VERTEX_POINT('',#8793);
#8793 = CARTESIAN_POINT('',(-0.65,66.912106407565,2.));
#8794 = VERTEX_POINT('',#8795);
#8795 = CARTESIAN_POINT('',(2.312106407565,63.95,2.));
#8796 = CIRCLE('',#8797,5.35);
#8797 = AXIS2_PLACEMENT_3D('',#8798,#8799,#8800);
#8798 = CARTESIAN_POINT('',(-2.65,61.95,2.));
#8799 = DIRECTION('',(0.,0.,-1.));
#8800 = DIRECTION('',(1.,0.,0.));
#8801 = ORIENTED_EDGE('',*,*,#8802,.F.);
#8802 = EDGE_CURVE('',#8803,#8792,#8805,.T.);
#8803 = VERTEX_POINT('',#8804);
#8804 = CARTESIAN_POINT('',(-0.65,67.887893592435,2.));
#8805 = LINE('',#8806,#8807);
#8806 = CARTESIAN_POINT('',(-0.65,64.956053203783,2.));
#8807 = VECTOR('',#8808,1.);
#8808 = DIRECTION('',(0.,-1.,0.));
#8809 = ORIENTED_EDGE('',*,*,#8810,.F.);
#8810 = EDGE_CURVE('',#8811,#8803,#8813,.T.);
#8811 = VERTEX_POINT('',#8812);
#8812 = CARTESIAN_POINT('',(2.312106407565,70.85,2.));
#8813 = CIRCLE('',#8814,5.35);
#8814 = AXIS2_PLACEMENT_3D('',#8815,#8816,#8817);
#8815 = CARTESIAN_POINT('',(-2.65,72.85,2.));
#8816 = DIRECTION('',(0.,0.,-1.));
#8817 = DIRECTION('',(1.,0.,0.));
#8818 = ORIENTED_EDGE('',*,*,#8819,.F.);
#8819 = EDGE_CURVE('',#8820,#8811,#8822,.T.);
#8820 = VERTEX_POINT('',#8821);
#8821 = CARTESIAN_POINT('',(4.423815887868,70.85,2.));
#8822 = LINE('',#8823,#8824);
#8823 = CARTESIAN_POINT('',(1.156053203783,70.85,2.));
#8824 = VECTOR('',#8825,1.);
#8825 = DIRECTION('',(-1.,0.,0.));
#8826 = ORIENTED_EDGE('',*,*,#8827,.F.);
#8827 = EDGE_CURVE('',#8828,#8820,#8830,.T.);
#8828 = VERTEX_POINT('',#8829);
#8829 = CARTESIAN_POINT('',(6.257316370687,63.95,2.));
#8830 = CIRCLE('',#8831,7.35);
#8831 = AXIS2_PLACEMENT_3D('',#8832,#8833,#8834);
#8832 = CARTESIAN_POINT('',(11.55,69.05,2.));
#8833 = DIRECTION('',(0.,0.,-1.));
#8834 = DIRECTION('',(1.,0.,0.));
#8835 = ORIENTED_EDGE('',*,*,#8836,.T.);
#8836 = EDGE_CURVE('',#8828,#8794,#8837,.T.);
#8837 = LINE('',#8838,#8839);
#8838 = CARTESIAN_POINT('',(1.156053203783,63.95,2.));
#8839 = VECTOR('',#8840,1.);
#8840 = DIRECTION('',(-1.,0.,0.));
#8841 = FACE_BOUND('',#8842,.T.);
#8842 = EDGE_LOOP('',(#8843,#8854,#8862,#8871,#8879,#8888,#8896,#8905));
#8843 = ORIENTED_EDGE('',*,*,#8844,.F.);
#8844 = EDGE_CURVE('',#8845,#8847,#8849,.T.);
#8845 = VERTEX_POINT('',#8846);
#8846 = CARTESIAN_POINT('',(-0.65,77.812106407565,2.));
#8847 = VERTEX_POINT('',#8848);
#8848 = CARTESIAN_POINT('',(2.312106407565,74.85,2.));
#8849 = CIRCLE('',#8850,5.35);
#8850 = AXIS2_PLACEMENT_3D('',#8851,#8852,#8853);
#8851 = CARTESIAN_POINT('',(-2.65,72.85,2.));
#8852 = DIRECTION('',(0.,0.,-1.));
#8853 = DIRECTION('',(1.,0.,0.));
#8854 = ORIENTED_EDGE('',*,*,#8855,.F.);
#8855 = EDGE_CURVE('',#8856,#8845,#8858,.T.);
#8856 = VERTEX_POINT('',#8857);
#8857 = CARTESIAN_POINT('',(-0.65,78.787893592435,2.));
#8858 = LINE('',#8859,#8860);
#8859 = CARTESIAN_POINT('',(-0.65,70.406053203783,2.));
#8860 = VECTOR('',#8861,1.);
#8861 = DIRECTION('',(0.,-1.,0.));
#8862 = ORIENTED_EDGE('',*,*,#8863,.F.);
#8863 = EDGE_CURVE('',#8864,#8856,#8866,.T.);
#8864 = VERTEX_POINT('',#8865);
#8865 = CARTESIAN_POINT('',(2.312106407565,81.75,2.));
#8866 = CIRCLE('',#8867,5.35);
#8867 = AXIS2_PLACEMENT_3D('',#8868,#8869,#8870);
#8868 = CARTESIAN_POINT('',(-2.65,83.75,2.));
#8869 = DIRECTION('',(0.,0.,-1.));
#8870 = DIRECTION('',(1.,0.,0.));
#8871 = ORIENTED_EDGE('',*,*,#8872,.F.);
#8872 = EDGE_CURVE('',#8873,#8864,#8875,.T.);
#8873 = VERTEX_POINT('',#8874);
#8874 = CARTESIAN_POINT('',(4.536976401009,81.75,2.));
#8875 = LINE('',#8876,#8877);
#8876 = CARTESIAN_POINT('',(1.156053203783,81.75,2.));
#8877 = VECTOR('',#8878,1.);
#8878 = DIRECTION('',(-1.,0.,0.));
#8879 = ORIENTED_EDGE('',*,*,#8880,.F.);
#8880 = EDGE_CURVE('',#8881,#8873,#8883,.T.);
#8881 = VERTEX_POINT('',#8882);
#8882 = CARTESIAN_POINT('',(8.55,77.240119226096,2.));
#8883 = CIRCLE('',#8884,7.35);
#8884 = AXIS2_PLACEMENT_3D('',#8885,#8886,#8887);
#8885 = CARTESIAN_POINT('',(11.55,83.95,2.));
#8886 = DIRECTION('',(0.,0.,-1.));
#8887 = DIRECTION('',(1.,0.,0.));
#8888 = ORIENTED_EDGE('',*,*,#8889,.F.);
#8889 = EDGE_CURVE('',#8890,#8881,#8892,.T.);
#8890 = VERTEX_POINT('',#8891);
#8891 = CARTESIAN_POINT('',(8.55,75.759880773904,2.));
#8892 = LINE('',#8893,#8894);
#8893 = CARTESIAN_POINT('',(8.55,70.120059613048,2.));
#8894 = VECTOR('',#8895,1.);
#8895 = DIRECTION('',(0.,1.,0.));
#8896 = ORIENTED_EDGE('',*,*,#8897,.F.);
#8897 = EDGE_CURVE('',#8898,#8890,#8900,.T.);
#8898 = VERTEX_POINT('',#8899);
#8899 = CARTESIAN_POINT('',(7.035301781957,74.85,2.));
#8900 = CIRCLE('',#8901,7.35);
#8901 = AXIS2_PLACEMENT_3D('',#8902,#8903,#8904);
#8902 = CARTESIAN_POINT('',(11.55,69.05,2.));
#8903 = DIRECTION('',(0.,0.,-1.));
#8904 = DIRECTION('',(1.,0.,0.));
#8905 = ORIENTED_EDGE('',*,*,#8906,.T.);
#8906 = EDGE_CURVE('',#8898,#8847,#8907,.T.);
#8907 = LINE('',#8908,#8909);
#8908 = CARTESIAN_POINT('',(1.156053203783,74.85,2.));
#8909 = VECTOR('',#8910,1.);
#8910 = DIRECTION('',(-1.,0.,0.));
#8911 = FACE_BOUND('',#8912,.T.);
#8912 = EDGE_LOOP('',(#8913,#8924,#8932,#8941,#8949,#8958));
#8913 = ORIENTED_EDGE('',*,*,#8914,.F.);
#8914 = EDGE_CURVE('',#8915,#8917,#8919,.T.);
#8915 = VERTEX_POINT('',#8916);
#8916 = CARTESIAN_POINT('',(-0.65,99.612106407565,2.));
#8917 = VERTEX_POINT('',#8918);
#8918 = CARTESIAN_POINT('',(2.312106407565,96.65,2.));
#8919 = CIRCLE('',#8920,5.35);
#8920 = AXIS2_PLACEMENT_3D('',#8921,#8922,#8923);
#8921 = CARTESIAN_POINT('',(-2.65,94.65,2.));
#8922 = DIRECTION('',(0.,0.,-1.));
#8923 = DIRECTION('',(1.,0.,0.));
#8924 = ORIENTED_EDGE('',*,*,#8925,.F.);
#8925 = EDGE_CURVE('',#8926,#8915,#8928,.T.);
#8926 = VERTEX_POINT('',#8927);
#8927 = CARTESIAN_POINT('',(-0.65,100.58789359243,2.));
#8928 = LINE('',#8929,#8930);
#8929 = CARTESIAN_POINT('',(-0.65,81.306053203783,2.));
#8930 = VECTOR('',#8931,1.);
#8931 = DIRECTION('',(0.,-1.,0.));
#8932 = ORIENTED_EDGE('',*,*,#8933,.F.);
#8933 = EDGE_CURVE('',#8934,#8926,#8936,.T.);
#8934 = VERTEX_POINT('',#8935);
#8935 = CARTESIAN_POINT('',(2.312106407565,103.55,2.));
#8936 = CIRCLE('',#8937,5.35);
#8937 = AXIS2_PLACEMENT_3D('',#8938,#8939,#8940);
#8938 = CARTESIAN_POINT('',(-2.65,105.55,2.));
#8939 = DIRECTION('',(0.,0.,-1.));
#8940 = DIRECTION('',(1.,0.,0.));
#8941 = ORIENTED_EDGE('',*,*,#8942,.F.);
#8942 = EDGE_CURVE('',#8943,#8934,#8945,.T.);
#8943 = VERTEX_POINT('',#8944);
#8944 = CARTESIAN_POINT('',(5.899115113542,103.55,2.));
#8945 = LINE('',#8946,#8947);
#8946 = CARTESIAN_POINT('',(1.156053203783,103.55,2.));
#8947 = VECTOR('',#8948,1.);
#8948 = DIRECTION('',(-1.,0.,0.));
#8949 = ORIENTED_EDGE('',*,*,#8950,.F.);
#8950 = EDGE_CURVE('',#8951,#8943,#8953,.T.);
#8951 = VERTEX_POINT('',#8952);
#8952 = CARTESIAN_POINT('',(4.536976401009,96.65,2.));
#8953 = CIRCLE('',#8954,7.35);
#8954 = AXIS2_PLACEMENT_3D('',#8955,#8956,#8957);
#8955 = CARTESIAN_POINT('',(11.55,98.85,2.));
#8956 = DIRECTION('',(0.,0.,-1.));
#8957 = DIRECTION('',(1.,0.,0.));
#8958 = ORIENTED_EDGE('',*,*,#8959,.T.);
#8959 = EDGE_CURVE('',#8951,#8917,#8960,.T.);
#8960 = LINE('',#8961,#8962);
#8961 = CARTESIAN_POINT('',(1.156053203783,96.65,2.));
#8962 = VECTOR('',#8963,1.);
#8963 = DIRECTION('',(-1.,0.,0.));
#8964 = FACE_BOUND('',#8965,.T.);
#8965 = EDGE_LOOP('',(#8966,#8977,#8985,#8994,#9002,#9011));
#8966 = ORIENTED_EDGE('',*,*,#8967,.F.);
#8967 = EDGE_CURVE('',#8968,#8970,#8972,.T.);
#8968 = VERTEX_POINT('',#8969);
#8969 = CARTESIAN_POINT('',(-0.65,110.51210640756,2.));
#8970 = VERTEX_POINT('',#8971);
#8971 = CARTESIAN_POINT('',(2.312106407565,107.55,2.));
#8972 = CIRCLE('',#8973,5.35);
#8973 = AXIS2_PLACEMENT_3D('',#8974,#8975,#8976);
#8974 = CARTESIAN_POINT('',(-2.65,105.55,2.));
#8975 = DIRECTION('',(0.,0.,-1.));
#8976 = DIRECTION('',(1.,0.,0.));
#8977 = ORIENTED_EDGE('',*,*,#8978,.F.);
#8978 = EDGE_CURVE('',#8979,#8968,#8981,.T.);
#8979 = VERTEX_POINT('',#8980);
#8980 = CARTESIAN_POINT('',(-0.65,111.48789359243,2.));
#8981 = LINE('',#8982,#8983);
#8982 = CARTESIAN_POINT('',(-0.65,86.756053203783,2.));
#8983 = VECTOR('',#8984,1.);
#8984 = DIRECTION('',(0.,-1.,0.));
#8985 = ORIENTED_EDGE('',*,*,#8986,.F.);
#8986 = EDGE_CURVE('',#8987,#8979,#8989,.T.);
#8987 = VERTEX_POINT('',#8988);
#8988 = CARTESIAN_POINT('',(2.312106407565,114.45,2.));
#8989 = CIRCLE('',#8990,5.35);
#8990 = AXIS2_PLACEMENT_3D('',#8991,#8992,#8993);
#8991 = CARTESIAN_POINT('',(-2.65,116.45,2.));
#8992 = DIRECTION('',(0.,0.,-1.));
#8993 = DIRECTION('',(1.,0.,0.));
#8994 = ORIENTED_EDGE('',*,*,#8995,.F.);
#8995 = EDGE_CURVE('',#8996,#8987,#8998,.T.);
#8996 = VERTEX_POINT('',#8997);
#8997 = CARTESIAN_POINT('',(4.233409263872,114.45,2.));
#8998 = LINE('',#8999,#9000);
#8999 = CARTESIAN_POINT('',(1.156053203783,114.45,2.));
#9000 = VECTOR('',#9001,1.);
#9001 = DIRECTION('',(-1.,0.,0.));
#9002 = ORIENTED_EDGE('',*,*,#9003,.F.);
#9003 = EDGE_CURVE('',#9004,#8996,#9006,.T.);
#9004 = VERTEX_POINT('',#9005);
#9005 = CARTESIAN_POINT('',(7.602532457385,107.55,2.));
#9006 = CIRCLE('',#9007,7.35);
#9007 = AXIS2_PLACEMENT_3D('',#9008,#9009,#9010);
#9008 = CARTESIAN_POINT('',(11.55,113.75,2.));
#9009 = DIRECTION('',(0.,0.,-1.));
#9010 = DIRECTION('',(1.,0.,0.));
#9011 = ORIENTED_EDGE('',*,*,#9012,.T.);
#9012 = EDGE_CURVE('',#9004,#8970,#9013,.T.);
#9013 = LINE('',#9014,#9015);
#9014 = CARTESIAN_POINT('',(1.156053203783,107.55,2.));
#9015 = VECTOR('',#9016,1.);
#9016 = DIRECTION('',(-1.,0.,0.));
#9017 = FACE_BOUND('',#9018,.T.);
#9018 = EDGE_LOOP('',(#9019,#9030,#9038,#9047,#9055,#9064,#9072,#9081));
#9019 = ORIENTED_EDGE('',*,*,#9020,.F.);
#9020 = EDGE_CURVE('',#9021,#9023,#9025,.T.);
#9021 = VERTEX_POINT('',#9022);
#9022 = CARTESIAN_POINT('',(-0.65,88.712106407565,2.));
#9023 = VERTEX_POINT('',#9024);
#9024 = CARTESIAN_POINT('',(2.312106407565,85.75,2.));
#9025 = CIRCLE('',#9026,5.35);
#9026 = AXIS2_PLACEMENT_3D('',#9027,#9028,#9029);
#9027 = CARTESIAN_POINT('',(-2.65,83.75,2.));
#9028 = DIRECTION('',(0.,0.,-1.));
#9029 = DIRECTION('',(1.,0.,0.));
#9030 = ORIENTED_EDGE('',*,*,#9031,.F.);
#9031 = EDGE_CURVE('',#9032,#9021,#9034,.T.);
#9032 = VERTEX_POINT('',#9033);
#9033 = CARTESIAN_POINT('',(-0.65,89.687893592435,2.));
#9034 = LINE('',#9035,#9036);
#9035 = CARTESIAN_POINT('',(-0.65,75.856053203783,2.));
#9036 = VECTOR('',#9037,1.);
#9037 = DIRECTION('',(0.,-1.,0.));
#9038 = ORIENTED_EDGE('',*,*,#9039,.F.);
#9039 = EDGE_CURVE('',#9040,#9032,#9042,.T.);
#9040 = VERTEX_POINT('',#9041);
#9041 = CARTESIAN_POINT('',(2.312106407565,92.65,2.));
#9042 = CIRCLE('',#9043,5.35);
#9043 = AXIS2_PLACEMENT_3D('',#9044,#9045,#9046);
#9044 = CARTESIAN_POINT('',(-2.65,94.65,2.));
#9045 = DIRECTION('',(0.,0.,-1.));
#9046 = DIRECTION('',(1.,0.,0.));
#9047 = ORIENTED_EDGE('',*,*,#9048,.F.);
#9048 = EDGE_CURVE('',#9049,#9040,#9051,.T.);
#9049 = VERTEX_POINT('',#9050);
#9050 = CARTESIAN_POINT('',(7.602532457385,92.65,2.));
#9051 = LINE('',#9052,#9053);
#9052 = CARTESIAN_POINT('',(1.156053203783,92.65,2.));
#9053 = VECTOR('',#9054,1.);
#9054 = DIRECTION('',(-1.,0.,0.));
#9055 = ORIENTED_EDGE('',*,*,#9056,.F.);
#9056 = EDGE_CURVE('',#9057,#9049,#9059,.T.);
#9057 = VERTEX_POINT('',#9058);
#9058 = CARTESIAN_POINT('',(8.55,92.140119226096,2.));
#9059 = CIRCLE('',#9060,7.35);
#9060 = AXIS2_PLACEMENT_3D('',#9061,#9062,#9063);
#9061 = CARTESIAN_POINT('',(11.55,98.85,2.));
#9062 = DIRECTION('',(0.,0.,-1.));
#9063 = DIRECTION('',(1.,0.,0.));
#9064 = ORIENTED_EDGE('',*,*,#9065,.F.);
#9065 = EDGE_CURVE('',#9066,#9057,#9068,.T.);
#9066 = VERTEX_POINT('',#9067);
#9067 = CARTESIAN_POINT('',(8.55,90.659880773903,2.));
#9068 = LINE('',#9069,#9070);
#9069 = CARTESIAN_POINT('',(8.55,77.570059613048,2.));
#9070 = VECTOR('',#9071,1.);
#9071 = DIRECTION('',(0.,1.,0.));
#9072 = ORIENTED_EDGE('',*,*,#9073,.F.);
#9073 = EDGE_CURVE('',#9074,#9066,#9076,.T.);
#9074 = VERTEX_POINT('',#9075);
#9075 = CARTESIAN_POINT('',(4.423815887868,85.75,2.));
#9076 = CIRCLE('',#9077,7.35);
#9077 = AXIS2_PLACEMENT_3D('',#9078,#9079,#9080);
#9078 = CARTESIAN_POINT('',(11.55,83.95,2.));
#9079 = DIRECTION('',(0.,0.,-1.));
#9080 = DIRECTION('',(1.,0.,0.));
#9081 = ORIENTED_EDGE('',*,*,#9082,.T.);
#9082 = EDGE_CURVE('',#9074,#9023,#9083,.T.);
#9083 = LINE('',#9084,#9085);
#9084 = CARTESIAN_POINT('',(1.156053203783,85.75,2.));
#9085 = VECTOR('',#9086,1.);
#9086 = DIRECTION('',(-1.,0.,0.));
#9087 = PLANE('',#9088);
#9088 = AXIS2_PLACEMENT_3D('',#9089,#9090,#9091);
#9089 = CARTESIAN_POINT('',(0.,63.,2.));
#9090 = DIRECTION('',(0.,0.,1.));
#9091 = DIRECTION('',(1.,0.,0.));
#9092 = ADVANCED_FACE('',(#9093,#9103),#9161,.T.);
#9093 = FACE_BOUND('',#9094,.T.);
#9094 = EDGE_LOOP('',(#9095,#9096,#9097,#9098,#9099,#9100,#9101,#9102));
#9095 = ORIENTED_EDGE('',*,*,#6285,.F.);
#9096 = ORIENTED_EDGE('',*,*,#6237,.F.);
#9097 = ORIENTED_EDGE('',*,*,#6268,.F.);
#9098 = ORIENTED_EDGE('',*,*,#6316,.F.);
#9099 = ORIENTED_EDGE('',*,*,#6364,.F.);
#9100 = ORIENTED_EDGE('',*,*,#6405,.F.);
#9101 = ORIENTED_EDGE('',*,*,#6381,.F.);
#9102 = ORIENTED_EDGE('',*,*,#6333,.F.);
#9103 = FACE_BOUND('',#9104,.T.);
#9104 = EDGE_LOOP('',(#9105,#9115,#9123,#9131,#9139,#9147,#9155));
#9105 = ORIENTED_EDGE('',*,*,#9106,.F.);
#9106 = EDGE_CURVE('',#9107,#9109,#9111,.T.);
#9107 = VERTEX_POINT('',#9108);
#9108 = CARTESIAN_POINT('',(-9.681345324934,123.10212201591,19.));
#9109 = VERTEX_POINT('',#9110);
#9110 = CARTESIAN_POINT('',(-9.828684515915,123.97310179045,19.));
#9111 = LINE('',#9112,#9113);
#9112 = CARTESIAN_POINT('',(-9.681345324934,123.10212201591,19.));
#9113 = VECTOR('',#9114,1.);
#9114 = DIRECTION('',(-0.166795148029,0.985991571259,0.));
#9115 = ORIENTED_EDGE('',*,*,#9116,.F.);
#9116 = EDGE_CURVE('',#9117,#9107,#9119,.T.);
#9117 = VERTEX_POINT('',#9118);
#9118 = CARTESIAN_POINT('',(-10.13828332228,123.10212201591,19.));
#9119 = LINE('',#9120,#9121);
#9120 = CARTESIAN_POINT('',(-10.13828332228,123.10212201591,19.));
#9121 = VECTOR('',#9122,1.);
#9122 = DIRECTION('',(1.,0.,0.));
#9123 = ORIENTED_EDGE('',*,*,#9124,.F.);
#9124 = EDGE_CURVE('',#9125,#9117,#9127,.T.);
#9125 = VERTEX_POINT('',#9126);
#9126 = CARTESIAN_POINT('',(-9.989079078249,123.97310179045,19.));
#9127 = LINE('',#9128,#9129);
#9128 = CARTESIAN_POINT('',(-9.989079078249,123.97310179045,19.));
#9129 = VECTOR('',#9130,1.);
#9130 = DIRECTION('',(-0.168846652283,-0.985642332701,0.));
#9131 = ORIENTED_EDGE('',*,*,#9132,.F.);
#9132 = EDGE_CURVE('',#9133,#9125,#9135,.T.);
#9133 = VERTEX_POINT('',#9134);
#9134 = CARTESIAN_POINT('',(-9.972293600796,124.07940981432,19.));
#9135 = B_SPLINE_CURVE_WITH_KNOTS('',2,(#9136,#9137,#9138),
  .UNSPECIFIED.,.F.,.F.,(3,3),(0.,1.),.PIECEWISE_BEZIER_KNOTS.);
#9136 = CARTESIAN_POINT('',(-9.972293600796,124.07940981432,19.));
#9137 = CARTESIAN_POINT('',(-9.981618866048,124.02718832891,19.));
#9138 = CARTESIAN_POINT('',(-9.989079078249,123.97310179045,19.));
#9139 = ORIENTED_EDGE('',*,*,#9140,.F.);
#9140 = EDGE_CURVE('',#9141,#9133,#9143,.T.);
#9141 = VERTEX_POINT('',#9142);
#9142 = CARTESIAN_POINT('',(-9.918207062334,124.51956233421,19.));
#9143 = B_SPLINE_CURVE_WITH_KNOTS('',2,(#9144,#9145,#9146),
  .UNSPECIFIED.,.F.,.F.,(3,3),(0.,1.),.PIECEWISE_BEZIER_KNOTS.);
#9144 = CARTESIAN_POINT('',(-9.918207062334,124.51956233421,19.));
#9145 = CARTESIAN_POINT('',(-9.942452751989,124.26405006631,19.));
#9146 = CARTESIAN_POINT('',(-9.972293600796,124.07940981432,19.));
#9147 = ORIENTED_EDGE('',*,*,#9148,.F.);
#9148 = EDGE_CURVE('',#9149,#9141,#9151,.T.);
#9149 = VERTEX_POINT('',#9150);
#9150 = CARTESIAN_POINT('',(-9.901421584881,124.51956233421,19.));
#9151 = LINE('',#9152,#9153);
#9152 = CARTESIAN_POINT('',(-9.901421584881,124.51956233421,19.));
#9153 = VECTOR('',#9154,1.);
#9154 = DIRECTION('',(-1.,0.,0.));
#9155 = ORIENTED_EDGE('',*,*,#9156,.F.);
#9156 = EDGE_CURVE('',#9109,#9149,#9157,.T.);
#9157 = B_SPLINE_CURVE_WITH_KNOTS('',2,(#9158,#9159,#9160),
  .UNSPECIFIED.,.F.,.F.,(3,3),(0.,1.),.PIECEWISE_BEZIER_KNOTS.);
#9158 = CARTESIAN_POINT('',(-9.828684515915,123.97310179045,19.));
#9159 = CARTESIAN_POINT('',(-9.879040948276,124.26218501326,19.));
#9160 = CARTESIAN_POINT('',(-9.901421584881,124.51956233421,19.));
#9161 = PLANE('',#9162);
#9162 = AXIS2_PLACEMENT_3D('',#9163,#9164,#9165);
#9163 = CARTESIAN_POINT('',(-9.909719781812,123.28706868841,19.));
#9164 = DIRECTION('',(0.,0.,1.));
#9165 = DIRECTION('',(1.,0.,0.));
#9166 = ADVANCED_FACE('',(#9167,#9177),#9235,.T.);
#9167 = FACE_BOUND('',#9168,.T.);
#9168 = EDGE_LOOP('',(#9169,#9170,#9171,#9172,#9173,#9174,#9175,#9176));
#9169 = ORIENTED_EDGE('',*,*,#6477,.F.);
#9170 = ORIENTED_EDGE('',*,*,#6429,.F.);
#9171 = ORIENTED_EDGE('',*,*,#6460,.F.);
#9172 = ORIENTED_EDGE('',*,*,#6508,.F.);
#9173 = ORIENTED_EDGE('',*,*,#6556,.F.);
#9174 = ORIENTED_EDGE('',*,*,#6597,.F.);
#9175 = ORIENTED_EDGE('',*,*,#6573,.F.);
#9176 = ORIENTED_EDGE('',*,*,#6525,.F.);
#9177 = FACE_BOUND('',#9178,.T.);
#9178 = EDGE_LOOP('',(#9179,#9189,#9197,#9205,#9213,#9221,#9229));
#9179 = ORIENTED_EDGE('',*,*,#9180,.F.);
#9180 = EDGE_CURVE('',#9181,#9183,#9185,.T.);
#9181 = VERTEX_POINT('',#9182);
#9182 = CARTESIAN_POINT('',(-7.771531001326,123.10212201591,19.));
#9183 = VERTEX_POINT('',#9184);
#9184 = CARTESIAN_POINT('',(-7.918870192308,123.97310179045,19.));
#9185 = LINE('',#9186,#9187);
#9186 = CARTESIAN_POINT('',(-7.771531001326,123.10212201591,19.));
#9187 = VECTOR('',#9188,1.);
#9188 = DIRECTION('',(-0.166795148029,0.985991571259,0.));
#9189 = ORIENTED_EDGE('',*,*,#9190,.F.);
#9190 = EDGE_CURVE('',#9191,#9181,#9193,.T.);
#9191 = VERTEX_POINT('',#9192);
#9192 = CARTESIAN_POINT('',(-8.228468998674,123.10212201591,19.));
#9193 = LINE('',#9194,#9195);
#9194 = CARTESIAN_POINT('',(-8.228468998674,123.10212201591,19.));
#9195 = VECTOR('',#9196,1.);
#9196 = DIRECTION('',(1.,0.,0.));
#9197 = ORIENTED_EDGE('',*,*,#9198,.F.);
#9198 = EDGE_CURVE('',#9199,#9191,#9201,.T.);
#9199 = VERTEX_POINT('',#9200);
#9200 = CARTESIAN_POINT('',(-8.079264754642,123.97310179045,19.));
#9201 = LINE('',#9202,#9203);
#9202 = CARTESIAN_POINT('',(-8.079264754642,123.97310179045,19.));
#9203 = VECTOR('',#9204,1.);
#9204 = DIRECTION('',(-0.168846652283,-0.985642332701,0.));
#9205 = ORIENTED_EDGE('',*,*,#9206,.F.);
#9206 = EDGE_CURVE('',#9207,#9199,#9209,.T.);
#9207 = VERTEX_POINT('',#9208);
#9208 = CARTESIAN_POINT('',(-8.062479277188,124.07940981432,19.));
#9209 = B_SPLINE_CURVE_WITH_KNOTS('',2,(#9210,#9211,#9212),
  .UNSPECIFIED.,.F.,.F.,(3,3),(0.,1.),.PIECEWISE_BEZIER_KNOTS.);
#9210 = CARTESIAN_POINT('',(-8.062479277188,124.07940981432,19.));
#9211 = CARTESIAN_POINT('',(-8.07180454244,124.02718832891,19.));
#9212 = CARTESIAN_POINT('',(-8.079264754642,123.97310179045,19.));
#9213 = ORIENTED_EDGE('',*,*,#9214,.F.);
#9214 = EDGE_CURVE('',#9215,#9207,#9217,.T.);
#9215 = VERTEX_POINT('',#9216);
#9216 = CARTESIAN_POINT('',(-8.008392738727,124.51956233421,19.));
#9217 = B_SPLINE_CURVE_WITH_KNOTS('',2,(#9218,#9219,#9220),
  .UNSPECIFIED.,.F.,.F.,(3,3),(0.,1.),.PIECEWISE_BEZIER_KNOTS.);
#9218 = CARTESIAN_POINT('',(-8.008392738727,124.51956233421,19.));
#9219 = CARTESIAN_POINT('',(-8.032638428382,124.26405006631,19.));
#9220 = CARTESIAN_POINT('',(-8.062479277188,124.07940981432,19.));
#9221 = ORIENTED_EDGE('',*,*,#9222,.F.);
#9222 = EDGE_CURVE('',#9223,#9215,#9225,.T.);
#9223 = VERTEX_POINT('',#9224);
#9224 = CARTESIAN_POINT('',(-7.991607261273,124.51956233421,19.));
#9225 = LINE('',#9226,#9227);
#9226 = CARTESIAN_POINT('',(-7.991607261273,124.51956233421,19.));
#9227 = VECTOR('',#9228,1.);
#9228 = DIRECTION('',(-1.,0.,0.));
#9229 = ORIENTED_EDGE('',*,*,#9230,.F.);
#9230 = EDGE_CURVE('',#9183,#9223,#9231,.T.);
#9231 = B_SPLINE_CURVE_WITH_KNOTS('',2,(#9232,#9233,#9234),
  .UNSPECIFIED.,.F.,.F.,(3,3),(0.,1.),.PIECEWISE_BEZIER_KNOTS.);
#9232 = CARTESIAN_POINT('',(-7.918870192308,123.97310179045,19.));
#9233 = CARTESIAN_POINT('',(-7.969226624668,124.26218501326,19.));
#9234 = CARTESIAN_POINT('',(-7.991607261273,124.51956233421,19.));
#9235 = PLANE('',#9236);
#9236 = AXIS2_PLACEMENT_3D('',#9237,#9238,#9239);
#9237 = CARTESIAN_POINT('',(-7.999905458205,123.28706868841,19.));
#9238 = DIRECTION('',(0.,0.,1.));
#9239 = DIRECTION('',(1.,0.,0.));
#9240 = ADVANCED_FACE('',(#9241,#9251),#9309,.T.);
#9241 = FACE_BOUND('',#9242,.T.);
#9242 = EDGE_LOOP('',(#9243,#9244,#9245,#9246,#9247,#9248,#9249,#9250));
#9243 = ORIENTED_EDGE('',*,*,#6669,.F.);
#9244 = ORIENTED_EDGE('',*,*,#6621,.F.);
#9245 = ORIENTED_EDGE('',*,*,#6652,.F.);
#9246 = ORIENTED_EDGE('',*,*,#6700,.F.);
#9247 = ORIENTED_EDGE('',*,*,#6748,.F.);
#9248 = ORIENTED_EDGE('',*,*,#6789,.F.);
#9249 = ORIENTED_EDGE('',*,*,#6765,.F.);
#9250 = ORIENTED_EDGE('',*,*,#6717,.F.);
#9251 = FACE_BOUND('',#9252,.T.);
#9252 = EDGE_LOOP('',(#9253,#9263,#9271,#9279,#9287,#9295,#9303));
#9253 = ORIENTED_EDGE('',*,*,#9254,.F.);
#9254 = EDGE_CURVE('',#9255,#9257,#9259,.T.);
#9255 = VERTEX_POINT('',#9256);
#9256 = CARTESIAN_POINT('',(-5.861716677719,123.10212201591,19.));
#9257 = VERTEX_POINT('',#9258);
#9258 = CARTESIAN_POINT('',(-6.0090558687,123.97310179045,19.));
#9259 = LINE('',#9260,#9261);
#9260 = CARTESIAN_POINT('',(-5.861716677719,123.10212201591,19.));
#9261 = VECTOR('',#9262,1.);
#9262 = DIRECTION('',(-0.166795148029,0.985991571259,0.));
#9263 = ORIENTED_EDGE('',*,*,#9264,.F.);
#9264 = EDGE_CURVE('',#9265,#9255,#9267,.T.);
#9265 = VERTEX_POINT('',#9266);
#9266 = CARTESIAN_POINT('',(-6.318654675066,123.10212201591,19.));
#9267 = LINE('',#9268,#9269);
#9268 = CARTESIAN_POINT('',(-6.318654675066,123.10212201591,19.));
#9269 = VECTOR('',#9270,1.);
#9270 = DIRECTION('',(1.,0.,0.));
#9271 = ORIENTED_EDGE('',*,*,#9272,.F.);
#9272 = EDGE_CURVE('',#9273,#9265,#9275,.T.);
#9273 = VERTEX_POINT('',#9274);
#9274 = CARTESIAN_POINT('',(-6.169450431034,123.97310179045,19.));
#9275 = LINE('',#9276,#9277);
#9276 = CARTESIAN_POINT('',(-6.169450431034,123.97310179045,19.));
#9277 = VECTOR('',#9278,1.);
#9278 = DIRECTION('',(-0.168846652283,-0.985642332701,0.));
#9279 = ORIENTED_EDGE('',*,*,#9280,.F.);
#9280 = EDGE_CURVE('',#9281,#9273,#9283,.T.);
#9281 = VERTEX_POINT('',#9282);
#9282 = CARTESIAN_POINT('',(-6.152664953581,124.07940981432,19.));
#9283 = B_SPLINE_CURVE_WITH_KNOTS('',2,(#9284,#9285,#9286),
  .UNSPECIFIED.,.F.,.F.,(3,3),(0.,1.),.PIECEWISE_BEZIER_KNOTS.);
#9284 = CARTESIAN_POINT('',(-6.152664953581,124.07940981432,19.));
#9285 = CARTESIAN_POINT('',(-6.161990218833,124.02718832891,19.));
#9286 = CARTESIAN_POINT('',(-6.169450431034,123.97310179045,19.));
#9287 = ORIENTED_EDGE('',*,*,#9288,.F.);
#9288 = EDGE_CURVE('',#9289,#9281,#9291,.T.);
#9289 = VERTEX_POINT('',#9290);
#9290 = CARTESIAN_POINT('',(-6.098578415119,124.51956233421,19.));
#9291 = B_SPLINE_CURVE_WITH_KNOTS('',2,(#9292,#9293,#9294),
  .UNSPECIFIED.,.F.,.F.,(3,3),(0.,1.),.PIECEWISE_BEZIER_KNOTS.);
#9292 = CARTESIAN_POINT('',(-6.098578415119,124.51956233421,19.));
#9293 = CARTESIAN_POINT('',(-6.122824104775,124.26405006631,19.));
#9294 = CARTESIAN_POINT('',(-6.152664953581,124.07940981432,19.));
#9295 = ORIENTED_EDGE('',*,*,#9296,.F.);
#9296 = EDGE_CURVE('',#9297,#9289,#9299,.T.);
#9297 = VERTEX_POINT('',#9298);
#9298 = CARTESIAN_POINT('',(-6.081792937666,124.51956233421,19.));
#9299 = LINE('',#9300,#9301);
#9300 = CARTESIAN_POINT('',(-6.081792937666,124.51956233421,19.));
#9301 = VECTOR('',#9302,1.);
#9302 = DIRECTION('',(-1.,0.,0.));
#9303 = ORIENTED_EDGE('',*,*,#9304,.F.);
#9304 = EDGE_CURVE('',#9257,#9297,#9305,.T.);
#9305 = B_SPLINE_CURVE_WITH_KNOTS('',2,(#9306,#9307,#9308),
  .UNSPECIFIED.,.F.,.F.,(3,3),(0.,1.),.PIECEWISE_BEZIER_KNOTS.);
#9306 = CARTESIAN_POINT('',(-6.0090558687,123.97310179045,19.));
#9307 = CARTESIAN_POINT('',(-6.059412301061,124.26218501326,19.));
#9308 = CARTESIAN_POINT('',(-6.081792937666,124.51956233421,19.));
#9309 = PLANE('',#9310);
#9310 = AXIS2_PLACEMENT_3D('',#9311,#9312,#9313);
#9311 = CARTESIAN_POINT('',(-6.090091134598,123.28706868841,19.));
#9312 = DIRECTION('',(0.,0.,1.));
#9313 = DIRECTION('',(1.,0.,0.));
#9314 = ADVANCED_FACE('',(#9315,#9325),#9383,.T.);
#9315 = FACE_BOUND('',#9316,.T.);
#9316 = EDGE_LOOP('',(#9317,#9318,#9319,#9320,#9321,#9322,#9323,#9324));
#9317 = ORIENTED_EDGE('',*,*,#6981,.F.);
#9318 = ORIENTED_EDGE('',*,*,#6813,.F.);
#9319 = ORIENTED_EDGE('',*,*,#6844,.F.);
#9320 = ORIENTED_EDGE('',*,*,#6868,.F.);
#9321 = ORIENTED_EDGE('',*,*,#6892,.F.);
#9322 = ORIENTED_EDGE('',*,*,#6916,.F.);
#9323 = ORIENTED_EDGE('',*,*,#6940,.F.);
#9324 = ORIENTED_EDGE('',*,*,#6964,.F.);
#9325 = FACE_BOUND('',#9326,.T.);
#9326 = EDGE_LOOP('',(#9327,#9337,#9345,#9353,#9361,#9369,#9377));
#9327 = ORIENTED_EDGE('',*,*,#9328,.F.);
#9328 = EDGE_CURVE('',#9329,#9331,#9333,.T.);
#9329 = VERTEX_POINT('',#9330);
#9330 = CARTESIAN_POINT('',(10.648872779045,123.10212201591,19.));
#9331 = VERTEX_POINT('',#9332);
#9332 = CARTESIAN_POINT('',(10.501533588064,123.97310179045,19.));
#9333 = LINE('',#9334,#9335);
#9334 = CARTESIAN_POINT('',(10.648872779045,123.10212201591,19.));
#9335 = VECTOR('',#9336,1.);
#9336 = DIRECTION('',(-0.166795148029,0.985991571259,0.));
#9337 = ORIENTED_EDGE('',*,*,#9338,.F.);
#9338 = EDGE_CURVE('',#9339,#9329,#9341,.T.);
#9339 = VERTEX_POINT('',#9340);
#9340 = CARTESIAN_POINT('',(10.191934781698,123.10212201591,19.));
#9341 = LINE('',#9342,#9343);
#9342 = CARTESIAN_POINT('',(10.191934781698,123.10212201591,19.));
#9343 = VECTOR('',#9344,1.);
#9344 = DIRECTION('',(1.,0.,0.));
#9345 = ORIENTED_EDGE('',*,*,#9346,.F.);
#9346 = EDGE_CURVE('',#9347,#9339,#9349,.T.);
#9347 = VERTEX_POINT('',#9348);
#9348 = CARTESIAN_POINT('',(10.341139025729,123.97310179045,19.));
#9349 = LINE('',#9350,#9351);
#9350 = CARTESIAN_POINT('',(10.341139025729,123.97310179045,19.));
#9351 = VECTOR('',#9352,1.);
#9352 = DIRECTION('',(-0.168846652283,-0.985642332701,0.));
#9353 = ORIENTED_EDGE('',*,*,#9354,.F.);
#9354 = EDGE_CURVE('',#9355,#9347,#9357,.T.);
#9355 = VERTEX_POINT('',#9356);
#9356 = CARTESIAN_POINT('',(10.357924503183,124.07940981432,19.));
#9357 = B_SPLINE_CURVE_WITH_KNOTS('',2,(#9358,#9359,#9360),
  .UNSPECIFIED.,.F.,.F.,(3,3),(0.,1.),.PIECEWISE_BEZIER_KNOTS.);
#9358 = CARTESIAN_POINT('',(10.357924503183,124.07940981432,19.));
#9359 = CARTESIAN_POINT('',(10.348599237931,124.02718832891,19.));
#9360 = CARTESIAN_POINT('',(10.341139025729,123.97310179045,19.));
#9361 = ORIENTED_EDGE('',*,*,#9362,.F.);
#9362 = EDGE_CURVE('',#9363,#9355,#9365,.T.);
#9363 = VERTEX_POINT('',#9364);
#9364 = CARTESIAN_POINT('',(10.412011041645,124.51956233421,19.));
#9365 = B_SPLINE_CURVE_WITH_KNOTS('',2,(#9366,#9367,#9368),
  .UNSPECIFIED.,.F.,.F.,(3,3),(0.,1.),.PIECEWISE_BEZIER_KNOTS.);
#9366 = CARTESIAN_POINT('',(10.412011041645,124.51956233421,19.));
#9367 = CARTESIAN_POINT('',(10.387765351989,124.26405006631,19.));
#9368 = CARTESIAN_POINT('',(10.357924503183,124.07940981432,19.));
#9369 = ORIENTED_EDGE('',*,*,#9370,.F.);
#9370 = EDGE_CURVE('',#9371,#9363,#9373,.T.);
#9371 = VERTEX_POINT('',#9372);
#9372 = CARTESIAN_POINT('',(10.428796519098,124.51956233421,19.));
#9373 = LINE('',#9374,#9375);
#9374 = CARTESIAN_POINT('',(10.428796519098,124.51956233421,19.));
#9375 = VECTOR('',#9376,1.);
#9376 = DIRECTION('',(-1.,0.,0.));
#9377 = ORIENTED_EDGE('',*,*,#9378,.F.);
#9378 = EDGE_CURVE('',#9331,#9371,#9379,.T.);
#9379 = B_SPLINE_CURVE_WITH_KNOTS('',2,(#9380,#9381,#9382),
  .UNSPECIFIED.,.F.,.F.,(3,3),(0.,1.),.PIECEWISE_BEZIER_KNOTS.);
#9380 = CARTESIAN_POINT('',(10.501533588064,123.97310179045,19.));
#9381 = CARTESIAN_POINT('',(10.451177155703,124.26218501326,19.));
#9382 = CARTESIAN_POINT('',(10.428796519098,124.51956233421,19.));
#9383 = PLANE('',#9384);
#9384 = AXIS2_PLACEMENT_3D('',#9385,#9386,#9387);
#9385 = CARTESIAN_POINT('',(10.420498322166,123.28706868841,19.));
#9386 = DIRECTION('',(0.,0.,1.));
#9387 = DIRECTION('',(1.,0.,0.));
#9388 = ADVANCED_FACE('',(#9389,#9399),#9457,.T.);
#9389 = FACE_BOUND('',#9390,.T.);
#9390 = EDGE_LOOP('',(#9391,#9392,#9393,#9394,#9395,#9396,#9397,#9398));
#9391 = ORIENTED_EDGE('',*,*,#7173,.F.);
#9392 = ORIENTED_EDGE('',*,*,#7005,.F.);
#9393 = ORIENTED_EDGE('',*,*,#7036,.F.);
#9394 = ORIENTED_EDGE('',*,*,#7060,.F.);
#9395 = ORIENTED_EDGE('',*,*,#7084,.F.);
#9396 = ORIENTED_EDGE('',*,*,#7108,.F.);
#9397 = ORIENTED_EDGE('',*,*,#7132,.F.);
#9398 = ORIENTED_EDGE('',*,*,#7156,.F.);
#9399 = FACE_BOUND('',#9400,.T.);
#9400 = EDGE_LOOP('',(#9401,#9411,#9419,#9427,#9435,#9443,#9451));
#9401 = ORIENTED_EDGE('',*,*,#9402,.F.);
#9402 = EDGE_CURVE('',#9403,#9405,#9407,.T.);
#9403 = VERTEX_POINT('',#9404);
#9404 = CARTESIAN_POINT('',(12.558687102653,123.10212201591,19.));
#9405 = VERTEX_POINT('',#9406);
#9406 = CARTESIAN_POINT('',(12.411347911671,123.97310179045,19.));
#9407 = LINE('',#9408,#9409);
#9408 = CARTESIAN_POINT('',(12.558687102653,123.10212201591,19.));
#9409 = VECTOR('',#9410,1.);
#9410 = DIRECTION('',(-0.166795148029,0.985991571259,0.));
#9411 = ORIENTED_EDGE('',*,*,#9412,.F.);
#9412 = EDGE_CURVE('',#9413,#9403,#9415,.T.);
#9413 = VERTEX_POINT('',#9414);
#9414 = CARTESIAN_POINT('',(12.101749105305,123.10212201591,19.));
#9415 = LINE('',#9416,#9417);
#9416 = CARTESIAN_POINT('',(12.101749105305,123.10212201591,19.));
#9417 = VECTOR('',#9418,1.);
#9418 = DIRECTION('',(1.,0.,0.));
#9419 = ORIENTED_EDGE('',*,*,#9420,.F.);
#9420 = EDGE_CURVE('',#9421,#9413,#9423,.T.);
#9421 = VERTEX_POINT('',#9422);
#9422 = CARTESIAN_POINT('',(12.250953349337,123.97310179045,19.));
#9423 = LINE('',#9424,#9425);
#9424 = CARTESIAN_POINT('',(12.250953349337,123.97310179045,19.));
#9425 = VECTOR('',#9426,1.);
#9426 = DIRECTION('',(-0.168846652283,-0.985642332701,0.));
#9427 = ORIENTED_EDGE('',*,*,#9428,.F.);
#9428 = EDGE_CURVE('',#9429,#9421,#9431,.T.);
#9429 = VERTEX_POINT('',#9430);
#9430 = CARTESIAN_POINT('',(12.26773882679,124.07940981432,19.));
#9431 = B_SPLINE_CURVE_WITH_KNOTS('',2,(#9432,#9433,#9434),
  .UNSPECIFIED.,.F.,.F.,(3,3),(0.,1.),.PIECEWISE_BEZIER_KNOTS.);
#9432 = CARTESIAN_POINT('',(12.26773882679,124.07940981432,19.));
#9433 = CARTESIAN_POINT('',(12.258413561538,124.02718832891,19.));
#9434 = CARTESIAN_POINT('',(12.250953349337,123.97310179045,19.));
#9435 = ORIENTED_EDGE('',*,*,#9436,.F.);
#9436 = EDGE_CURVE('',#9437,#9429,#9439,.T.);
#9437 = VERTEX_POINT('',#9438);
#9438 = CARTESIAN_POINT('',(12.321825365252,124.51956233421,19.));
#9439 = B_SPLINE_CURVE_WITH_KNOTS('',2,(#9440,#9441,#9442),
  .UNSPECIFIED.,.F.,.F.,(3,3),(0.,1.),.PIECEWISE_BEZIER_KNOTS.);
#9440 = CARTESIAN_POINT('',(12.321825365252,124.51956233421,19.));
#9441 = CARTESIAN_POINT('',(12.297579675597,124.26405006631,19.));
#9442 = CARTESIAN_POINT('',(12.26773882679,124.07940981432,19.));
#9443 = ORIENTED_EDGE('',*,*,#9444,.F.);
#9444 = EDGE_CURVE('',#9445,#9437,#9447,.T.);
#9445 = VERTEX_POINT('',#9446);
#9446 = CARTESIAN_POINT('',(12.338610842706,124.51956233421,19.));
#9447 = LINE('',#9448,#9449);
#9448 = CARTESIAN_POINT('',(12.338610842706,124.51956233421,19.));
#9449 = VECTOR('',#9450,1.);
#9450 = DIRECTION('',(-1.,0.,0.));
#9451 = ORIENTED_EDGE('',*,*,#9452,.F.);
#9452 = EDGE_CURVE('',#9405,#9445,#9453,.T.);
#9453 = B_SPLINE_CURVE_WITH_KNOTS('',2,(#9454,#9455,#9456),
  .UNSPECIFIED.,.F.,.F.,(3,3),(0.,1.),.PIECEWISE_BEZIER_KNOTS.);
#9454 = CARTESIAN_POINT('',(12.411347911671,123.97310179045,19.));
#9455 = CARTESIAN_POINT('',(12.36099147931,124.26218501326,19.));
#9456 = CARTESIAN_POINT('',(12.338610842706,124.51956233421,19.));
#9457 = PLANE('',#9458);
#9458 = AXIS2_PLACEMENT_3D('',#9459,#9460,#9461);
#9459 = CARTESIAN_POINT('',(12.330312645774,123.28706868841,19.));
#9460 = DIRECTION('',(0.,0.,1.));
#9461 = DIRECTION('',(1.,0.,0.));
#9462 = ADVANCED_FACE('',(#9463),#9469,.F.);
#9463 = FACE_BOUND('',#9464,.F.);
#9464 = EDGE_LOOP('',(#9465,#9466,#9467,#9468));
#9465 = ORIENTED_EDGE('',*,*,#7206,.T.);
#9466 = ORIENTED_EDGE('',*,*,#7286,.T.);
#9467 = ORIENTED_EDGE('',*,*,#7335,.T.);
#9468 = ORIENTED_EDGE('',*,*,#7262,.T.);
#9469 = PLANE('',#9470);
#9470 = AXIS2_PLACEMENT_3D('',#9471,#9472,#9473);
#9471 = CARTESIAN_POINT('',(3.16E-15,21.,-4.5));
#9472 = DIRECTION('',(0.,0.,1.));
#9473 = DIRECTION('',(1.,0.,0.));
#9474 = ADVANCED_FACE('',(#9475),#9481,.F.);
#9475 = FACE_BOUND('',#9476,.F.);
#9476 = EDGE_LOOP('',(#9477,#9478,#9479,#9480));
#9477 = ORIENTED_EDGE('',*,*,#7366,.T.);
#9478 = ORIENTED_EDGE('',*,*,#7446,.T.);
#9479 = ORIENTED_EDGE('',*,*,#7495,.T.);
#9480 = ORIENTED_EDGE('',*,*,#7422,.T.);
#9481 = PLANE('',#9482);
#9482 = AXIS2_PLACEMENT_3D('',#9483,#9484,#9485);
#9483 = CARTESIAN_POINT('',(8.16E-15,63.,-4.5));
#9484 = DIRECTION('',(0.,0.,1.));
#9485 = DIRECTION('',(1.,0.,0.));
#9486 = ADVANCED_FACE('',(#9487),#9493,.F.);
#9487 = FACE_BOUND('',#9488,.F.);
#9488 = EDGE_LOOP('',(#9489,#9490,#9491,#9492));
#9489 = ORIENTED_EDGE('',*,*,#7526,.T.);
#9490 = ORIENTED_EDGE('',*,*,#7606,.T.);
#9491 = ORIENTED_EDGE('',*,*,#7655,.T.);
#9492 = ORIENTED_EDGE('',*,*,#7582,.T.);
#9493 = PLANE('',#9494);
#9494 = AXIS2_PLACEMENT_3D('',#9495,#9496,#9497);
#9495 = CARTESIAN_POINT('',(1.216E-14,105.,-4.5));
#9496 = DIRECTION('',(0.,0.,1.));
#9497 = DIRECTION('',(1.,0.,0.));
#9498 = ADVANCED_FACE('',(#9499),#9525,.F.);
#9499 = FACE_BOUND('',#9500,.T.);
#9500 = EDGE_LOOP('',(#9501,#9502,#9510,#9519));
#9501 = ORIENTED_EDGE('',*,*,#7801,.T.);
#9502 = ORIENTED_EDGE('',*,*,#9503,.T.);
#9503 = EDGE_CURVE('',#7804,#9504,#9506,.T.);
#9504 = VERTEX_POINT('',#9505);
#9505 = CARTESIAN_POINT('',(-11.55,13.387893592435,21.));
#9506 = LINE('',#9507,#9508);
#9507 = CARTESIAN_POINT('',(-11.55,13.387893592435,0.));
#9508 = VECTOR('',#9509,1.);
#9509 = DIRECTION('',(0.,0.,1.));
#9510 = ORIENTED_EDGE('',*,*,#9511,.F.);
#9511 = EDGE_CURVE('',#9512,#9504,#9514,.T.);
#9512 = VERTEX_POINT('',#9513);
#9513 = CARTESIAN_POINT('',(-8.587893592435,16.35,21.));
#9514 = CIRCLE('',#9515,5.35);
#9515 = AXIS2_PLACEMENT_3D('',#9516,#9517,#9518);
#9516 = CARTESIAN_POINT('',(-13.55,18.35,21.));
#9517 = DIRECTION('',(0.,0.,-1.));
#9518 = DIRECTION('',(1.,0.,0.));
#9519 = ORIENTED_EDGE('',*,*,#9520,.F.);
#9520 = EDGE_CURVE('',#7802,#9512,#9521,.T.);
#9521 = LINE('',#9522,#9523);
#9522 = CARTESIAN_POINT('',(-8.587893592435,16.35,0.));
#9523 = VECTOR('',#9524,1.);
#9524 = DIRECTION('',(0.,0.,1.));
#9525 = CYLINDRICAL_SURFACE('',#9526,5.35);
#9526 = AXIS2_PLACEMENT_3D('',#9527,#9528,#9529);
#9527 = CARTESIAN_POINT('',(-13.55,18.35,0.));
#9528 = DIRECTION('',(-0.,-0.,-1.));
#9529 = DIRECTION('',(1.,0.,0.));
#9530 = ADVANCED_FACE('',(#9531),#9549,.F.);
#9531 = FACE_BOUND('',#9532,.F.);
#9532 = EDGE_LOOP('',(#9533,#9534,#9535,#9543));
#9533 = ORIENTED_EDGE('',*,*,#7863,.T.);
#9534 = ORIENTED_EDGE('',*,*,#9503,.T.);
#9535 = ORIENTED_EDGE('',*,*,#9536,.T.);
#9536 = EDGE_CURVE('',#9504,#9537,#9539,.T.);
#9537 = VERTEX_POINT('',#9538);
#9538 = CARTESIAN_POINT('',(-11.55,12.412106407565,21.));
#9539 = LINE('',#9540,#9541);
#9540 = CARTESIAN_POINT('',(-11.55,38.193946796217,21.));
#9541 = VECTOR('',#9542,1.);
#9542 = DIRECTION('',(0.,-1.,0.));
#9543 = ORIENTED_EDGE('',*,*,#9544,.F.);
#9544 = EDGE_CURVE('',#7855,#9537,#9545,.T.);
#9545 = LINE('',#9546,#9547);
#9546 = CARTESIAN_POINT('',(-11.55,12.412106407565,0.));
#9547 = VECTOR('',#9548,1.);
#9548 = DIRECTION('',(0.,0.,1.));
#9549 = PLANE('',#9550);
#9550 = AXIS2_PLACEMENT_3D('',#9551,#9552,#9553);
#9551 = CARTESIAN_POINT('',(-11.55,13.387893592435,0.));
#9552 = DIRECTION('',(1.,0.,0.));
#9553 = DIRECTION('',(0.,-1.,0.));
#9554 = ADVANCED_FACE('',(#9555),#9574,.F.);
#9555 = FACE_BOUND('',#9556,.T.);
#9556 = EDGE_LOOP('',(#9557,#9558,#9566,#9573));
#9557 = ORIENTED_EDGE('',*,*,#7854,.T.);
#9558 = ORIENTED_EDGE('',*,*,#9559,.T.);
#9559 = EDGE_CURVE('',#7847,#9560,#9562,.T.);
#9560 = VERTEX_POINT('',#9561);
#9561 = CARTESIAN_POINT('',(-8.587893592435,9.45,21.));
#9562 = LINE('',#9563,#9564);
#9563 = CARTESIAN_POINT('',(-8.587893592435,9.45,0.));
#9564 = VECTOR('',#9565,1.);
#9565 = DIRECTION('',(0.,0.,1.));
#9566 = ORIENTED_EDGE('',*,*,#9567,.F.);
#9567 = EDGE_CURVE('',#9537,#9560,#9568,.T.);
#9568 = CIRCLE('',#9569,5.35);
#9569 = AXIS2_PLACEMENT_3D('',#9570,#9571,#9572);
#9570 = CARTESIAN_POINT('',(-13.55,7.45,21.));
#9571 = DIRECTION('',(0.,0.,-1.));
#9572 = DIRECTION('',(1.,0.,0.));
#9573 = ORIENTED_EDGE('',*,*,#9544,.F.);
#9574 = CYLINDRICAL_SURFACE('',#9575,5.35);
#9575 = AXIS2_PLACEMENT_3D('',#9576,#9577,#9578);
#9576 = CARTESIAN_POINT('',(-13.55,7.45,0.));
#9577 = DIRECTION('',(-0.,-0.,-1.));
#9578 = DIRECTION('',(1.,0.,0.));
#9579 = ADVANCED_FACE('',(#9580),#9598,.F.);
#9580 = FACE_BOUND('',#9581,.F.);
#9581 = EDGE_LOOP('',(#9582,#9583,#9584,#9592));
#9582 = ORIENTED_EDGE('',*,*,#7846,.T.);
#9583 = ORIENTED_EDGE('',*,*,#9559,.T.);
#9584 = ORIENTED_EDGE('',*,*,#9585,.T.);
#9585 = EDGE_CURVE('',#9560,#9586,#9588,.T.);
#9586 = VERTEX_POINT('',#9587);
#9587 = CARTESIAN_POINT('',(-7.612106407565,9.45,21.));
#9588 = LINE('',#9589,#9590);
#9589 = CARTESIAN_POINT('',(-4.293946796217,9.45,21.));
#9590 = VECTOR('',#9591,1.);
#9591 = DIRECTION('',(1.,0.,0.));
#9592 = ORIENTED_EDGE('',*,*,#9593,.F.);
#9593 = EDGE_CURVE('',#7838,#9586,#9594,.T.);
#9594 = LINE('',#9595,#9596);
#9595 = CARTESIAN_POINT('',(-7.612106407565,9.45,0.));
#9596 = VECTOR('',#9597,1.);
#9597 = DIRECTION('',(0.,0.,1.));
#9598 = PLANE('',#9599);
#9599 = AXIS2_PLACEMENT_3D('',#9600,#9601,#9602);
#9600 = CARTESIAN_POINT('',(-8.587893592435,9.45,0.));
#9601 = DIRECTION('',(0.,1.,0.));
#9602 = DIRECTION('',(1.,0.,0.));
#9603 = ADVANCED_FACE('',(#9604),#9623,.F.);
#9604 = FACE_BOUND('',#9605,.T.);
#9605 = EDGE_LOOP('',(#9606,#9607,#9615,#9622));
#9606 = ORIENTED_EDGE('',*,*,#7837,.T.);
#9607 = ORIENTED_EDGE('',*,*,#9608,.T.);
#9608 = EDGE_CURVE('',#7830,#9609,#9611,.T.);
#9609 = VERTEX_POINT('',#9610);
#9610 = CARTESIAN_POINT('',(-4.65,12.412106407565,21.));
#9611 = LINE('',#9612,#9613);
#9612 = CARTESIAN_POINT('',(-4.65,12.412106407565,0.));
#9613 = VECTOR('',#9614,1.);
#9614 = DIRECTION('',(0.,0.,1.));
#9615 = ORIENTED_EDGE('',*,*,#9616,.F.);
#9616 = EDGE_CURVE('',#9586,#9609,#9617,.T.);
#9617 = CIRCLE('',#9618,5.35);
#9618 = AXIS2_PLACEMENT_3D('',#9619,#9620,#9621);
#9619 = CARTESIAN_POINT('',(-2.65,7.45,21.));
#9620 = DIRECTION('',(0.,0.,-1.));
#9621 = DIRECTION('',(1.,0.,0.));
#9622 = ORIENTED_EDGE('',*,*,#9593,.F.);
#9623 = CYLINDRICAL_SURFACE('',#9624,5.35);
#9624 = AXIS2_PLACEMENT_3D('',#9625,#9626,#9627);
#9625 = CARTESIAN_POINT('',(-2.65,7.45,0.));
#9626 = DIRECTION('',(-0.,-0.,-1.));
#9627 = DIRECTION('',(1.,0.,0.));
#9628 = ADVANCED_FACE('',(#9629),#9647,.T.);
#9629 = FACE_BOUND('',#9630,.T.);
#9630 = EDGE_LOOP('',(#9631,#9632,#9640,#9646));
#9631 = ORIENTED_EDGE('',*,*,#7829,.T.);
#9632 = ORIENTED_EDGE('',*,*,#9633,.T.);
#9633 = EDGE_CURVE('',#7821,#9634,#9636,.T.);
#9634 = VERTEX_POINT('',#9635);
#9635 = CARTESIAN_POINT('',(-4.65,13.387893592435,21.));
#9636 = LINE('',#9637,#9638);
#9637 = CARTESIAN_POINT('',(-4.65,13.387893592435,0.));
#9638 = VECTOR('',#9639,1.);
#9639 = DIRECTION('',(0.,0.,1.));
#9640 = ORIENTED_EDGE('',*,*,#9641,.T.);
#9641 = EDGE_CURVE('',#9634,#9609,#9642,.T.);
#9642 = LINE('',#9643,#9644);
#9643 = CARTESIAN_POINT('',(-4.65,38.193946796217,21.));
#9644 = VECTOR('',#9645,1.);
#9645 = DIRECTION('',(0.,-1.,0.));
#9646 = ORIENTED_EDGE('',*,*,#9608,.F.);
#9647 = PLANE('',#9648);
#9648 = AXIS2_PLACEMENT_3D('',#9649,#9650,#9651);
#9649 = CARTESIAN_POINT('',(-4.65,13.387893592435,0.));
#9650 = DIRECTION('',(1.,0.,0.));
#9651 = DIRECTION('',(0.,-1.,0.));
#9652 = ADVANCED_FACE('',(#9653),#9672,.F.);
#9653 = FACE_BOUND('',#9654,.T.);
#9654 = EDGE_LOOP('',(#9655,#9656,#9664,#9671));
#9655 = ORIENTED_EDGE('',*,*,#7820,.T.);
#9656 = ORIENTED_EDGE('',*,*,#9657,.T.);
#9657 = EDGE_CURVE('',#7813,#9658,#9660,.T.);
#9658 = VERTEX_POINT('',#9659);
#9659 = CARTESIAN_POINT('',(-7.612106407565,16.35,21.));
#9660 = LINE('',#9661,#9662);
#9661 = CARTESIAN_POINT('',(-7.612106407565,16.35,0.));
#9662 = VECTOR('',#9663,1.);
#9663 = DIRECTION('',(0.,0.,1.));
#9664 = ORIENTED_EDGE('',*,*,#9665,.F.);
#9665 = EDGE_CURVE('',#9634,#9658,#9666,.T.);
#9666 = CIRCLE('',#9667,5.35);
#9667 = AXIS2_PLACEMENT_3D('',#9668,#9669,#9670);
#9668 = CARTESIAN_POINT('',(-2.65,18.35,21.));
#9669 = DIRECTION('',(0.,0.,-1.));
#9670 = DIRECTION('',(1.,0.,0.));
#9671 = ORIENTED_EDGE('',*,*,#9633,.F.);
#9672 = CYLINDRICAL_SURFACE('',#9673,5.35);
#9673 = AXIS2_PLACEMENT_3D('',#9674,#9675,#9676);
#9674 = CARTESIAN_POINT('',(-2.65,18.35,0.));
#9675 = DIRECTION('',(-0.,-0.,-1.));
#9676 = DIRECTION('',(1.,0.,0.));
#9677 = ADVANCED_FACE('',(#9678),#9689,.T.);
#9678 = FACE_BOUND('',#9679,.T.);
#9679 = EDGE_LOOP('',(#9680,#9681,#9682,#9688));
#9680 = ORIENTED_EDGE('',*,*,#7812,.T.);
#9681 = ORIENTED_EDGE('',*,*,#9520,.T.);
#9682 = ORIENTED_EDGE('',*,*,#9683,.T.);
#9683 = EDGE_CURVE('',#9512,#9658,#9684,.T.);
#9684 = LINE('',#9685,#9686);
#9685 = CARTESIAN_POINT('',(-4.293946796217,16.35,21.));
#9686 = VECTOR('',#9687,1.);
#9687 = DIRECTION('',(1.,0.,0.));
#9688 = ORIENTED_EDGE('',*,*,#9657,.F.);
#9689 = PLANE('',#9690);
#9690 = AXIS2_PLACEMENT_3D('',#9691,#9692,#9693);
#9691 = CARTESIAN_POINT('',(-8.587893592435,16.35,0.));
#9692 = DIRECTION('',(0.,1.,0.));
#9693 = DIRECTION('',(1.,0.,0.));
#9694 = ADVANCED_FACE('',(#9695),#9721,.F.);
#9695 = FACE_BOUND('',#9696,.T.);
#9696 = EDGE_LOOP('',(#9697,#9698,#9706,#9715));
#9697 = ORIENTED_EDGE('',*,*,#7871,.T.);
#9698 = ORIENTED_EDGE('',*,*,#9699,.T.);
#9699 = EDGE_CURVE('',#7874,#9700,#9702,.T.);
#9700 = VERTEX_POINT('',#9701);
#9701 = CARTESIAN_POINT('',(-4.65,23.312106407565,21.));
#9702 = LINE('',#9703,#9704);
#9703 = CARTESIAN_POINT('',(-4.65,23.312106407565,0.));
#9704 = VECTOR('',#9705,1.);
#9705 = DIRECTION('',(0.,0.,1.));
#9706 = ORIENTED_EDGE('',*,*,#9707,.F.);
#9707 = EDGE_CURVE('',#9708,#9700,#9710,.T.);
#9708 = VERTEX_POINT('',#9709);
#9709 = CARTESIAN_POINT('',(-7.612106407565,20.35,21.));
#9710 = CIRCLE('',#9711,5.35);
#9711 = AXIS2_PLACEMENT_3D('',#9712,#9713,#9714);
#9712 = CARTESIAN_POINT('',(-2.65,18.35,21.));
#9713 = DIRECTION('',(0.,0.,-1.));
#9714 = DIRECTION('',(1.,0.,0.));
#9715 = ORIENTED_EDGE('',*,*,#9716,.F.);
#9716 = EDGE_CURVE('',#7872,#9708,#9717,.T.);
#9717 = LINE('',#9718,#9719);
#9718 = CARTESIAN_POINT('',(-7.612106407565,20.35,0.));
#9719 = VECTOR('',#9720,1.);
#9720 = DIRECTION('',(0.,0.,1.));
#9721 = CYLINDRICAL_SURFACE('',#9722,5.35);
#9722 = AXIS2_PLACEMENT_3D('',#9723,#9724,#9725);
#9723 = CARTESIAN_POINT('',(-2.65,18.35,0.));
#9724 = DIRECTION('',(-0.,-0.,-1.));
#9725 = DIRECTION('',(1.,0.,0.));
#9726 = ADVANCED_FACE('',(#9727),#9745,.F.);
#9727 = FACE_BOUND('',#9728,.F.);
#9728 = EDGE_LOOP('',(#9729,#9730,#9731,#9739));
#9729 = ORIENTED_EDGE('',*,*,#7933,.T.);
#9730 = ORIENTED_EDGE('',*,*,#9699,.T.);
#9731 = ORIENTED_EDGE('',*,*,#9732,.T.);
#9732 = EDGE_CURVE('',#9700,#9733,#9735,.T.);
#9733 = VERTEX_POINT('',#9734);
#9734 = CARTESIAN_POINT('',(-4.65,24.287893592435,21.));
#9735 = LINE('',#9736,#9737);
#9736 = CARTESIAN_POINT('',(-4.65,43.156053203783,21.));
#9737 = VECTOR('',#9738,1.);
#9738 = DIRECTION('',(0.,1.,0.));
#9739 = ORIENTED_EDGE('',*,*,#9740,.F.);
#9740 = EDGE_CURVE('',#7925,#9733,#9741,.T.);
#9741 = LINE('',#9742,#9743);
#9742 = CARTESIAN_POINT('',(-4.65,24.287893592435,0.));
#9743 = VECTOR('',#9744,1.);
#9744 = DIRECTION('',(0.,0.,1.));
#9745 = PLANE('',#9746);
#9746 = AXIS2_PLACEMENT_3D('',#9747,#9748,#9749);
#9747 = CARTESIAN_POINT('',(-4.65,23.312106407565,0.));
#9748 = DIRECTION('',(-1.,0.,0.));
#9749 = DIRECTION('',(0.,1.,0.));
#9750 = ADVANCED_FACE('',(#9751),#9770,.F.);
#9751 = FACE_BOUND('',#9752,.T.);
#9752 = EDGE_LOOP('',(#9753,#9754,#9762,#9769));
#9753 = ORIENTED_EDGE('',*,*,#7924,.T.);
#9754 = ORIENTED_EDGE('',*,*,#9755,.T.);
#9755 = EDGE_CURVE('',#7917,#9756,#9758,.T.);
#9756 = VERTEX_POINT('',#9757);
#9757 = CARTESIAN_POINT('',(-7.612106407565,27.25,21.));
#9758 = LINE('',#9759,#9760);
#9759 = CARTESIAN_POINT('',(-7.612106407565,27.25,0.));
#9760 = VECTOR('',#9761,1.);
#9761 = DIRECTION('',(0.,0.,1.));
#9762 = ORIENTED_EDGE('',*,*,#9763,.F.);
#9763 = EDGE_CURVE('',#9733,#9756,#9764,.T.);
#9764 = CIRCLE('',#9765,5.35);
#9765 = AXIS2_PLACEMENT_3D('',#9766,#9767,#9768);
#9766 = CARTESIAN_POINT('',(-2.65,29.25,21.));
#9767 = DIRECTION('',(0.,0.,-1.));
#9768 = DIRECTION('',(1.,0.,0.));
#9769 = ORIENTED_EDGE('',*,*,#9740,.F.);
#9770 = CYLINDRICAL_SURFACE('',#9771,5.35);
#9771 = AXIS2_PLACEMENT_3D('',#9772,#9773,#9774);
#9772 = CARTESIAN_POINT('',(-2.65,29.25,0.));
#9773 = DIRECTION('',(-0.,-0.,-1.));
#9774 = DIRECTION('',(1.,0.,0.));
#9775 = ADVANCED_FACE('',(#9776),#9794,.T.);
#9776 = FACE_BOUND('',#9777,.T.);
#9777 = EDGE_LOOP('',(#9778,#9779,#9787,#9793));
#9778 = ORIENTED_EDGE('',*,*,#7916,.T.);
#9779 = ORIENTED_EDGE('',*,*,#9780,.T.);
#9780 = EDGE_CURVE('',#7908,#9781,#9783,.T.);
#9781 = VERTEX_POINT('',#9782);
#9782 = CARTESIAN_POINT('',(-8.587893592435,27.25,21.));
#9783 = LINE('',#9784,#9785);
#9784 = CARTESIAN_POINT('',(-8.587893592435,27.25,0.));
#9785 = VECTOR('',#9786,1.);
#9786 = DIRECTION('',(0.,0.,1.));
#9787 = ORIENTED_EDGE('',*,*,#9788,.T.);
#9788 = EDGE_CURVE('',#9781,#9756,#9789,.T.);
#9789 = LINE('',#9790,#9791);
#9790 = CARTESIAN_POINT('',(-4.293946796217,27.25,21.));
#9791 = VECTOR('',#9792,1.);
#9792 = DIRECTION('',(1.,1.092E-14,0.));
#9793 = ORIENTED_EDGE('',*,*,#9755,.F.);
#9794 = PLANE('',#9795);
#9795 = AXIS2_PLACEMENT_3D('',#9796,#9797,#9798);
#9796 = CARTESIAN_POINT('',(-8.587893592435,27.25,0.));
#9797 = DIRECTION('',(-1.092E-14,1.,0.));
#9798 = DIRECTION('',(1.,1.092E-14,0.));
#9799 = ADVANCED_FACE('',(#9800),#9819,.F.);
#9800 = FACE_BOUND('',#9801,.T.);
#9801 = EDGE_LOOP('',(#9802,#9803,#9811,#9818));
#9802 = ORIENTED_EDGE('',*,*,#7907,.T.);
#9803 = ORIENTED_EDGE('',*,*,#9804,.T.);
#9804 = EDGE_CURVE('',#7900,#9805,#9807,.T.);
#9805 = VERTEX_POINT('',#9806);
#9806 = CARTESIAN_POINT('',(-11.55,24.287893592435,21.));
#9807 = LINE('',#9808,#9809);
#9808 = CARTESIAN_POINT('',(-11.55,24.287893592435,0.));
#9809 = VECTOR('',#9810,1.);
#9810 = DIRECTION('',(0.,0.,1.));
#9811 = ORIENTED_EDGE('',*,*,#9812,.F.);
#9812 = EDGE_CURVE('',#9781,#9805,#9813,.T.);
#9813 = CIRCLE('',#9814,5.35);
#9814 = AXIS2_PLACEMENT_3D('',#9815,#9816,#9817);
#9815 = CARTESIAN_POINT('',(-13.55,29.25,21.));
#9816 = DIRECTION('',(0.,0.,-1.));
#9817 = DIRECTION('',(1.,0.,0.));
#9818 = ORIENTED_EDGE('',*,*,#9780,.F.);
#9819 = CYLINDRICAL_SURFACE('',#9820,5.35);
#9820 = AXIS2_PLACEMENT_3D('',#9821,#9822,#9823);
#9821 = CARTESIAN_POINT('',(-13.55,29.25,0.));
#9822 = DIRECTION('',(-0.,-0.,-1.));
#9823 = DIRECTION('',(1.,0.,0.));
#9824 = ADVANCED_FACE('',(#9825),#9843,.F.);
#9825 = FACE_BOUND('',#9826,.F.);
#9826 = EDGE_LOOP('',(#9827,#9828,#9829,#9837));
#9827 = ORIENTED_EDGE('',*,*,#7899,.T.);
#9828 = ORIENTED_EDGE('',*,*,#9804,.T.);
#9829 = ORIENTED_EDGE('',*,*,#9830,.T.);
#9830 = EDGE_CURVE('',#9805,#9831,#9833,.T.);
#9831 = VERTEX_POINT('',#9832);
#9832 = CARTESIAN_POINT('',(-11.55,23.312106407565,21.));
#9833 = LINE('',#9834,#9835);
#9834 = CARTESIAN_POINT('',(-11.55,43.643946796217,21.));
#9835 = VECTOR('',#9836,1.);
#9836 = DIRECTION('',(0.,-1.,0.));
#9837 = ORIENTED_EDGE('',*,*,#9838,.F.);
#9838 = EDGE_CURVE('',#7891,#9831,#9839,.T.);
#9839 = LINE('',#9840,#9841);
#9840 = CARTESIAN_POINT('',(-11.55,23.312106407565,0.));
#9841 = VECTOR('',#9842,1.);
#9842 = DIRECTION('',(0.,0.,1.));
#9843 = PLANE('',#9844);
#9844 = AXIS2_PLACEMENT_3D('',#9845,#9846,#9847);
#9845 = CARTESIAN_POINT('',(-11.55,24.287893592435,0.));
#9846 = DIRECTION('',(1.,0.,0.));
#9847 = DIRECTION('',(0.,-1.,0.));
#9848 = ADVANCED_FACE('',(#9849),#9868,.F.);
#9849 = FACE_BOUND('',#9850,.T.);
#9850 = EDGE_LOOP('',(#9851,#9852,#9860,#9867));
#9851 = ORIENTED_EDGE('',*,*,#7890,.T.);
#9852 = ORIENTED_EDGE('',*,*,#9853,.T.);
#9853 = EDGE_CURVE('',#7883,#9854,#9856,.T.);
#9854 = VERTEX_POINT('',#9855);
#9855 = CARTESIAN_POINT('',(-8.587893592435,20.35,21.));
#9856 = LINE('',#9857,#9858);
#9857 = CARTESIAN_POINT('',(-8.587893592435,20.35,0.));
#9858 = VECTOR('',#9859,1.);
#9859 = DIRECTION('',(0.,0.,1.));
#9860 = ORIENTED_EDGE('',*,*,#9861,.F.);
#9861 = EDGE_CURVE('',#9831,#9854,#9862,.T.);
#9862 = CIRCLE('',#9863,5.35);
#9863 = AXIS2_PLACEMENT_3D('',#9864,#9865,#9866);
#9864 = CARTESIAN_POINT('',(-13.55,18.35,21.));
#9865 = DIRECTION('',(0.,0.,-1.));
#9866 = DIRECTION('',(1.,0.,0.));
#9867 = ORIENTED_EDGE('',*,*,#9838,.F.);
#9868 = CYLINDRICAL_SURFACE('',#9869,5.35);
#9869 = AXIS2_PLACEMENT_3D('',#9870,#9871,#9872);
#9870 = CARTESIAN_POINT('',(-13.55,18.35,0.));
#9871 = DIRECTION('',(-0.,-0.,-1.));
#9872 = DIRECTION('',(1.,0.,0.));
#9873 = ADVANCED_FACE('',(#9874),#9885,.F.);
#9874 = FACE_BOUND('',#9875,.F.);
#9875 = EDGE_LOOP('',(#9876,#9877,#9878,#9884));
#9876 = ORIENTED_EDGE('',*,*,#7882,.T.);
#9877 = ORIENTED_EDGE('',*,*,#9853,.T.);
#9878 = ORIENTED_EDGE('',*,*,#9879,.T.);
#9879 = EDGE_CURVE('',#9854,#9708,#9880,.T.);
#9880 = LINE('',#9881,#9882);
#9881 = CARTESIAN_POINT('',(-4.293946796217,20.35,21.));
#9882 = VECTOR('',#9883,1.);
#9883 = DIRECTION('',(1.,0.,0.));
#9884 = ORIENTED_EDGE('',*,*,#9716,.F.);
#9885 = PLANE('',#9886);
#9886 = AXIS2_PLACEMENT_3D('',#9887,#9888,#9889);
#9887 = CARTESIAN_POINT('',(-8.587893592435,20.35,0.));
#9888 = DIRECTION('',(0.,1.,0.));
#9889 = DIRECTION('',(1.,0.,0.));
#9890 = ADVANCED_FACE('',(#9891),#9917,.F.);
#9891 = FACE_BOUND('',#9892,.T.);
#9892 = EDGE_LOOP('',(#9893,#9894,#9902,#9911));
#9893 = ORIENTED_EDGE('',*,*,#7941,.T.);
#9894 = ORIENTED_EDGE('',*,*,#9895,.T.);
#9895 = EDGE_CURVE('',#7944,#9896,#9898,.T.);
#9896 = VERTEX_POINT('',#9897);
#9897 = CARTESIAN_POINT('',(-4.65,34.212106407565,21.));
#9898 = LINE('',#9899,#9900);
#9899 = CARTESIAN_POINT('',(-4.65,34.212106407565,0.));
#9900 = VECTOR('',#9901,1.);
#9901 = DIRECTION('',(0.,0.,1.));
#9902 = ORIENTED_EDGE('',*,*,#9903,.F.);
#9903 = EDGE_CURVE('',#9904,#9896,#9906,.T.);
#9904 = VERTEX_POINT('',#9905);
#9905 = CARTESIAN_POINT('',(-7.612106407565,31.25,21.));
#9906 = CIRCLE('',#9907,5.35);
#9907 = AXIS2_PLACEMENT_3D('',#9908,#9909,#9910);
#9908 = CARTESIAN_POINT('',(-2.65,29.25,21.));
#9909 = DIRECTION('',(0.,0.,-1.));
#9910 = DIRECTION('',(1.,0.,0.));
#9911 = ORIENTED_EDGE('',*,*,#9912,.F.);
#9912 = EDGE_CURVE('',#7942,#9904,#9913,.T.);
#9913 = LINE('',#9914,#9915);
#9914 = CARTESIAN_POINT('',(-7.612106407565,31.25,0.));
#9915 = VECTOR('',#9916,1.);
#9916 = DIRECTION('',(0.,0.,1.));
#9917 = CYLINDRICAL_SURFACE('',#9918,5.35);
#9918 = AXIS2_PLACEMENT_3D('',#9919,#9920,#9921);
#9919 = CARTESIAN_POINT('',(-2.65,29.25,0.));
#9920 = DIRECTION('',(-0.,-0.,-1.));
#9921 = DIRECTION('',(1.,0.,0.));
#9922 = ADVANCED_FACE('',(#9923),#9941,.F.);
#9923 = FACE_BOUND('',#9924,.F.);
#9924 = EDGE_LOOP('',(#9925,#9926,#9927,#9935));
#9925 = ORIENTED_EDGE('',*,*,#8003,.T.);
#9926 = ORIENTED_EDGE('',*,*,#9895,.T.);
#9927 = ORIENTED_EDGE('',*,*,#9928,.T.);
#9928 = EDGE_CURVE('',#9896,#9929,#9931,.T.);
#9929 = VERTEX_POINT('',#9930);
#9930 = CARTESIAN_POINT('',(-4.65,35.187893592435,21.));
#9931 = LINE('',#9932,#9933);
#9932 = CARTESIAN_POINT('',(-4.65,48.606053203783,21.));
#9933 = VECTOR('',#9934,1.);
#9934 = DIRECTION('',(0.,1.,0.));
#9935 = ORIENTED_EDGE('',*,*,#9936,.F.);
#9936 = EDGE_CURVE('',#7995,#9929,#9937,.T.);
#9937 = LINE('',#9938,#9939);
#9938 = CARTESIAN_POINT('',(-4.65,35.187893592435,0.));
#9939 = VECTOR('',#9940,1.);
#9940 = DIRECTION('',(0.,0.,1.));
#9941 = PLANE('',#9942);
#9942 = AXIS2_PLACEMENT_3D('',#9943,#9944,#9945);
#9943 = CARTESIAN_POINT('',(-4.65,34.212106407565,0.));
#9944 = DIRECTION('',(-1.,0.,0.));
#9945 = DIRECTION('',(0.,1.,0.));
#9946 = ADVANCED_FACE('',(#9947),#9966,.F.);
#9947 = FACE_BOUND('',#9948,.T.);
#9948 = EDGE_LOOP('',(#9949,#9950,#9958,#9965));
#9949 = ORIENTED_EDGE('',*,*,#7994,.T.);
#9950 = ORIENTED_EDGE('',*,*,#9951,.T.);
#9951 = EDGE_CURVE('',#7987,#9952,#9954,.T.);
#9952 = VERTEX_POINT('',#9953);
#9953 = CARTESIAN_POINT('',(-7.612106407565,38.15,21.));
#9954 = LINE('',#9955,#9956);
#9955 = CARTESIAN_POINT('',(-7.612106407565,38.15,0.));
#9956 = VECTOR('',#9957,1.);
#9957 = DIRECTION('',(0.,0.,1.));
#9958 = ORIENTED_EDGE('',*,*,#9959,.F.);
#9959 = EDGE_CURVE('',#9929,#9952,#9960,.T.);
#9960 = CIRCLE('',#9961,5.35);
#9961 = AXIS2_PLACEMENT_3D('',#9962,#9963,#9964);
#9962 = CARTESIAN_POINT('',(-2.65,40.15,21.));
#9963 = DIRECTION('',(0.,0.,-1.));
#9964 = DIRECTION('',(1.,0.,0.));
#9965 = ORIENTED_EDGE('',*,*,#9936,.F.);
#9966 = CYLINDRICAL_SURFACE('',#9967,5.35);
#9967 = AXIS2_PLACEMENT_3D('',#9968,#9969,#9970);
#9968 = CARTESIAN_POINT('',(-2.65,40.15,0.));
#9969 = DIRECTION('',(-0.,-0.,-1.));
#9970 = DIRECTION('',(1.,0.,0.));
#9971 = ADVANCED_FACE('',(#9972),#9990,.T.);
#9972 = FACE_BOUND('',#9973,.T.);
#9973 = EDGE_LOOP('',(#9974,#9975,#9983,#9989));
#9974 = ORIENTED_EDGE('',*,*,#7986,.T.);
#9975 = ORIENTED_EDGE('',*,*,#9976,.T.);
#9976 = EDGE_CURVE('',#7978,#9977,#9979,.T.);
#9977 = VERTEX_POINT('',#9978);
#9978 = CARTESIAN_POINT('',(-8.587893592435,38.15,21.));
#9979 = LINE('',#9980,#9981);
#9980 = CARTESIAN_POINT('',(-8.587893592435,38.15,0.));
#9981 = VECTOR('',#9982,1.);
#9982 = DIRECTION('',(0.,0.,1.));
#9983 = ORIENTED_EDGE('',*,*,#9984,.T.);
#9984 = EDGE_CURVE('',#9977,#9952,#9985,.T.);
#9985 = LINE('',#9986,#9987);
#9986 = CARTESIAN_POINT('',(-4.293946796217,38.15,21.));
#9987 = VECTOR('',#9988,1.);
#9988 = DIRECTION('',(1.,0.,0.));
#9989 = ORIENTED_EDGE('',*,*,#9951,.F.);
#9990 = PLANE('',#9991);
#9991 = AXIS2_PLACEMENT_3D('',#9992,#9993,#9994);
#9992 = CARTESIAN_POINT('',(-8.587893592435,38.15,0.));
#9993 = DIRECTION('',(0.,1.,0.));
#9994 = DIRECTION('',(1.,0.,0.));
#9995 = ADVANCED_FACE('',(#9996),#10015,.F.);
#9996 = FACE_BOUND('',#9997,.T.);
#9997 = EDGE_LOOP('',(#9998,#9999,#10007,#10014));
#9998 = ORIENTED_EDGE('',*,*,#7977,.T.);
#9999 = ORIENTED_EDGE('',*,*,#10000,.T.);
#10000 = EDGE_CURVE('',#7970,#10001,#10003,.T.);
#10001 = VERTEX_POINT('',#10002);
#10002 = CARTESIAN_POINT('',(-11.55,35.187893592435,21.));
#10003 = LINE('',#10004,#10005);
#10004 = CARTESIAN_POINT('',(-11.55,35.187893592435,0.));
#10005 = VECTOR('',#10006,1.);
#10006 = DIRECTION('',(0.,0.,1.));
#10007 = ORIENTED_EDGE('',*,*,#10008,.F.);
#10008 = EDGE_CURVE('',#9977,#10001,#10009,.T.);
#10009 = CIRCLE('',#10010,5.35);
#10010 = AXIS2_PLACEMENT_3D('',#10011,#10012,#10013);
#10011 = CARTESIAN_POINT('',(-13.55,40.15,21.));
#10012 = DIRECTION('',(0.,0.,-1.));
#10013 = DIRECTION('',(1.,0.,0.));
#10014 = ORIENTED_EDGE('',*,*,#9976,.F.);
#10015 = CYLINDRICAL_SURFACE('',#10016,5.35);
#10016 = AXIS2_PLACEMENT_3D('',#10017,#10018,#10019);
#10017 = CARTESIAN_POINT('',(-13.55,40.15,0.));
#10018 = DIRECTION('',(-0.,-0.,-1.));
#10019 = DIRECTION('',(1.,0.,0.));
#10020 = ADVANCED_FACE('',(#10021),#10039,.T.);
#10021 = FACE_BOUND('',#10022,.T.);
#10022 = EDGE_LOOP('',(#10023,#10024,#10032,#10038));
#10023 = ORIENTED_EDGE('',*,*,#7969,.T.);
#10024 = ORIENTED_EDGE('',*,*,#10025,.T.);
#10025 = EDGE_CURVE('',#7961,#10026,#10028,.T.);
#10026 = VERTEX_POINT('',#10027);
#10027 = CARTESIAN_POINT('',(-11.55,34.212106407565,21.));
#10028 = LINE('',#10029,#10030);
#10029 = CARTESIAN_POINT('',(-11.55,34.212106407565,0.));
#10030 = VECTOR('',#10031,1.);
#10031 = DIRECTION('',(0.,0.,1.));
#10032 = ORIENTED_EDGE('',*,*,#10033,.T.);
#10033 = EDGE_CURVE('',#10026,#10001,#10034,.T.);
#10034 = LINE('',#10035,#10036);
#10035 = CARTESIAN_POINT('',(-11.55,48.606053203783,21.));
#10036 = VECTOR('',#10037,1.);
#10037 = DIRECTION('',(0.,1.,0.));
#10038 = ORIENTED_EDGE('',*,*,#10000,.F.);
#10039 = PLANE('',#10040);
#10040 = AXIS2_PLACEMENT_3D('',#10041,#10042,#10043);
#10041 = CARTESIAN_POINT('',(-11.55,34.212106407565,0.));
#10042 = DIRECTION('',(-1.,0.,0.));
#10043 = DIRECTION('',(0.,1.,0.));
#10044 = ADVANCED_FACE('',(#10045),#10064,.F.);
#10045 = FACE_BOUND('',#10046,.T.);
#10046 = EDGE_LOOP('',(#10047,#10048,#10056,#10063));
#10047 = ORIENTED_EDGE('',*,*,#7960,.T.);
#10048 = ORIENTED_EDGE('',*,*,#10049,.T.);
#10049 = EDGE_CURVE('',#7953,#10050,#10052,.T.);
#10050 = VERTEX_POINT('',#10051);
#10051 = CARTESIAN_POINT('',(-8.587893592435,31.25,21.));
#10052 = LINE('',#10053,#10054);
#10053 = CARTESIAN_POINT('',(-8.587893592435,31.25,0.));
#10054 = VECTOR('',#10055,1.);
#10055 = DIRECTION('',(0.,0.,1.));
#10056 = ORIENTED_EDGE('',*,*,#10057,.F.);
#10057 = EDGE_CURVE('',#10026,#10050,#10058,.T.);
#10058 = CIRCLE('',#10059,5.35);
#10059 = AXIS2_PLACEMENT_3D('',#10060,#10061,#10062);
#10060 = CARTESIAN_POINT('',(-13.55,29.25,21.));
#10061 = DIRECTION('',(0.,0.,-1.));
#10062 = DIRECTION('',(1.,0.,0.));
#10063 = ORIENTED_EDGE('',*,*,#10025,.F.);
#10064 = CYLINDRICAL_SURFACE('',#10065,5.35);
#10065 = AXIS2_PLACEMENT_3D('',#10066,#10067,#10068);
#10066 = CARTESIAN_POINT('',(-13.55,29.25,0.));
#10067 = DIRECTION('',(-0.,-0.,-1.));
#10068 = DIRECTION('',(1.,0.,0.));
#10069 = ADVANCED_FACE('',(#10070),#10081,.F.);
#10070 = FACE_BOUND('',#10071,.F.);
#10071 = EDGE_LOOP('',(#10072,#10073,#10074,#10080));
#10072 = ORIENTED_EDGE('',*,*,#7952,.T.);
#10073 = ORIENTED_EDGE('',*,*,#10049,.T.);
#10074 = ORIENTED_EDGE('',*,*,#10075,.T.);
#10075 = EDGE_CURVE('',#10050,#9904,#10076,.T.);
#10076 = LINE('',#10077,#10078);
#10077 = CARTESIAN_POINT('',(-4.293946796217,31.25,21.));
#10078 = VECTOR('',#10079,1.);
#10079 = DIRECTION('',(1.,-3.64E-15,0.));
#10080 = ORIENTED_EDGE('',*,*,#9912,.F.);
#10081 = PLANE('',#10082);
#10082 = AXIS2_PLACEMENT_3D('',#10083,#10084,#10085);
#10083 = CARTESIAN_POINT('',(-8.587893592435,31.25,0.));
#10084 = DIRECTION('',(3.64E-15,1.,0.));
#10085 = DIRECTION('',(1.,-3.64E-15,0.));
#10086 = ADVANCED_FACE('',(#10087),#10113,.F.);
#10087 = FACE_BOUND('',#10088,.T.);
#10088 = EDGE_LOOP('',(#10089,#10090,#10098,#10107));
#10089 = ORIENTED_EDGE('',*,*,#8011,.T.);
#10090 = ORIENTED_EDGE('',*,*,#10091,.T.);
#10091 = EDGE_CURVE('',#8014,#10092,#10094,.T.);
#10092 = VERTEX_POINT('',#10093);
#10093 = CARTESIAN_POINT('',(-4.65,45.112106407565,21.));
#10094 = LINE('',#10095,#10096);
#10095 = CARTESIAN_POINT('',(-4.65,45.112106407565,0.));
#10096 = VECTOR('',#10097,1.);
#10097 = DIRECTION('',(0.,0.,1.));
#10098 = ORIENTED_EDGE('',*,*,#10099,.F.);
#10099 = EDGE_CURVE('',#10100,#10092,#10102,.T.);
#10100 = VERTEX_POINT('',#10101);
#10101 = CARTESIAN_POINT('',(-7.612106407565,42.15,21.));
#10102 = CIRCLE('',#10103,5.35);
#10103 = AXIS2_PLACEMENT_3D('',#10104,#10105,#10106);
#10104 = CARTESIAN_POINT('',(-2.65,40.15,21.));
#10105 = DIRECTION('',(0.,0.,-1.));
#10106 = DIRECTION('',(1.,0.,0.));
#10107 = ORIENTED_EDGE('',*,*,#10108,.F.);
#10108 = EDGE_CURVE('',#8012,#10100,#10109,.T.);
#10109 = LINE('',#10110,#10111);
#10110 = CARTESIAN_POINT('',(-7.612106407565,42.15,0.));
#10111 = VECTOR('',#10112,1.);
#10112 = DIRECTION('',(0.,0.,1.));
#10113 = CYLINDRICAL_SURFACE('',#10114,5.35);
#10114 = AXIS2_PLACEMENT_3D('',#10115,#10116,#10117);
#10115 = CARTESIAN_POINT('',(-2.65,40.15,0.));
#10116 = DIRECTION('',(-0.,-0.,-1.));
#10117 = DIRECTION('',(1.,0.,0.));
#10118 = ADVANCED_FACE('',(#10119),#10137,.F.);
#10119 = FACE_BOUND('',#10120,.F.);
#10120 = EDGE_LOOP('',(#10121,#10122,#10123,#10131));
#10121 = ORIENTED_EDGE('',*,*,#8073,.T.);
#10122 = ORIENTED_EDGE('',*,*,#10091,.T.);
#10123 = ORIENTED_EDGE('',*,*,#10124,.T.);
#10124 = EDGE_CURVE('',#10092,#10125,#10127,.T.);
#10125 = VERTEX_POINT('',#10126);
#10126 = CARTESIAN_POINT('',(-4.65,46.087893592435,21.));
#10127 = LINE('',#10128,#10129);
#10128 = CARTESIAN_POINT('',(-4.65,54.056053203783,21.));
#10129 = VECTOR('',#10130,1.);
#10130 = DIRECTION('',(0.,1.,0.));
#10131 = ORIENTED_EDGE('',*,*,#10132,.F.);
#10132 = EDGE_CURVE('',#8065,#10125,#10133,.T.);
#10133 = LINE('',#10134,#10135);
#10134 = CARTESIAN_POINT('',(-4.65,46.087893592435,0.));
#10135 = VECTOR('',#10136,1.);
#10136 = DIRECTION('',(0.,0.,1.));
#10137 = PLANE('',#10138);
#10138 = AXIS2_PLACEMENT_3D('',#10139,#10140,#10141);
#10139 = CARTESIAN_POINT('',(-4.65,45.112106407565,0.));
#10140 = DIRECTION('',(-1.,0.,0.));
#10141 = DIRECTION('',(0.,1.,0.));
#10142 = ADVANCED_FACE('',(#10143),#10162,.F.);
#10143 = FACE_BOUND('',#10144,.T.);
#10144 = EDGE_LOOP('',(#10145,#10146,#10154,#10161));
#10145 = ORIENTED_EDGE('',*,*,#8064,.T.);
#10146 = ORIENTED_EDGE('',*,*,#10147,.T.);
#10147 = EDGE_CURVE('',#8057,#10148,#10150,.T.);
#10148 = VERTEX_POINT('',#10149);
#10149 = CARTESIAN_POINT('',(-7.612106407565,49.05,21.));
#10150 = LINE('',#10151,#10152);
#10151 = CARTESIAN_POINT('',(-7.612106407565,49.05,0.));
#10152 = VECTOR('',#10153,1.);
#10153 = DIRECTION('',(0.,0.,1.));
#10154 = ORIENTED_EDGE('',*,*,#10155,.F.);
#10155 = EDGE_CURVE('',#10125,#10148,#10156,.T.);
#10156 = CIRCLE('',#10157,5.35);
#10157 = AXIS2_PLACEMENT_3D('',#10158,#10159,#10160);
#10158 = CARTESIAN_POINT('',(-2.65,51.05,21.));
#10159 = DIRECTION('',(0.,0.,-1.));
#10160 = DIRECTION('',(1.,0.,0.));
#10161 = ORIENTED_EDGE('',*,*,#10132,.F.);
#10162 = CYLINDRICAL_SURFACE('',#10163,5.35);
#10163 = AXIS2_PLACEMENT_3D('',#10164,#10165,#10166);
#10164 = CARTESIAN_POINT('',(-2.65,51.05,0.));
#10165 = DIRECTION('',(-0.,-0.,-1.));
#10166 = DIRECTION('',(1.,0.,0.));
#10167 = ADVANCED_FACE('',(#10168),#10186,.T.);
#10168 = FACE_BOUND('',#10169,.T.);
#10169 = EDGE_LOOP('',(#10170,#10171,#10179,#10185));
#10170 = ORIENTED_EDGE('',*,*,#8056,.T.);
#10171 = ORIENTED_EDGE('',*,*,#10172,.T.);
#10172 = EDGE_CURVE('',#8048,#10173,#10175,.T.);
#10173 = VERTEX_POINT('',#10174);
#10174 = CARTESIAN_POINT('',(-8.587893592435,49.05,21.));
#10175 = LINE('',#10176,#10177);
#10176 = CARTESIAN_POINT('',(-8.587893592435,49.05,0.));
#10177 = VECTOR('',#10178,1.);
#10178 = DIRECTION('',(0.,0.,1.));
#10179 = ORIENTED_EDGE('',*,*,#10180,.T.);
#10180 = EDGE_CURVE('',#10173,#10148,#10181,.T.);
#10181 = LINE('',#10182,#10183);
#10182 = CARTESIAN_POINT('',(-4.293946796217,49.05,21.));
#10183 = VECTOR('',#10184,1.);
#10184 = DIRECTION('',(1.,0.,0.));
#10185 = ORIENTED_EDGE('',*,*,#10147,.F.);
#10186 = PLANE('',#10187);
#10187 = AXIS2_PLACEMENT_3D('',#10188,#10189,#10190);
#10188 = CARTESIAN_POINT('',(-8.587893592435,49.05,0.));
#10189 = DIRECTION('',(0.,1.,0.));
#10190 = DIRECTION('',(1.,0.,0.));
#10191 = ADVANCED_FACE('',(#10192),#10211,.F.);
#10192 = FACE_BOUND('',#10193,.T.);
#10193 = EDGE_LOOP('',(#10194,#10195,#10203,#10210));
#10194 = ORIENTED_EDGE('',*,*,#8047,.T.);
#10195 = ORIENTED_EDGE('',*,*,#10196,.T.);
#10196 = EDGE_CURVE('',#8040,#10197,#10199,.T.);
#10197 = VERTEX_POINT('',#10198);
#10198 = CARTESIAN_POINT('',(-11.55,46.087893592435,21.));
#10199 = LINE('',#10200,#10201);
#10200 = CARTESIAN_POINT('',(-11.55,46.087893592435,0.));
#10201 = VECTOR('',#10202,1.);
#10202 = DIRECTION('',(0.,0.,1.));
#10203 = ORIENTED_EDGE('',*,*,#10204,.F.);
#10204 = EDGE_CURVE('',#10173,#10197,#10205,.T.);
#10205 = CIRCLE('',#10206,5.35);
#10206 = AXIS2_PLACEMENT_3D('',#10207,#10208,#10209);
#10207 = CARTESIAN_POINT('',(-13.55,51.05,21.));
#10208 = DIRECTION('',(0.,0.,-1.));
#10209 = DIRECTION('',(1.,0.,0.));
#10210 = ORIENTED_EDGE('',*,*,#10172,.F.);
#10211 = CYLINDRICAL_SURFACE('',#10212,5.35);
#10212 = AXIS2_PLACEMENT_3D('',#10213,#10214,#10215);
#10213 = CARTESIAN_POINT('',(-13.55,51.05,0.));
#10214 = DIRECTION('',(-0.,-0.,-1.));
#10215 = DIRECTION('',(1.,0.,0.));
#10216 = ADVANCED_FACE('',(#10217),#10235,.T.);
#10217 = FACE_BOUND('',#10218,.T.);
#10218 = EDGE_LOOP('',(#10219,#10220,#10228,#10234));
#10219 = ORIENTED_EDGE('',*,*,#8039,.T.);
#10220 = ORIENTED_EDGE('',*,*,#10221,.T.);
#10221 = EDGE_CURVE('',#8031,#10222,#10224,.T.);
#10222 = VERTEX_POINT('',#10223);
#10223 = CARTESIAN_POINT('',(-11.55,45.112106407565,21.));
#10224 = LINE('',#10225,#10226);
#10225 = CARTESIAN_POINT('',(-11.55,45.112106407565,0.));
#10226 = VECTOR('',#10227,1.);
#10227 = DIRECTION('',(0.,0.,1.));
#10228 = ORIENTED_EDGE('',*,*,#10229,.T.);
#10229 = EDGE_CURVE('',#10222,#10197,#10230,.T.);
#10230 = LINE('',#10231,#10232);
#10231 = CARTESIAN_POINT('',(-11.55,54.056053203783,21.));
#10232 = VECTOR('',#10233,1.);
#10233 = DIRECTION('',(0.,1.,0.));
#10234 = ORIENTED_EDGE('',*,*,#10196,.F.);
#10235 = PLANE('',#10236);
#10236 = AXIS2_PLACEMENT_3D('',#10237,#10238,#10239);
#10237 = CARTESIAN_POINT('',(-11.55,45.112106407565,0.));
#10238 = DIRECTION('',(-1.,0.,0.));
#10239 = DIRECTION('',(0.,1.,0.));
#10240 = ADVANCED_FACE('',(#10241),#10260,.F.);
#10241 = FACE_BOUND('',#10242,.T.);
#10242 = EDGE_LOOP('',(#10243,#10244,#10252,#10259));
#10243 = ORIENTED_EDGE('',*,*,#8030,.T.);
#10244 = ORIENTED_EDGE('',*,*,#10245,.T.);
#10245 = EDGE_CURVE('',#8023,#10246,#10248,.T.);
#10246 = VERTEX_POINT('',#10247);
#10247 = CARTESIAN_POINT('',(-8.587893592435,42.15,21.));
#10248 = LINE('',#10249,#10250);
#10249 = CARTESIAN_POINT('',(-8.587893592435,42.15,0.));
#10250 = VECTOR('',#10251,1.);
#10251 = DIRECTION('',(0.,0.,1.));
#10252 = ORIENTED_EDGE('',*,*,#10253,.F.);
#10253 = EDGE_CURVE('',#10222,#10246,#10254,.T.);
#10254 = CIRCLE('',#10255,5.35);
#10255 = AXIS2_PLACEMENT_3D('',#10256,#10257,#10258);
#10256 = CARTESIAN_POINT('',(-13.55,40.15,21.));
#10257 = DIRECTION('',(0.,0.,-1.));
#10258 = DIRECTION('',(1.,0.,0.));
#10259 = ORIENTED_EDGE('',*,*,#10221,.F.);
#10260 = CYLINDRICAL_SURFACE('',#10261,5.35);
#10261 = AXIS2_PLACEMENT_3D('',#10262,#10263,#10264);
#10262 = CARTESIAN_POINT('',(-13.55,40.15,0.));
#10263 = DIRECTION('',(-0.,-0.,-1.));
#10264 = DIRECTION('',(1.,0.,0.));
#10265 = ADVANCED_FACE('',(#10266),#10277,.F.);
#10266 = FACE_BOUND('',#10267,.F.);
#10267 = EDGE_LOOP('',(#10268,#10269,#10270,#10276));
#10268 = ORIENTED_EDGE('',*,*,#8022,.T.);
#10269 = ORIENTED_EDGE('',*,*,#10245,.T.);
#10270 = ORIENTED_EDGE('',*,*,#10271,.T.);
#10271 = EDGE_CURVE('',#10246,#10100,#10272,.T.);
#10272 = LINE('',#10273,#10274);
#10273 = CARTESIAN_POINT('',(-4.293946796217,42.15,21.));
#10274 = VECTOR('',#10275,1.);
#10275 = DIRECTION('',(1.,0.,0.));
#10276 = ORIENTED_EDGE('',*,*,#10108,.F.);
#10277 = PLANE('',#10278);
#10278 = AXIS2_PLACEMENT_3D('',#10279,#10280,#10281);
#10279 = CARTESIAN_POINT('',(-8.587893592435,42.15,0.));
#10280 = DIRECTION('',(0.,1.,0.));
#10281 = DIRECTION('',(1.,0.,0.));
#10282 = ADVANCED_FACE('',(#10283),#10309,.F.);
#10283 = FACE_BOUND('',#10284,.T.);
#10284 = EDGE_LOOP('',(#10285,#10286,#10294,#10303));
#10285 = ORIENTED_EDGE('',*,*,#8081,.T.);
#10286 = ORIENTED_EDGE('',*,*,#10287,.T.);
#10287 = EDGE_CURVE('',#8084,#10288,#10290,.T.);
#10288 = VERTEX_POINT('',#10289);
#10289 = CARTESIAN_POINT('',(-4.65,56.012106407565,21.));
#10290 = LINE('',#10291,#10292);
#10291 = CARTESIAN_POINT('',(-4.65,56.012106407565,0.));
#10292 = VECTOR('',#10293,1.);
#10293 = DIRECTION('',(0.,0.,1.));
#10294 = ORIENTED_EDGE('',*,*,#10295,.F.);
#10295 = EDGE_CURVE('',#10296,#10288,#10298,.T.);
#10296 = VERTEX_POINT('',#10297);
#10297 = CARTESIAN_POINT('',(-7.612106407565,53.05,21.));
#10298 = CIRCLE('',#10299,5.35);
#10299 = AXIS2_PLACEMENT_3D('',#10300,#10301,#10302);
#10300 = CARTESIAN_POINT('',(-2.65,51.05,21.));
#10301 = DIRECTION('',(0.,0.,-1.));
#10302 = DIRECTION('',(1.,0.,0.));
#10303 = ORIENTED_EDGE('',*,*,#10304,.F.);
#10304 = EDGE_CURVE('',#8082,#10296,#10305,.T.);
#10305 = LINE('',#10306,#10307);
#10306 = CARTESIAN_POINT('',(-7.612106407565,53.05,0.));
#10307 = VECTOR('',#10308,1.);
#10308 = DIRECTION('',(0.,0.,1.));
#10309 = CYLINDRICAL_SURFACE('',#10310,5.35);
#10310 = AXIS2_PLACEMENT_3D('',#10311,#10312,#10313);
#10311 = CARTESIAN_POINT('',(-2.65,51.05,0.));
#10312 = DIRECTION('',(-0.,-0.,-1.));
#10313 = DIRECTION('',(1.,0.,0.));
#10314 = ADVANCED_FACE('',(#10315),#10333,.F.);
#10315 = FACE_BOUND('',#10316,.F.);
#10316 = EDGE_LOOP('',(#10317,#10318,#10319,#10327));
#10317 = ORIENTED_EDGE('',*,*,#8143,.T.);
#10318 = ORIENTED_EDGE('',*,*,#10287,.T.);
#10319 = ORIENTED_EDGE('',*,*,#10320,.T.);
#10320 = EDGE_CURVE('',#10288,#10321,#10323,.T.);
#10321 = VERTEX_POINT('',#10322);
#10322 = CARTESIAN_POINT('',(-4.65,56.987893592435,21.));
#10323 = LINE('',#10324,#10325);
#10324 = CARTESIAN_POINT('',(-4.65,59.506053203783,21.));
#10325 = VECTOR('',#10326,1.);
#10326 = DIRECTION('',(0.,1.,0.));
#10327 = ORIENTED_EDGE('',*,*,#10328,.F.);
#10328 = EDGE_CURVE('',#8135,#10321,#10329,.T.);
#10329 = LINE('',#10330,#10331);
#10330 = CARTESIAN_POINT('',(-4.65,56.987893592435,0.));
#10331 = VECTOR('',#10332,1.);
#10332 = DIRECTION('',(0.,0.,1.));
#10333 = PLANE('',#10334);
#10334 = AXIS2_PLACEMENT_3D('',#10335,#10336,#10337);
#10335 = CARTESIAN_POINT('',(-4.65,56.012106407565,0.));
#10336 = DIRECTION('',(-1.,0.,0.));
#10337 = DIRECTION('',(0.,1.,0.));
#10338 = ADVANCED_FACE('',(#10339),#10358,.F.);
#10339 = FACE_BOUND('',#10340,.T.);
#10340 = EDGE_LOOP('',(#10341,#10342,#10350,#10357));
#10341 = ORIENTED_EDGE('',*,*,#8134,.T.);
#10342 = ORIENTED_EDGE('',*,*,#10343,.T.);
#10343 = EDGE_CURVE('',#8127,#10344,#10346,.T.);
#10344 = VERTEX_POINT('',#10345);
#10345 = CARTESIAN_POINT('',(-7.612106407565,59.95,21.));
#10346 = LINE('',#10347,#10348);
#10347 = CARTESIAN_POINT('',(-7.612106407565,59.95,0.));
#10348 = VECTOR('',#10349,1.);
#10349 = DIRECTION('',(0.,0.,1.));
#10350 = ORIENTED_EDGE('',*,*,#10351,.F.);
#10351 = EDGE_CURVE('',#10321,#10344,#10352,.T.);
#10352 = CIRCLE('',#10353,5.35);
#10353 = AXIS2_PLACEMENT_3D('',#10354,#10355,#10356);
#10354 = CARTESIAN_POINT('',(-2.65,61.95,21.));
#10355 = DIRECTION('',(0.,0.,-1.));
#10356 = DIRECTION('',(1.,0.,0.));
#10357 = ORIENTED_EDGE('',*,*,#10328,.F.);
#10358 = CYLINDRICAL_SURFACE('',#10359,5.35);
#10359 = AXIS2_PLACEMENT_3D('',#10360,#10361,#10362);
#10360 = CARTESIAN_POINT('',(-2.65,61.95,0.));
#10361 = DIRECTION('',(-0.,-0.,-1.));
#10362 = DIRECTION('',(1.,0.,0.));
#10363 = ADVANCED_FACE('',(#10364),#10382,.T.);
#10364 = FACE_BOUND('',#10365,.T.);
#10365 = EDGE_LOOP('',(#10366,#10367,#10375,#10381));
#10366 = ORIENTED_EDGE('',*,*,#8126,.T.);
#10367 = ORIENTED_EDGE('',*,*,#10368,.T.);
#10368 = EDGE_CURVE('',#8118,#10369,#10371,.T.);
#10369 = VERTEX_POINT('',#10370);
#10370 = CARTESIAN_POINT('',(-8.587893592435,59.95,21.));
#10371 = LINE('',#10372,#10373);
#10372 = CARTESIAN_POINT('',(-8.587893592435,59.95,0.));
#10373 = VECTOR('',#10374,1.);
#10374 = DIRECTION('',(0.,0.,1.));
#10375 = ORIENTED_EDGE('',*,*,#10376,.T.);
#10376 = EDGE_CURVE('',#10369,#10344,#10377,.T.);
#10377 = LINE('',#10378,#10379);
#10378 = CARTESIAN_POINT('',(-4.293946796217,59.95,21.));
#10379 = VECTOR('',#10380,1.);
#10380 = DIRECTION('',(1.,0.,0.));
#10381 = ORIENTED_EDGE('',*,*,#10343,.F.);
#10382 = PLANE('',#10383);
#10383 = AXIS2_PLACEMENT_3D('',#10384,#10385,#10386);
#10384 = CARTESIAN_POINT('',(-8.587893592435,59.95,0.));
#10385 = DIRECTION('',(0.,1.,0.));
#10386 = DIRECTION('',(1.,0.,0.));
#10387 = ADVANCED_FACE('',(#10388),#10407,.F.);
#10388 = FACE_BOUND('',#10389,.T.);
#10389 = EDGE_LOOP('',(#10390,#10391,#10399,#10406));
#10390 = ORIENTED_EDGE('',*,*,#8117,.T.);
#10391 = ORIENTED_EDGE('',*,*,#10392,.T.);
#10392 = EDGE_CURVE('',#8110,#10393,#10395,.T.);
#10393 = VERTEX_POINT('',#10394);
#10394 = CARTESIAN_POINT('',(-11.55,56.987893592435,21.));
#10395 = LINE('',#10396,#10397);
#10396 = CARTESIAN_POINT('',(-11.55,56.987893592435,0.));
#10397 = VECTOR('',#10398,1.);
#10398 = DIRECTION('',(0.,0.,1.));
#10399 = ORIENTED_EDGE('',*,*,#10400,.F.);
#10400 = EDGE_CURVE('',#10369,#10393,#10401,.T.);
#10401 = CIRCLE('',#10402,5.35);
#10402 = AXIS2_PLACEMENT_3D('',#10403,#10404,#10405);
#10403 = CARTESIAN_POINT('',(-13.55,61.95,21.));
#10404 = DIRECTION('',(0.,0.,-1.));
#10405 = DIRECTION('',(1.,0.,0.));
#10406 = ORIENTED_EDGE('',*,*,#10368,.F.);
#10407 = CYLINDRICAL_SURFACE('',#10408,5.35);
#10408 = AXIS2_PLACEMENT_3D('',#10409,#10410,#10411);
#10409 = CARTESIAN_POINT('',(-13.55,61.95,0.));
#10410 = DIRECTION('',(-0.,-0.,-1.));
#10411 = DIRECTION('',(1.,0.,0.));
#10412 = ADVANCED_FACE('',(#10413),#10431,.T.);
#10413 = FACE_BOUND('',#10414,.T.);
#10414 = EDGE_LOOP('',(#10415,#10416,#10424,#10430));
#10415 = ORIENTED_EDGE('',*,*,#8109,.T.);
#10416 = ORIENTED_EDGE('',*,*,#10417,.T.);
#10417 = EDGE_CURVE('',#8101,#10418,#10420,.T.);
#10418 = VERTEX_POINT('',#10419);
#10419 = CARTESIAN_POINT('',(-11.55,56.012106407565,21.));
#10420 = LINE('',#10421,#10422);
#10421 = CARTESIAN_POINT('',(-11.55,56.012106407565,0.));
#10422 = VECTOR('',#10423,1.);
#10423 = DIRECTION('',(0.,0.,1.));
#10424 = ORIENTED_EDGE('',*,*,#10425,.T.);
#10425 = EDGE_CURVE('',#10418,#10393,#10426,.T.);
#10426 = LINE('',#10427,#10428);
#10427 = CARTESIAN_POINT('',(-11.55,59.506053203783,21.));
#10428 = VECTOR('',#10429,1.);
#10429 = DIRECTION('',(0.,1.,0.));
#10430 = ORIENTED_EDGE('',*,*,#10392,.F.);
#10431 = PLANE('',#10432);
#10432 = AXIS2_PLACEMENT_3D('',#10433,#10434,#10435);
#10433 = CARTESIAN_POINT('',(-11.55,56.012106407565,0.));
#10434 = DIRECTION('',(-1.,0.,0.));
#10435 = DIRECTION('',(0.,1.,0.));
#10436 = ADVANCED_FACE('',(#10437),#10456,.F.);
#10437 = FACE_BOUND('',#10438,.T.);
#10438 = EDGE_LOOP('',(#10439,#10440,#10448,#10455));
#10439 = ORIENTED_EDGE('',*,*,#8100,.T.);
#10440 = ORIENTED_EDGE('',*,*,#10441,.T.);
#10441 = EDGE_CURVE('',#8093,#10442,#10444,.T.);
#10442 = VERTEX_POINT('',#10443);
#10443 = CARTESIAN_POINT('',(-8.587893592435,53.05,21.));
#10444 = LINE('',#10445,#10446);
#10445 = CARTESIAN_POINT('',(-8.587893592435,53.05,0.));
#10446 = VECTOR('',#10447,1.);
#10447 = DIRECTION('',(0.,0.,1.));
#10448 = ORIENTED_EDGE('',*,*,#10449,.F.);
#10449 = EDGE_CURVE('',#10418,#10442,#10450,.T.);
#10450 = CIRCLE('',#10451,5.35);
#10451 = AXIS2_PLACEMENT_3D('',#10452,#10453,#10454);
#10452 = CARTESIAN_POINT('',(-13.55,51.05,21.));
#10453 = DIRECTION('',(0.,0.,-1.));
#10454 = DIRECTION('',(1.,0.,0.));
#10455 = ORIENTED_EDGE('',*,*,#10417,.F.);
#10456 = CYLINDRICAL_SURFACE('',#10457,5.35);
#10457 = AXIS2_PLACEMENT_3D('',#10458,#10459,#10460);
#10458 = CARTESIAN_POINT('',(-13.55,51.05,0.));
#10459 = DIRECTION('',(-0.,-0.,-1.));
#10460 = DIRECTION('',(1.,0.,0.));
#10461 = ADVANCED_FACE('',(#10462),#10473,.F.);
#10462 = FACE_BOUND('',#10463,.F.);
#10463 = EDGE_LOOP('',(#10464,#10465,#10466,#10472));
#10464 = ORIENTED_EDGE('',*,*,#8092,.T.);
#10465 = ORIENTED_EDGE('',*,*,#10441,.T.);
#10466 = ORIENTED_EDGE('',*,*,#10467,.T.);
#10467 = EDGE_CURVE('',#10442,#10296,#10468,.T.);
#10468 = LINE('',#10469,#10470);
#10469 = CARTESIAN_POINT('',(-4.293946796217,53.05,21.));
#10470 = VECTOR('',#10471,1.);
#10471 = DIRECTION('',(1.,0.,0.));
#10472 = ORIENTED_EDGE('',*,*,#10304,.F.);
#10473 = PLANE('',#10474);
#10474 = AXIS2_PLACEMENT_3D('',#10475,#10476,#10477);
#10475 = CARTESIAN_POINT('',(-8.587893592435,53.05,0.));
#10476 = DIRECTION('',(0.,1.,0.));
#10477 = DIRECTION('',(1.,0.,0.));
#10478 = ADVANCED_FACE('',(#10479),#10505,.F.);
#10479 = FACE_BOUND('',#10480,.T.);
#10480 = EDGE_LOOP('',(#10481,#10482,#10490,#10499));
#10481 = ORIENTED_EDGE('',*,*,#8151,.T.);
#10482 = ORIENTED_EDGE('',*,*,#10483,.T.);
#10483 = EDGE_CURVE('',#8154,#10484,#10486,.T.);
#10484 = VERTEX_POINT('',#10485);
#10485 = CARTESIAN_POINT('',(2.312106407565,20.35,21.));
#10486 = LINE('',#10487,#10488);
#10487 = CARTESIAN_POINT('',(2.312106407565,20.35,0.));
#10488 = VECTOR('',#10489,1.);
#10489 = DIRECTION('',(0.,0.,1.));
#10490 = ORIENTED_EDGE('',*,*,#10491,.F.);
#10491 = EDGE_CURVE('',#10492,#10484,#10494,.T.);
#10492 = VERTEX_POINT('',#10493);
#10493 = CARTESIAN_POINT('',(-0.65,23.312106407565,21.));
#10494 = CIRCLE('',#10495,5.35);
#10495 = AXIS2_PLACEMENT_3D('',#10496,#10497,#10498);
#10496 = CARTESIAN_POINT('',(-2.65,18.35,21.));
#10497 = DIRECTION('',(0.,0.,-1.));
#10498 = DIRECTION('',(1.,0.,0.));
#10499 = ORIENTED_EDGE('',*,*,#10500,.F.);
#10500 = EDGE_CURVE('',#8152,#10492,#10501,.T.);
#10501 = LINE('',#10502,#10503);
#10502 = CARTESIAN_POINT('',(-0.65,23.312106407565,0.));
#10503 = VECTOR('',#10504,1.);
#10504 = DIRECTION('',(0.,0.,1.));
#10505 = CYLINDRICAL_SURFACE('',#10506,5.35);
#10506 = AXIS2_PLACEMENT_3D('',#10507,#10508,#10509);
#10507 = CARTESIAN_POINT('',(-2.65,18.35,0.));
#10508 = DIRECTION('',(-0.,-0.,-1.));
#10509 = DIRECTION('',(1.,0.,0.));
#10510 = ADVANCED_FACE('',(#10511),#10529,.F.);
#10511 = FACE_BOUND('',#10512,.F.);
#10512 = EDGE_LOOP('',(#10513,#10514,#10515,#10523));
#10513 = ORIENTED_EDGE('',*,*,#8196,.T.);
#10514 = ORIENTED_EDGE('',*,*,#10483,.T.);
#10515 = ORIENTED_EDGE('',*,*,#10516,.T.);
#10516 = EDGE_CURVE('',#10484,#10517,#10519,.T.);
#10517 = VERTEX_POINT('',#10518);
#10518 = CARTESIAN_POINT('',(5.38376127611,20.35,21.));
#10519 = LINE('',#10520,#10521);
#10520 = CARTESIAN_POINT('',(1.156053203783,20.35,21.));
#10521 = VECTOR('',#10522,1.);
#10522 = DIRECTION('',(1.,0.,0.));
#10523 = ORIENTED_EDGE('',*,*,#10524,.F.);
#10524 = EDGE_CURVE('',#8188,#10517,#10525,.T.);
#10525 = LINE('',#10526,#10527);
#10526 = CARTESIAN_POINT('',(5.38376127611,20.35,0.));
#10527 = VECTOR('',#10528,1.);
#10528 = DIRECTION('',(0.,0.,1.));
#10529 = PLANE('',#10530);
#10530 = AXIS2_PLACEMENT_3D('',#10531,#10532,#10533);
#10531 = CARTESIAN_POINT('',(2.312106407565,20.35,0.));
#10532 = DIRECTION('',(0.,1.,0.));
#10533 = DIRECTION('',(1.,0.,0.));
#10534 = ADVANCED_FACE('',(#10535),#10554,.F.);
#10535 = FACE_BOUND('',#10536,.T.);
#10536 = EDGE_LOOP('',(#10537,#10538,#10546,#10553));
#10537 = ORIENTED_EDGE('',*,*,#8187,.T.);
#10538 = ORIENTED_EDGE('',*,*,#10539,.T.);
#10539 = EDGE_CURVE('',#8180,#10540,#10542,.T.);
#10540 = VERTEX_POINT('',#10541);
#10541 = CARTESIAN_POINT('',(4.796297311844,27.25,21.));
#10542 = LINE('',#10543,#10544);
#10543 = CARTESIAN_POINT('',(4.796297311844,27.25,0.));
#10544 = VECTOR('',#10545,1.);
#10545 = DIRECTION('',(0.,0.,1.));
#10546 = ORIENTED_EDGE('',*,*,#10547,.F.);
#10547 = EDGE_CURVE('',#10517,#10540,#10548,.T.);
#10548 = CIRCLE('',#10549,7.35);
#10549 = AXIS2_PLACEMENT_3D('',#10550,#10551,#10552);
#10550 = CARTESIAN_POINT('',(11.55,24.35,21.));
#10551 = DIRECTION('',(0.,0.,-1.));
#10552 = DIRECTION('',(1.,0.,0.));
#10553 = ORIENTED_EDGE('',*,*,#10524,.F.);
#10554 = CYLINDRICAL_SURFACE('',#10555,7.35);
#10555 = AXIS2_PLACEMENT_3D('',#10556,#10557,#10558);
#10556 = CARTESIAN_POINT('',(11.55,24.35,0.));
#10557 = DIRECTION('',(-0.,-0.,-1.));
#10558 = DIRECTION('',(1.,0.,0.));
#10559 = ADVANCED_FACE('',(#10560),#10578,.T.);
#10560 = FACE_BOUND('',#10561,.T.);
#10561 = EDGE_LOOP('',(#10562,#10563,#10571,#10577));
#10562 = ORIENTED_EDGE('',*,*,#8179,.T.);
#10563 = ORIENTED_EDGE('',*,*,#10564,.T.);
#10564 = EDGE_CURVE('',#8171,#10565,#10567,.T.);
#10565 = VERTEX_POINT('',#10566);
#10566 = CARTESIAN_POINT('',(2.312106407565,27.25,21.));
#10567 = LINE('',#10568,#10569);
#10568 = CARTESIAN_POINT('',(2.312106407565,27.25,0.));
#10569 = VECTOR('',#10570,1.);
#10570 = DIRECTION('',(0.,0.,1.));
#10571 = ORIENTED_EDGE('',*,*,#10572,.T.);
#10572 = EDGE_CURVE('',#10565,#10540,#10573,.T.);
#10573 = LINE('',#10574,#10575);
#10574 = CARTESIAN_POINT('',(1.156053203783,27.25,21.));
#10575 = VECTOR('',#10576,1.);
#10576 = DIRECTION('',(1.,0.,0.));
#10577 = ORIENTED_EDGE('',*,*,#10539,.F.);
#10578 = PLANE('',#10579);
#10579 = AXIS2_PLACEMENT_3D('',#10580,#10581,#10582);
#10580 = CARTESIAN_POINT('',(2.312106407565,27.25,0.));
#10581 = DIRECTION('',(0.,1.,0.));
#10582 = DIRECTION('',(1.,0.,0.));
#10583 = ADVANCED_FACE('',(#10584),#10603,.F.);
#10584 = FACE_BOUND('',#10585,.T.);
#10585 = EDGE_LOOP('',(#10586,#10587,#10595,#10602));
#10586 = ORIENTED_EDGE('',*,*,#8170,.T.);
#10587 = ORIENTED_EDGE('',*,*,#10588,.T.);
#10588 = EDGE_CURVE('',#8163,#10589,#10591,.T.);
#10589 = VERTEX_POINT('',#10590);
#10590 = CARTESIAN_POINT('',(-0.65,24.287893592435,21.));
#10591 = LINE('',#10592,#10593);
#10592 = CARTESIAN_POINT('',(-0.65,24.287893592435,0.));
#10593 = VECTOR('',#10594,1.);
#10594 = DIRECTION('',(0.,0.,1.));
#10595 = ORIENTED_EDGE('',*,*,#10596,.F.);
#10596 = EDGE_CURVE('',#10565,#10589,#10597,.T.);
#10597 = CIRCLE('',#10598,5.35);
#10598 = AXIS2_PLACEMENT_3D('',#10599,#10600,#10601);
#10599 = CARTESIAN_POINT('',(-2.65,29.25,21.));
#10600 = DIRECTION('',(0.,0.,-1.));
#10601 = DIRECTION('',(1.,0.,0.));
#10602 = ORIENTED_EDGE('',*,*,#10564,.F.);
#10603 = CYLINDRICAL_SURFACE('',#10604,5.35);
#10604 = AXIS2_PLACEMENT_3D('',#10605,#10606,#10607);
#10605 = CARTESIAN_POINT('',(-2.65,29.25,0.));
#10606 = DIRECTION('',(-0.,-0.,-1.));
#10607 = DIRECTION('',(1.,0.,0.));
#10608 = ADVANCED_FACE('',(#10609),#10620,.F.);
#10609 = FACE_BOUND('',#10610,.F.);
#10610 = EDGE_LOOP('',(#10611,#10612,#10613,#10619));
#10611 = ORIENTED_EDGE('',*,*,#8162,.T.);
#10612 = ORIENTED_EDGE('',*,*,#10588,.T.);
#10613 = ORIENTED_EDGE('',*,*,#10614,.T.);
#10614 = EDGE_CURVE('',#10589,#10492,#10615,.T.);
#10615 = LINE('',#10616,#10617);
#10616 = CARTESIAN_POINT('',(-0.65,43.643946796217,21.));
#10617 = VECTOR('',#10618,1.);
#10618 = DIRECTION('',(0.,-1.,0.));
#10619 = ORIENTED_EDGE('',*,*,#10500,.F.);
#10620 = PLANE('',#10621);
#10621 = AXIS2_PLACEMENT_3D('',#10622,#10623,#10624);
#10622 = CARTESIAN_POINT('',(-0.65,24.287893592435,0.));
#10623 = DIRECTION('',(1.,0.,0.));
#10624 = DIRECTION('',(0.,-1.,0.));
#10625 = ADVANCED_FACE('',(#10626),#10652,.F.);
#10626 = FACE_BOUND('',#10627,.T.);
#10627 = EDGE_LOOP('',(#10628,#10629,#10637,#10646));
#10628 = ORIENTED_EDGE('',*,*,#8204,.T.);
#10629 = ORIENTED_EDGE('',*,*,#10630,.T.);
#10630 = EDGE_CURVE('',#8207,#10631,#10633,.T.);
#10631 = VERTEX_POINT('',#10632);
#10632 = CARTESIAN_POINT('',(2.312106407565,9.45,21.));
#10633 = LINE('',#10634,#10635);
#10634 = CARTESIAN_POINT('',(2.312106407565,9.45,0.));
#10635 = VECTOR('',#10636,1.);
#10636 = DIRECTION('',(0.,0.,1.));
#10637 = ORIENTED_EDGE('',*,*,#10638,.F.);
#10638 = EDGE_CURVE('',#10639,#10631,#10641,.T.);
#10639 = VERTEX_POINT('',#10640);
#10640 = CARTESIAN_POINT('',(-0.65,12.412106407565,21.));
#10641 = CIRCLE('',#10642,5.35);
#10642 = AXIS2_PLACEMENT_3D('',#10643,#10644,#10645);
#10643 = CARTESIAN_POINT('',(-2.65,7.45,21.));
#10644 = DIRECTION('',(0.,0.,-1.));
#10645 = DIRECTION('',(1.,0.,0.));
#10646 = ORIENTED_EDGE('',*,*,#10647,.F.);
#10647 = EDGE_CURVE('',#8205,#10639,#10648,.T.);
#10648 = LINE('',#10649,#10650);
#10649 = CARTESIAN_POINT('',(-0.65,12.412106407565,0.));
#10650 = VECTOR('',#10651,1.);
#10651 = DIRECTION('',(0.,0.,1.));
#10652 = CYLINDRICAL_SURFACE('',#10653,5.35);
#10653 = AXIS2_PLACEMENT_3D('',#10654,#10655,#10656);
#10654 = CARTESIAN_POINT('',(-2.65,7.45,0.));
#10655 = DIRECTION('',(-0.,-0.,-1.));
#10656 = DIRECTION('',(1.,0.,0.));
#10657 = ADVANCED_FACE('',(#10658),#10676,.F.);
#10658 = FACE_BOUND('',#10659,.F.);
#10659 = EDGE_LOOP('',(#10660,#10661,#10662,#10670));
#10660 = ORIENTED_EDGE('',*,*,#8249,.T.);
#10661 = ORIENTED_EDGE('',*,*,#10630,.T.);
#10662 = ORIENTED_EDGE('',*,*,#10663,.T.);
#10663 = EDGE_CURVE('',#10631,#10664,#10666,.T.);
#10664 = VERTEX_POINT('',#10665);
#10665 = CARTESIAN_POINT('',(4.2,9.45,21.));
#10666 = LINE('',#10667,#10668);
#10667 = CARTESIAN_POINT('',(1.156053203783,9.45,21.));
#10668 = VECTOR('',#10669,1.);
#10669 = DIRECTION('',(1.,0.,0.));
#10670 = ORIENTED_EDGE('',*,*,#10671,.F.);
#10671 = EDGE_CURVE('',#8241,#10664,#10672,.T.);
#10672 = LINE('',#10673,#10674);
#10673 = CARTESIAN_POINT('',(4.2,9.45,0.));
#10674 = VECTOR('',#10675,1.);
#10675 = DIRECTION('',(0.,0.,1.));
#10676 = PLANE('',#10677);
#10677 = AXIS2_PLACEMENT_3D('',#10678,#10679,#10680);
#10678 = CARTESIAN_POINT('',(2.312106407565,9.45,0.));
#10679 = DIRECTION('',(0.,1.,0.));
#10680 = DIRECTION('',(1.,0.,0.));
#10681 = ADVANCED_FACE('',(#10682),#10701,.F.);
#10682 = FACE_BOUND('',#10683,.T.);
#10683 = EDGE_LOOP('',(#10684,#10685,#10693,#10700));
#10684 = ORIENTED_EDGE('',*,*,#8240,.T.);
#10685 = ORIENTED_EDGE('',*,*,#10686,.T.);
#10686 = EDGE_CURVE('',#8233,#10687,#10689,.T.);
#10687 = VERTEX_POINT('',#10688);
#10688 = CARTESIAN_POINT('',(9.01770854758,16.35,21.));
#10689 = LINE('',#10690,#10691);
#10690 = CARTESIAN_POINT('',(9.01770854758,16.35,0.));
#10691 = VECTOR('',#10692,1.);
#10692 = DIRECTION('',(0.,0.,1.));
#10693 = ORIENTED_EDGE('',*,*,#10694,.F.);
#10694 = EDGE_CURVE('',#10664,#10687,#10695,.T.);
#10695 = CIRCLE('',#10696,7.35);
#10696 = AXIS2_PLACEMENT_3D('',#10697,#10698,#10699);
#10697 = CARTESIAN_POINT('',(11.55,9.45,21.));
#10698 = DIRECTION('',(0.,0.,-1.));
#10699 = DIRECTION('',(1.,0.,0.));
#10700 = ORIENTED_EDGE('',*,*,#10671,.F.);
#10701 = CYLINDRICAL_SURFACE('',#10702,7.35);
#10702 = AXIS2_PLACEMENT_3D('',#10703,#10704,#10705);
#10703 = CARTESIAN_POINT('',(11.55,9.45,0.));
#10704 = DIRECTION('',(-0.,-0.,-1.));
#10705 = DIRECTION('',(1.,0.,0.));
#10706 = ADVANCED_FACE('',(#10707),#10725,.T.);
#10707 = FACE_BOUND('',#10708,.T.);
#10708 = EDGE_LOOP('',(#10709,#10710,#10718,#10724));
#10709 = ORIENTED_EDGE('',*,*,#8232,.T.);
#10710 = ORIENTED_EDGE('',*,*,#10711,.T.);
#10711 = EDGE_CURVE('',#8224,#10712,#10714,.T.);
#10712 = VERTEX_POINT('',#10713);
#10713 = CARTESIAN_POINT('',(2.312106407565,16.35,21.));
#10714 = LINE('',#10715,#10716);
#10715 = CARTESIAN_POINT('',(2.312106407565,16.35,0.));
#10716 = VECTOR('',#10717,1.);
#10717 = DIRECTION('',(0.,0.,1.));
#10718 = ORIENTED_EDGE('',*,*,#10719,.T.);
#10719 = EDGE_CURVE('',#10712,#10687,#10720,.T.);
#10720 = LINE('',#10721,#10722);
#10721 = CARTESIAN_POINT('',(1.156053203783,16.35,21.));
#10722 = VECTOR('',#10723,1.);
#10723 = DIRECTION('',(1.,0.,0.));
#10724 = ORIENTED_EDGE('',*,*,#10686,.F.);
#10725 = PLANE('',#10726);
#10726 = AXIS2_PLACEMENT_3D('',#10727,#10728,#10729);
#10727 = CARTESIAN_POINT('',(2.312106407565,16.35,0.));
#10728 = DIRECTION('',(0.,1.,0.));
#10729 = DIRECTION('',(1.,0.,0.));
#10730 = ADVANCED_FACE('',(#10731),#10750,.F.);
#10731 = FACE_BOUND('',#10732,.T.);
#10732 = EDGE_LOOP('',(#10733,#10734,#10742,#10749));
#10733 = ORIENTED_EDGE('',*,*,#8223,.T.);
#10734 = ORIENTED_EDGE('',*,*,#10735,.T.);
#10735 = EDGE_CURVE('',#8216,#10736,#10738,.T.);
#10736 = VERTEX_POINT('',#10737);
#10737 = CARTESIAN_POINT('',(-0.65,13.387893592435,21.));
#10738 = LINE('',#10739,#10740);
#10739 = CARTESIAN_POINT('',(-0.65,13.387893592435,0.));
#10740 = VECTOR('',#10741,1.);
#10741 = DIRECTION('',(0.,0.,1.));
#10742 = ORIENTED_EDGE('',*,*,#10743,.F.);
#10743 = EDGE_CURVE('',#10712,#10736,#10744,.T.);
#10744 = CIRCLE('',#10745,5.35);
#10745 = AXIS2_PLACEMENT_3D('',#10746,#10747,#10748);
#10746 = CARTESIAN_POINT('',(-2.65,18.35,21.));
#10747 = DIRECTION('',(0.,0.,-1.));
#10748 = DIRECTION('',(1.,0.,0.));
#10749 = ORIENTED_EDGE('',*,*,#10711,.F.);
#10750 = CYLINDRICAL_SURFACE('',#10751,5.35);
#10751 = AXIS2_PLACEMENT_3D('',#10752,#10753,#10754);
#10752 = CARTESIAN_POINT('',(-2.65,18.35,0.));
#10753 = DIRECTION('',(-0.,-0.,-1.));
#10754 = DIRECTION('',(1.,0.,0.));
#10755 = ADVANCED_FACE('',(#10756),#10767,.F.);
#10756 = FACE_BOUND('',#10757,.F.);
#10757 = EDGE_LOOP('',(#10758,#10759,#10760,#10766));
#10758 = ORIENTED_EDGE('',*,*,#8215,.T.);
#10759 = ORIENTED_EDGE('',*,*,#10735,.T.);
#10760 = ORIENTED_EDGE('',*,*,#10761,.T.);
#10761 = EDGE_CURVE('',#10736,#10639,#10762,.T.);
#10762 = LINE('',#10763,#10764);
#10763 = CARTESIAN_POINT('',(-0.65,38.193946796217,21.));
#10764 = VECTOR('',#10765,1.);
#10765 = DIRECTION('',(0.,-1.,0.));
#10766 = ORIENTED_EDGE('',*,*,#10647,.F.);
#10767 = PLANE('',#10768);
#10768 = AXIS2_PLACEMENT_3D('',#10769,#10770,#10771);
#10769 = CARTESIAN_POINT('',(-0.65,13.387893592435,0.));
#10770 = DIRECTION('',(1.,0.,0.));
#10771 = DIRECTION('',(0.,-1.,0.));
#10772 = ADVANCED_FACE('',(#10773),#10798,.F.);
#10773 = FACE_BOUND('',#10774,.F.);
#10774 = EDGE_LOOP('',(#10775,#10776,#10784,#10792));
#10775 = ORIENTED_EDGE('',*,*,#8257,.T.);
#10776 = ORIENTED_EDGE('',*,*,#10777,.T.);
#10777 = EDGE_CURVE('',#8260,#10778,#10780,.T.);
#10778 = VERTEX_POINT('',#10779);
#10779 = CARTESIAN_POINT('',(8.55,31.25,21.));
#10780 = LINE('',#10781,#10782);
#10781 = CARTESIAN_POINT('',(8.55,31.25,0.));
#10782 = VECTOR('',#10783,1.);
#10783 = DIRECTION('',(0.,0.,1.));
#10784 = ORIENTED_EDGE('',*,*,#10785,.T.);
#10785 = EDGE_CURVE('',#10778,#10786,#10788,.T.);
#10786 = VERTEX_POINT('',#10787);
#10787 = CARTESIAN_POINT('',(8.55,32.540119226096,21.));
#10788 = LINE('',#10789,#10790);
#10789 = CARTESIAN_POINT('',(8.55,47.125,21.));
#10790 = VECTOR('',#10791,1.);
#10791 = DIRECTION('',(0.,1.,0.));
#10792 = ORIENTED_EDGE('',*,*,#10793,.F.);
#10793 = EDGE_CURVE('',#8258,#10786,#10794,.T.);
#10794 = LINE('',#10795,#10796);
#10795 = CARTESIAN_POINT('',(8.55,32.540119226096,0.));
#10796 = VECTOR('',#10797,1.);
#10797 = DIRECTION('',(0.,0.,1.));
#10798 = PLANE('',#10799);
#10799 = AXIS2_PLACEMENT_3D('',#10800,#10801,#10802);
#10800 = CARTESIAN_POINT('',(8.55,31.25,0.));
#10801 = DIRECTION('',(-1.,0.,0.));
#10802 = DIRECTION('',(0.,1.,0.));
#10803 = ADVANCED_FACE('',(#10804),#10823,.F.);
#10804 = FACE_BOUND('',#10805,.T.);
#10805 = EDGE_LOOP('',(#10806,#10807,#10815,#10822));
#10806 = ORIENTED_EDGE('',*,*,#8309,.T.);
#10807 = ORIENTED_EDGE('',*,*,#10808,.T.);
#10808 = EDGE_CURVE('',#8302,#10809,#10811,.T.);
#10809 = VERTEX_POINT('',#10810);
#10810 = CARTESIAN_POINT('',(4.282779073126,38.15,21.));
#10811 = LINE('',#10812,#10813);
#10812 = CARTESIAN_POINT('',(4.282779073126,38.15,0.));
#10813 = VECTOR('',#10814,1.);
#10814 = DIRECTION('',(0.,0.,1.));
#10815 = ORIENTED_EDGE('',*,*,#10816,.F.);
#10816 = EDGE_CURVE('',#10786,#10809,#10817,.T.);
#10817 = CIRCLE('',#10818,7.35);
#10818 = AXIS2_PLACEMENT_3D('',#10819,#10820,#10821);
#10819 = CARTESIAN_POINT('',(11.55,39.25,21.));
#10820 = DIRECTION('',(0.,0.,-1.));
#10821 = DIRECTION('',(1.,0.,0.));
#10822 = ORIENTED_EDGE('',*,*,#10793,.F.);
#10823 = CYLINDRICAL_SURFACE('',#10824,7.35);
#10824 = AXIS2_PLACEMENT_3D('',#10825,#10826,#10827);
#10825 = CARTESIAN_POINT('',(11.55,39.25,0.));
#10826 = DIRECTION('',(-0.,-0.,-1.));
#10827 = DIRECTION('',(1.,0.,0.));
#10828 = ADVANCED_FACE('',(#10829),#10847,.T.);
#10829 = FACE_BOUND('',#10830,.T.);
#10830 = EDGE_LOOP('',(#10831,#10832,#10840,#10846));
#10831 = ORIENTED_EDGE('',*,*,#8301,.T.);
#10832 = ORIENTED_EDGE('',*,*,#10833,.T.);
#10833 = EDGE_CURVE('',#8293,#10834,#10836,.T.);
#10834 = VERTEX_POINT('',#10835);
#10835 = CARTESIAN_POINT('',(2.312106407565,38.15,21.));
#10836 = LINE('',#10837,#10838);
#10837 = CARTESIAN_POINT('',(2.312106407565,38.15,0.));
#10838 = VECTOR('',#10839,1.);
#10839 = DIRECTION('',(0.,0.,1.));
#10840 = ORIENTED_EDGE('',*,*,#10841,.T.);
#10841 = EDGE_CURVE('',#10834,#10809,#10842,.T.);
#10842 = LINE('',#10843,#10844);
#10843 = CARTESIAN_POINT('',(1.156053203783,38.15,21.));
#10844 = VECTOR('',#10845,1.);
#10845 = DIRECTION('',(1.,0.,0.));
#10846 = ORIENTED_EDGE('',*,*,#10808,.F.);
#10847 = PLANE('',#10848);
#10848 = AXIS2_PLACEMENT_3D('',#10849,#10850,#10851);
#10849 = CARTESIAN_POINT('',(2.312106407565,38.15,0.));
#10850 = DIRECTION('',(0.,1.,0.));
#10851 = DIRECTION('',(1.,0.,0.));
#10852 = ADVANCED_FACE('',(#10853),#10872,.F.);
#10853 = FACE_BOUND('',#10854,.T.);
#10854 = EDGE_LOOP('',(#10855,#10856,#10864,#10871));
#10855 = ORIENTED_EDGE('',*,*,#8292,.T.);
#10856 = ORIENTED_EDGE('',*,*,#10857,.T.);
#10857 = EDGE_CURVE('',#8285,#10858,#10860,.T.);
#10858 = VERTEX_POINT('',#10859);
#10859 = CARTESIAN_POINT('',(-0.65,35.187893592435,21.));
#10860 = LINE('',#10861,#10862);
#10861 = CARTESIAN_POINT('',(-0.65,35.187893592435,0.));
#10862 = VECTOR('',#10863,1.);
#10863 = DIRECTION('',(0.,0.,1.));
#10864 = ORIENTED_EDGE('',*,*,#10865,.F.);
#10865 = EDGE_CURVE('',#10834,#10858,#10866,.T.);
#10866 = CIRCLE('',#10867,5.35);
#10867 = AXIS2_PLACEMENT_3D('',#10868,#10869,#10870);
#10868 = CARTESIAN_POINT('',(-2.65,40.15,21.));
#10869 = DIRECTION('',(0.,0.,-1.));
#10870 = DIRECTION('',(1.,0.,0.));
#10871 = ORIENTED_EDGE('',*,*,#10833,.F.);
#10872 = CYLINDRICAL_SURFACE('',#10873,5.35);
#10873 = AXIS2_PLACEMENT_3D('',#10874,#10875,#10876);
#10874 = CARTESIAN_POINT('',(-2.65,40.15,0.));
#10875 = DIRECTION('',(-0.,-0.,-1.));
#10876 = DIRECTION('',(1.,0.,0.));
#10877 = ADVANCED_FACE('',(#10878),#10896,.T.);
#10878 = FACE_BOUND('',#10879,.T.);
#10879 = EDGE_LOOP('',(#10880,#10881,#10889,#10895));
#10880 = ORIENTED_EDGE('',*,*,#8284,.T.);
#10881 = ORIENTED_EDGE('',*,*,#10882,.T.);
#10882 = EDGE_CURVE('',#8276,#10883,#10885,.T.);
#10883 = VERTEX_POINT('',#10884);
#10884 = CARTESIAN_POINT('',(-0.65,34.212106407565,21.));
#10885 = LINE('',#10886,#10887);
#10886 = CARTESIAN_POINT('',(-0.65,34.212106407565,0.));
#10887 = VECTOR('',#10888,1.);
#10888 = DIRECTION('',(0.,0.,1.));
#10889 = ORIENTED_EDGE('',*,*,#10890,.T.);
#10890 = EDGE_CURVE('',#10883,#10858,#10891,.T.);
#10891 = LINE('',#10892,#10893);
#10892 = CARTESIAN_POINT('',(-0.65,48.606053203783,21.));
#10893 = VECTOR('',#10894,1.);
#10894 = DIRECTION('',(0.,1.,0.));
#10895 = ORIENTED_EDGE('',*,*,#10857,.F.);
#10896 = PLANE('',#10897);
#10897 = AXIS2_PLACEMENT_3D('',#10898,#10899,#10900);
#10898 = CARTESIAN_POINT('',(-0.65,34.212106407565,0.));
#10899 = DIRECTION('',(-1.,0.,0.));
#10900 = DIRECTION('',(0.,1.,0.));
#10901 = ADVANCED_FACE('',(#10902),#10921,.F.);
#10902 = FACE_BOUND('',#10903,.T.);
#10903 = EDGE_LOOP('',(#10904,#10905,#10913,#10920));
#10904 = ORIENTED_EDGE('',*,*,#8275,.T.);
#10905 = ORIENTED_EDGE('',*,*,#10906,.T.);
#10906 = EDGE_CURVE('',#8268,#10907,#10909,.T.);
#10907 = VERTEX_POINT('',#10908);
#10908 = CARTESIAN_POINT('',(2.312106407565,31.25,21.));
#10909 = LINE('',#10910,#10911);
#10910 = CARTESIAN_POINT('',(2.312106407565,31.25,0.));
#10911 = VECTOR('',#10912,1.);
#10912 = DIRECTION('',(0.,0.,1.));
#10913 = ORIENTED_EDGE('',*,*,#10914,.F.);
#10914 = EDGE_CURVE('',#10883,#10907,#10915,.T.);
#10915 = CIRCLE('',#10916,5.35);
#10916 = AXIS2_PLACEMENT_3D('',#10917,#10918,#10919);
#10917 = CARTESIAN_POINT('',(-2.65,29.25,21.));
#10918 = DIRECTION('',(0.,0.,-1.));
#10919 = DIRECTION('',(1.,0.,0.));
#10920 = ORIENTED_EDGE('',*,*,#10882,.F.);
#10921 = CYLINDRICAL_SURFACE('',#10922,5.35);
#10922 = AXIS2_PLACEMENT_3D('',#10923,#10924,#10925);
#10923 = CARTESIAN_POINT('',(-2.65,29.25,0.));
#10924 = DIRECTION('',(-0.,-0.,-1.));
#10925 = DIRECTION('',(1.,0.,0.));
#10926 = ADVANCED_FACE('',(#10927),#10938,.F.);
#10927 = FACE_BOUND('',#10928,.F.);
#10928 = EDGE_LOOP('',(#10929,#10930,#10931,#10937));
#10929 = ORIENTED_EDGE('',*,*,#8267,.T.);
#10930 = ORIENTED_EDGE('',*,*,#10906,.T.);
#10931 = ORIENTED_EDGE('',*,*,#10932,.T.);
#10932 = EDGE_CURVE('',#10907,#10778,#10933,.T.);
#10933 = LINE('',#10934,#10935);
#10934 = CARTESIAN_POINT('',(1.156053203783,31.25,21.));
#10935 = VECTOR('',#10936,1.);
#10936 = DIRECTION('',(1.,0.,0.));
#10937 = ORIENTED_EDGE('',*,*,#10777,.F.);
#10938 = PLANE('',#10939);
#10939 = AXIS2_PLACEMENT_3D('',#10940,#10941,#10942);
#10940 = CARTESIAN_POINT('',(2.312106407565,31.25,0.));
#10941 = DIRECTION('',(0.,1.,0.));
#10942 = DIRECTION('',(1.,0.,0.));
#10943 = ADVANCED_FACE('',(#10944),#10970,.F.);
#10944 = FACE_BOUND('',#10945,.T.);
#10945 = EDGE_LOOP('',(#10946,#10947,#10955,#10964));
#10946 = ORIENTED_EDGE('',*,*,#8318,.T.);
#10947 = ORIENTED_EDGE('',*,*,#10948,.T.);
#10948 = EDGE_CURVE('',#8321,#10949,#10951,.T.);
#10949 = VERTEX_POINT('',#10950);
#10950 = CARTESIAN_POINT('',(2.312106407565,53.05,21.));
#10951 = LINE('',#10952,#10953);
#10952 = CARTESIAN_POINT('',(2.312106407565,53.05,0.));
#10953 = VECTOR('',#10954,1.);
#10954 = DIRECTION('',(0.,0.,1.));
#10955 = ORIENTED_EDGE('',*,*,#10956,.F.);
#10956 = EDGE_CURVE('',#10957,#10949,#10959,.T.);
#10957 = VERTEX_POINT('',#10958);
#10958 = CARTESIAN_POINT('',(-0.65,56.012106407565,21.));
#10959 = CIRCLE('',#10960,5.35);
#10960 = AXIS2_PLACEMENT_3D('',#10961,#10962,#10963);
#10961 = CARTESIAN_POINT('',(-2.65,51.05,21.));
#10962 = DIRECTION('',(0.,0.,-1.));
#10963 = DIRECTION('',(1.,0.,0.));
#10964 = ORIENTED_EDGE('',*,*,#10965,.F.);
#10965 = EDGE_CURVE('',#8319,#10957,#10966,.T.);
#10966 = LINE('',#10967,#10968);
#10967 = CARTESIAN_POINT('',(-0.65,56.012106407565,0.));
#10968 = VECTOR('',#10969,1.);
#10969 = DIRECTION('',(0.,0.,1.));
#10970 = CYLINDRICAL_SURFACE('',#10971,5.35);
#10971 = AXIS2_PLACEMENT_3D('',#10972,#10973,#10974);
#10972 = CARTESIAN_POINT('',(-2.65,51.05,0.));
#10973 = DIRECTION('',(-0.,-0.,-1.));
#10974 = DIRECTION('',(1.,0.,0.));
#10975 = ADVANCED_FACE('',(#10976),#10994,.F.);
#10976 = FACE_BOUND('',#10977,.F.);
#10977 = EDGE_LOOP('',(#10978,#10979,#10980,#10988));
#10978 = ORIENTED_EDGE('',*,*,#8363,.T.);
#10979 = ORIENTED_EDGE('',*,*,#10948,.T.);
#10980 = ORIENTED_EDGE('',*,*,#10981,.T.);
#10981 = EDGE_CURVE('',#10949,#10982,#10984,.T.);
#10982 = VERTEX_POINT('',#10983);
#10983 = CARTESIAN_POINT('',(4.282779073126,53.05,21.));
#10984 = LINE('',#10985,#10986);
#10985 = CARTESIAN_POINT('',(1.156053203783,53.05,21.));
#10986 = VECTOR('',#10987,1.);
#10987 = DIRECTION('',(1.,0.,0.));
#10988 = ORIENTED_EDGE('',*,*,#10989,.F.);
#10989 = EDGE_CURVE('',#8355,#10982,#10990,.T.);
#10990 = LINE('',#10991,#10992);
#10991 = CARTESIAN_POINT('',(4.282779073126,53.05,0.));
#10992 = VECTOR('',#10993,1.);
#10993 = DIRECTION('',(0.,0.,1.));
#10994 = PLANE('',#10995);
#10995 = AXIS2_PLACEMENT_3D('',#10996,#10997,#10998);
#10996 = CARTESIAN_POINT('',(2.312106407565,53.05,0.));
#10997 = DIRECTION('',(0.,1.,0.));
#10998 = DIRECTION('',(1.,0.,0.));
#10999 = ADVANCED_FACE('',(#11000),#11019,.F.);
#11000 = FACE_BOUND('',#11001,.T.);
#11001 = EDGE_LOOP('',(#11002,#11003,#11011,#11018));
#11002 = ORIENTED_EDGE('',*,*,#8354,.T.);
#11003 = ORIENTED_EDGE('',*,*,#11004,.T.);
#11004 = EDGE_CURVE('',#8347,#11005,#11007,.T.);
#11005 = VERTEX_POINT('',#11006);
#11006 = CARTESIAN_POINT('',(7.035301781957,59.95,21.));
#11007 = LINE('',#11008,#11009);
#11008 = CARTESIAN_POINT('',(7.035301781957,59.95,0.));
#11009 = VECTOR('',#11010,1.);
#11010 = DIRECTION('',(0.,0.,1.));
#11011 = ORIENTED_EDGE('',*,*,#11012,.F.);
#11012 = EDGE_CURVE('',#10982,#11005,#11013,.T.);
#11013 = CIRCLE('',#11014,7.35);
#11014 = AXIS2_PLACEMENT_3D('',#11015,#11016,#11017);
#11015 = CARTESIAN_POINT('',(11.55,54.15,21.));
#11016 = DIRECTION('',(0.,0.,-1.));
#11017 = DIRECTION('',(1.,0.,0.));
#11018 = ORIENTED_EDGE('',*,*,#10989,.F.);
#11019 = CYLINDRICAL_SURFACE('',#11020,7.35);
#11020 = AXIS2_PLACEMENT_3D('',#11021,#11022,#11023);
#11021 = CARTESIAN_POINT('',(11.55,54.15,0.));
#11022 = DIRECTION('',(-0.,-0.,-1.));
#11023 = DIRECTION('',(1.,0.,0.));
#11024 = ADVANCED_FACE('',(#11025),#11043,.T.);
#11025 = FACE_BOUND('',#11026,.T.);
#11026 = EDGE_LOOP('',(#11027,#11028,#11036,#11042));
#11027 = ORIENTED_EDGE('',*,*,#8346,.T.);
#11028 = ORIENTED_EDGE('',*,*,#11029,.T.);
#11029 = EDGE_CURVE('',#8338,#11030,#11032,.T.);
#11030 = VERTEX_POINT('',#11031);
#11031 = CARTESIAN_POINT('',(2.312106407565,59.95,21.));
#11032 = LINE('',#11033,#11034);
#11033 = CARTESIAN_POINT('',(2.312106407565,59.95,0.));
#11034 = VECTOR('',#11035,1.);
#11035 = DIRECTION('',(0.,0.,1.));
#11036 = ORIENTED_EDGE('',*,*,#11037,.T.);
#11037 = EDGE_CURVE('',#11030,#11005,#11038,.T.);
#11038 = LINE('',#11039,#11040);
#11039 = CARTESIAN_POINT('',(1.156053203783,59.95,21.));
#11040 = VECTOR('',#11041,1.);
#11041 = DIRECTION('',(1.,0.,0.));
#11042 = ORIENTED_EDGE('',*,*,#11004,.F.);
#11043 = PLANE('',#11044);
#11044 = AXIS2_PLACEMENT_3D('',#11045,#11046,#11047);
#11045 = CARTESIAN_POINT('',(2.312106407565,59.95,0.));
#11046 = DIRECTION('',(0.,1.,0.));
#11047 = DIRECTION('',(1.,0.,0.));
#11048 = ADVANCED_FACE('',(#11049),#11068,.F.);
#11049 = FACE_BOUND('',#11050,.T.);
#11050 = EDGE_LOOP('',(#11051,#11052,#11060,#11067));
#11051 = ORIENTED_EDGE('',*,*,#8337,.T.);
#11052 = ORIENTED_EDGE('',*,*,#11053,.T.);
#11053 = EDGE_CURVE('',#8330,#11054,#11056,.T.);
#11054 = VERTEX_POINT('',#11055);
#11055 = CARTESIAN_POINT('',(-0.65,56.987893592435,21.));
#11056 = LINE('',#11057,#11058);
#11057 = CARTESIAN_POINT('',(-0.65,56.987893592435,0.));
#11058 = VECTOR('',#11059,1.);
#11059 = DIRECTION('',(0.,0.,1.));
#11060 = ORIENTED_EDGE('',*,*,#11061,.F.);
#11061 = EDGE_CURVE('',#11030,#11054,#11062,.T.);
#11062 = CIRCLE('',#11063,5.35);
#11063 = AXIS2_PLACEMENT_3D('',#11064,#11065,#11066);
#11064 = CARTESIAN_POINT('',(-2.65,61.95,21.));
#11065 = DIRECTION('',(0.,0.,-1.));
#11066 = DIRECTION('',(1.,0.,0.));
#11067 = ORIENTED_EDGE('',*,*,#11029,.F.);
#11068 = CYLINDRICAL_SURFACE('',#11069,5.35);
#11069 = AXIS2_PLACEMENT_3D('',#11070,#11071,#11072);
#11070 = CARTESIAN_POINT('',(-2.65,61.95,0.));
#11071 = DIRECTION('',(-0.,-0.,-1.));
#11072 = DIRECTION('',(1.,0.,0.));
#11073 = ADVANCED_FACE('',(#11074),#11085,.T.);
#11074 = FACE_BOUND('',#11075,.T.);
#11075 = EDGE_LOOP('',(#11076,#11077,#11078,#11084));
#11076 = ORIENTED_EDGE('',*,*,#8329,.T.);
#11077 = ORIENTED_EDGE('',*,*,#10965,.T.);
#11078 = ORIENTED_EDGE('',*,*,#11079,.T.);
#11079 = EDGE_CURVE('',#10957,#11054,#11080,.T.);
#11080 = LINE('',#11081,#11082);
#11081 = CARTESIAN_POINT('',(-0.65,59.506053203783,21.));
#11082 = VECTOR('',#11083,1.);
#11083 = DIRECTION('',(0.,1.,0.));
#11084 = ORIENTED_EDGE('',*,*,#11053,.F.);
#11085 = PLANE('',#11086);
#11086 = AXIS2_PLACEMENT_3D('',#11087,#11088,#11089);
#11087 = CARTESIAN_POINT('',(-0.65,56.012106407565,0.));
#11088 = DIRECTION('',(-1.,0.,0.));
#11089 = DIRECTION('',(0.,1.,0.));
#11090 = ADVANCED_FACE('',(#11091),#11117,.F.);
#11091 = FACE_BOUND('',#11092,.T.);
#11092 = EDGE_LOOP('',(#11093,#11094,#11102,#11111));
#11093 = ORIENTED_EDGE('',*,*,#8371,.T.);
#11094 = ORIENTED_EDGE('',*,*,#11095,.T.);
#11095 = EDGE_CURVE('',#8374,#11096,#11098,.T.);
#11096 = VERTEX_POINT('',#11097);
#11097 = CARTESIAN_POINT('',(2.312106407565,42.15,21.));
#11098 = LINE('',#11099,#11100);
#11099 = CARTESIAN_POINT('',(2.312106407565,42.15,0.));
#11100 = VECTOR('',#11101,1.);
#11101 = DIRECTION('',(0.,0.,1.));
#11102 = ORIENTED_EDGE('',*,*,#11103,.F.);
#11103 = EDGE_CURVE('',#11104,#11096,#11106,.T.);
#11104 = VERTEX_POINT('',#11105);
#11105 = CARTESIAN_POINT('',(-0.65,45.112106407565,21.));
#11106 = CIRCLE('',#11107,5.35);
#11107 = AXIS2_PLACEMENT_3D('',#11108,#11109,#11110);
#11108 = CARTESIAN_POINT('',(-2.65,40.15,21.));
#11109 = DIRECTION('',(0.,0.,-1.));
#11110 = DIRECTION('',(1.,0.,0.));
#11111 = ORIENTED_EDGE('',*,*,#11112,.F.);
#11112 = EDGE_CURVE('',#8372,#11104,#11113,.T.);
#11113 = LINE('',#11114,#11115);
#11114 = CARTESIAN_POINT('',(-0.65,45.112106407565,0.));
#11115 = VECTOR('',#11116,1.);
#11116 = DIRECTION('',(0.,0.,1.));
#11117 = CYLINDRICAL_SURFACE('',#11118,5.35);
#11118 = AXIS2_PLACEMENT_3D('',#11119,#11120,#11121);
#11119 = CARTESIAN_POINT('',(-2.65,40.15,0.));
#11120 = DIRECTION('',(-0.,-0.,-1.));
#11121 = DIRECTION('',(1.,0.,0.));
#11122 = ADVANCED_FACE('',(#11123),#11141,.F.);
#11123 = FACE_BOUND('',#11124,.F.);
#11124 = EDGE_LOOP('',(#11125,#11126,#11127,#11135));
#11125 = ORIENTED_EDGE('',*,*,#8433,.T.);
#11126 = ORIENTED_EDGE('',*,*,#11095,.T.);
#11127 = ORIENTED_EDGE('',*,*,#11128,.T.);
#11128 = EDGE_CURVE('',#11096,#11129,#11131,.T.);
#11129 = VERTEX_POINT('',#11130);
#11130 = CARTESIAN_POINT('',(4.796297311844,42.15,21.));
#11131 = LINE('',#11132,#11133);
#11132 = CARTESIAN_POINT('',(1.156053203783,42.15,21.));
#11133 = VECTOR('',#11134,1.);
#11134 = DIRECTION('',(1.,0.,0.));
#11135 = ORIENTED_EDGE('',*,*,#11136,.F.);
#11136 = EDGE_CURVE('',#8425,#11129,#11137,.T.);
#11137 = LINE('',#11138,#11139);
#11138 = CARTESIAN_POINT('',(4.796297311844,42.15,0.));
#11139 = VECTOR('',#11140,1.);
#11140 = DIRECTION('',(0.,0.,1.));
#11141 = PLANE('',#11142);
#11142 = AXIS2_PLACEMENT_3D('',#11143,#11144,#11145);
#11143 = CARTESIAN_POINT('',(2.312106407565,42.15,0.));
#11144 = DIRECTION('',(0.,1.,0.));
#11145 = DIRECTION('',(1.,0.,0.));
#11146 = ADVANCED_FACE('',(#11147),#11166,.F.);
#11147 = FACE_BOUND('',#11148,.T.);
#11148 = EDGE_LOOP('',(#11149,#11150,#11158,#11165));
#11149 = ORIENTED_EDGE('',*,*,#8424,.T.);
#11150 = ORIENTED_EDGE('',*,*,#11151,.T.);
#11151 = EDGE_CURVE('',#8417,#11152,#11154,.T.);
#11152 = VERTEX_POINT('',#11153);
#11153 = CARTESIAN_POINT('',(8.55,45.959880773904,21.));
#11154 = LINE('',#11155,#11156);
#11155 = CARTESIAN_POINT('',(8.55,45.959880773904,0.));
#11156 = VECTOR('',#11157,1.);
#11157 = DIRECTION('',(0.,0.,1.));
#11158 = ORIENTED_EDGE('',*,*,#11159,.F.);
#11159 = EDGE_CURVE('',#11129,#11152,#11160,.T.);
#11160 = CIRCLE('',#11161,7.35);
#11161 = AXIS2_PLACEMENT_3D('',#11162,#11163,#11164);
#11162 = CARTESIAN_POINT('',(11.55,39.25,21.));
#11163 = DIRECTION('',(0.,0.,-1.));
#11164 = DIRECTION('',(1.,0.,0.));
#11165 = ORIENTED_EDGE('',*,*,#11136,.F.);
#11166 = CYLINDRICAL_SURFACE('',#11167,7.35);
#11167 = AXIS2_PLACEMENT_3D('',#11168,#11169,#11170);
#11168 = CARTESIAN_POINT('',(11.55,39.25,0.));
#11169 = DIRECTION('',(-0.,-0.,-1.));
#11170 = DIRECTION('',(1.,0.,0.));
#11171 = ADVANCED_FACE('',(#11172),#11190,.T.);
#11172 = FACE_BOUND('',#11173,.T.);
#11173 = EDGE_LOOP('',(#11174,#11175,#11183,#11189));
#11174 = ORIENTED_EDGE('',*,*,#8416,.T.);
#11175 = ORIENTED_EDGE('',*,*,#11176,.T.);
#11176 = EDGE_CURVE('',#8408,#11177,#11179,.T.);
#11177 = VERTEX_POINT('',#11178);
#11178 = CARTESIAN_POINT('',(8.55,47.440119226096,21.));
#11179 = LINE('',#11180,#11181);
#11180 = CARTESIAN_POINT('',(8.55,47.440119226096,0.));
#11181 = VECTOR('',#11182,1.);
#11182 = DIRECTION('',(0.,0.,1.));
#11183 = ORIENTED_EDGE('',*,*,#11184,.T.);
#11184 = EDGE_CURVE('',#11177,#11152,#11185,.T.);
#11185 = LINE('',#11186,#11187);
#11186 = CARTESIAN_POINT('',(8.55,55.220059613048,21.));
#11187 = VECTOR('',#11188,1.);
#11188 = DIRECTION('',(0.,-1.,0.));
#11189 = ORIENTED_EDGE('',*,*,#11151,.F.);
#11190 = PLANE('',#11191);
#11191 = AXIS2_PLACEMENT_3D('',#11192,#11193,#11194);
#11192 = CARTESIAN_POINT('',(8.55,47.440119226096,0.));
#11193 = DIRECTION('',(1.,0.,0.));
#11194 = DIRECTION('',(0.,-1.,0.));
#11195 = ADVANCED_FACE('',(#11196),#11215,.F.);
#11196 = FACE_BOUND('',#11197,.T.);
#11197 = EDGE_LOOP('',(#11198,#11199,#11207,#11214));
#11198 = ORIENTED_EDGE('',*,*,#8407,.T.);
#11199 = ORIENTED_EDGE('',*,*,#11200,.T.);
#11200 = EDGE_CURVE('',#8400,#11201,#11203,.T.);
#11201 = VERTEX_POINT('',#11202);
#11202 = CARTESIAN_POINT('',(6.257316370687,49.05,21.));
#11203 = LINE('',#11204,#11205);
#11204 = CARTESIAN_POINT('',(6.257316370687,49.05,0.));
#11205 = VECTOR('',#11206,1.);
#11206 = DIRECTION('',(0.,0.,1.));
#11207 = ORIENTED_EDGE('',*,*,#11208,.F.);
#11208 = EDGE_CURVE('',#11177,#11201,#11209,.T.);
#11209 = CIRCLE('',#11210,7.35);
#11210 = AXIS2_PLACEMENT_3D('',#11211,#11212,#11213);
#11211 = CARTESIAN_POINT('',(11.55,54.15,21.));
#11212 = DIRECTION('',(0.,0.,-1.));
#11213 = DIRECTION('',(1.,0.,0.));
#11214 = ORIENTED_EDGE('',*,*,#11176,.F.);
#11215 = CYLINDRICAL_SURFACE('',#11216,7.35);
#11216 = AXIS2_PLACEMENT_3D('',#11217,#11218,#11219);
#11217 = CARTESIAN_POINT('',(11.55,54.15,0.));
#11218 = DIRECTION('',(-0.,-0.,-1.));
#11219 = DIRECTION('',(1.,0.,0.));
#11220 = ADVANCED_FACE('',(#11221),#11239,.T.);
#11221 = FACE_BOUND('',#11222,.T.);
#11222 = EDGE_LOOP('',(#11223,#11224,#11232,#11238));
#11223 = ORIENTED_EDGE('',*,*,#8399,.T.);
#11224 = ORIENTED_EDGE('',*,*,#11225,.T.);
#11225 = EDGE_CURVE('',#8391,#11226,#11228,.T.);
#11226 = VERTEX_POINT('',#11227);
#11227 = CARTESIAN_POINT('',(2.312106407565,49.05,21.));
#11228 = LINE('',#11229,#11230);
#11229 = CARTESIAN_POINT('',(2.312106407565,49.05,0.));
#11230 = VECTOR('',#11231,1.);
#11231 = DIRECTION('',(0.,0.,1.));
#11232 = ORIENTED_EDGE('',*,*,#11233,.T.);
#11233 = EDGE_CURVE('',#11226,#11201,#11234,.T.);
#11234 = LINE('',#11235,#11236);
#11235 = CARTESIAN_POINT('',(1.156053203783,49.05,21.));
#11236 = VECTOR('',#11237,1.);
#11237 = DIRECTION('',(1.,0.,0.));
#11238 = ORIENTED_EDGE('',*,*,#11200,.F.);
#11239 = PLANE('',#11240);
#11240 = AXIS2_PLACEMENT_3D('',#11241,#11242,#11243);
#11241 = CARTESIAN_POINT('',(2.312106407565,49.05,0.));
#11242 = DIRECTION('',(0.,1.,0.));
#11243 = DIRECTION('',(1.,0.,0.));
#11244 = ADVANCED_FACE('',(#11245),#11264,.F.);
#11245 = FACE_BOUND('',#11246,.T.);
#11246 = EDGE_LOOP('',(#11247,#11248,#11256,#11263));
#11247 = ORIENTED_EDGE('',*,*,#8390,.T.);
#11248 = ORIENTED_EDGE('',*,*,#11249,.T.);
#11249 = EDGE_CURVE('',#8383,#11250,#11252,.T.);
#11250 = VERTEX_POINT('',#11251);
#11251 = CARTESIAN_POINT('',(-0.65,46.087893592435,21.));
#11252 = LINE('',#11253,#11254);
#11253 = CARTESIAN_POINT('',(-0.65,46.087893592435,0.));
#11254 = VECTOR('',#11255,1.);
#11255 = DIRECTION('',(0.,0.,1.));
#11256 = ORIENTED_EDGE('',*,*,#11257,.F.);
#11257 = EDGE_CURVE('',#11226,#11250,#11258,.T.);
#11258 = CIRCLE('',#11259,5.35);
#11259 = AXIS2_PLACEMENT_3D('',#11260,#11261,#11262);
#11260 = CARTESIAN_POINT('',(-2.65,51.05,21.));
#11261 = DIRECTION('',(0.,0.,-1.));
#11262 = DIRECTION('',(1.,0.,0.));
#11263 = ORIENTED_EDGE('',*,*,#11225,.F.);
#11264 = CYLINDRICAL_SURFACE('',#11265,5.35);
#11265 = AXIS2_PLACEMENT_3D('',#11266,#11267,#11268);
#11266 = CARTESIAN_POINT('',(-2.65,51.05,0.));
#11267 = DIRECTION('',(-0.,-0.,-1.));
#11268 = DIRECTION('',(1.,0.,0.));
#11269 = ADVANCED_FACE('',(#11270),#11281,.T.);
#11270 = FACE_BOUND('',#11271,.T.);
#11271 = EDGE_LOOP('',(#11272,#11273,#11274,#11280));
#11272 = ORIENTED_EDGE('',*,*,#8382,.T.);
#11273 = ORIENTED_EDGE('',*,*,#11112,.T.);
#11274 = ORIENTED_EDGE('',*,*,#11275,.T.);
#11275 = EDGE_CURVE('',#11104,#11250,#11276,.T.);
#11276 = LINE('',#11277,#11278);
#11277 = CARTESIAN_POINT('',(-0.65,54.056053203783,21.));
#11278 = VECTOR('',#11279,1.);
#11279 = DIRECTION('',(0.,1.,0.));
#11280 = ORIENTED_EDGE('',*,*,#11249,.F.);
#11281 = PLANE('',#11282);
#11282 = AXIS2_PLACEMENT_3D('',#11283,#11284,#11285);
#11283 = CARTESIAN_POINT('',(-0.65,45.112106407565,0.));
#11284 = DIRECTION('',(-1.,0.,0.));
#11285 = DIRECTION('',(0.,1.,0.));
#11286 = ADVANCED_FACE('',(#11287),#11313,.F.);
#11287 = FACE_BOUND('',#11288,.T.);
#11288 = EDGE_LOOP('',(#11289,#11290,#11298,#11307));
#11289 = ORIENTED_EDGE('',*,*,#8441,.T.);
#11290 = ORIENTED_EDGE('',*,*,#11291,.T.);
#11291 = EDGE_CURVE('',#8444,#11292,#11294,.T.);
#11292 = VERTEX_POINT('',#11293);
#11293 = CARTESIAN_POINT('',(-4.65,66.912106407565,21.));
#11294 = LINE('',#11295,#11296);
#11295 = CARTESIAN_POINT('',(-4.65,66.912106407565,0.));
#11296 = VECTOR('',#11297,1.);
#11297 = DIRECTION('',(0.,0.,1.));
#11298 = ORIENTED_EDGE('',*,*,#11299,.F.);
#11299 = EDGE_CURVE('',#11300,#11292,#11302,.T.);
#11300 = VERTEX_POINT('',#11301);
#11301 = CARTESIAN_POINT('',(-7.612106407565,63.95,21.));
#11302 = CIRCLE('',#11303,5.35);
#11303 = AXIS2_PLACEMENT_3D('',#11304,#11305,#11306);
#11304 = CARTESIAN_POINT('',(-2.65,61.95,21.));
#11305 = DIRECTION('',(0.,0.,-1.));
#11306 = DIRECTION('',(1.,0.,0.));
#11307 = ORIENTED_EDGE('',*,*,#11308,.F.);
#11308 = EDGE_CURVE('',#8442,#11300,#11309,.T.);
#11309 = LINE('',#11310,#11311);
#11310 = CARTESIAN_POINT('',(-7.612106407565,63.95,0.));
#11311 = VECTOR('',#11312,1.);
#11312 = DIRECTION('',(0.,0.,1.));
#11313 = CYLINDRICAL_SURFACE('',#11314,5.35);
#11314 = AXIS2_PLACEMENT_3D('',#11315,#11316,#11317);
#11315 = CARTESIAN_POINT('',(-2.65,61.95,0.));
#11316 = DIRECTION('',(-0.,-0.,-1.));
#11317 = DIRECTION('',(1.,0.,0.));
#11318 = ADVANCED_FACE('',(#11319),#11337,.F.);
#11319 = FACE_BOUND('',#11320,.F.);
#11320 = EDGE_LOOP('',(#11321,#11322,#11323,#11331));
#11321 = ORIENTED_EDGE('',*,*,#8503,.T.);
#11322 = ORIENTED_EDGE('',*,*,#11291,.T.);
#11323 = ORIENTED_EDGE('',*,*,#11324,.T.);
#11324 = EDGE_CURVE('',#11292,#11325,#11327,.T.);
#11325 = VERTEX_POINT('',#11326);
#11326 = CARTESIAN_POINT('',(-4.65,67.887893592435,21.));
#11327 = LINE('',#11328,#11329);
#11328 = CARTESIAN_POINT('',(-4.65,64.956053203783,21.));
#11329 = VECTOR('',#11330,1.);
#11330 = DIRECTION('',(0.,1.,0.));
#11331 = ORIENTED_EDGE('',*,*,#11332,.F.);
#11332 = EDGE_CURVE('',#8495,#11325,#11333,.T.);
#11333 = LINE('',#11334,#11335);
#11334 = CARTESIAN_POINT('',(-4.65,67.887893592435,0.));
#11335 = VECTOR('',#11336,1.);
#11336 = DIRECTION('',(0.,0.,1.));
#11337 = PLANE('',#11338);
#11338 = AXIS2_PLACEMENT_3D('',#11339,#11340,#11341);
#11339 = CARTESIAN_POINT('',(-4.65,66.912106407565,0.));
#11340 = DIRECTION('',(-1.,0.,0.));
#11341 = DIRECTION('',(0.,1.,0.));
#11342 = ADVANCED_FACE('',(#11343),#11362,.F.);
#11343 = FACE_BOUND('',#11344,.T.);
#11344 = EDGE_LOOP('',(#11345,#11346,#11354,#11361));
#11345 = ORIENTED_EDGE('',*,*,#8494,.T.);
#11346 = ORIENTED_EDGE('',*,*,#11347,.T.);
#11347 = EDGE_CURVE('',#8487,#11348,#11350,.T.);
#11348 = VERTEX_POINT('',#11349);
#11349 = CARTESIAN_POINT('',(-7.612106407565,70.85,21.));
#11350 = LINE('',#11351,#11352);
#11351 = CARTESIAN_POINT('',(-7.612106407565,70.85,0.));
#11352 = VECTOR('',#11353,1.);
#11353 = DIRECTION('',(0.,0.,1.));
#11354 = ORIENTED_EDGE('',*,*,#11355,.F.);
#11355 = EDGE_CURVE('',#11325,#11348,#11356,.T.);
#11356 = CIRCLE('',#11357,5.35);
#11357 = AXIS2_PLACEMENT_3D('',#11358,#11359,#11360);
#11358 = CARTESIAN_POINT('',(-2.65,72.85,21.));
#11359 = DIRECTION('',(0.,0.,-1.));
#11360 = DIRECTION('',(1.,0.,0.));
#11361 = ORIENTED_EDGE('',*,*,#11332,.F.);
#11362 = CYLINDRICAL_SURFACE('',#11363,5.35);
#11363 = AXIS2_PLACEMENT_3D('',#11364,#11365,#11366);
#11364 = CARTESIAN_POINT('',(-2.65,72.85,0.));
#11365 = DIRECTION('',(-0.,-0.,-1.));
#11366 = DIRECTION('',(1.,0.,0.));
#11367 = ADVANCED_FACE('',(#11368),#11386,.T.);
#11368 = FACE_BOUND('',#11369,.T.);
#11369 = EDGE_LOOP('',(#11370,#11371,#11379,#11385));
#11370 = ORIENTED_EDGE('',*,*,#8486,.T.);
#11371 = ORIENTED_EDGE('',*,*,#11372,.T.);
#11372 = EDGE_CURVE('',#8478,#11373,#11375,.T.);
#11373 = VERTEX_POINT('',#11374);
#11374 = CARTESIAN_POINT('',(-8.587893592435,70.85,21.));
#11375 = LINE('',#11376,#11377);
#11376 = CARTESIAN_POINT('',(-8.587893592435,70.85,0.));
#11377 = VECTOR('',#11378,1.);
#11378 = DIRECTION('',(0.,0.,1.));
#11379 = ORIENTED_EDGE('',*,*,#11380,.T.);
#11380 = EDGE_CURVE('',#11373,#11348,#11381,.T.);
#11381 = LINE('',#11382,#11383);
#11382 = CARTESIAN_POINT('',(-4.293946796217,70.85,21.));
#11383 = VECTOR('',#11384,1.);
#11384 = DIRECTION('',(1.,0.,0.));
#11385 = ORIENTED_EDGE('',*,*,#11347,.F.);
#11386 = PLANE('',#11387);
#11387 = AXIS2_PLACEMENT_3D('',#11388,#11389,#11390);
#11388 = CARTESIAN_POINT('',(-8.587893592435,70.85,0.));
#11389 = DIRECTION('',(0.,1.,0.));
#11390 = DIRECTION('',(1.,0.,0.));
#11391 = ADVANCED_FACE('',(#11392),#11411,.F.);
#11392 = FACE_BOUND('',#11393,.T.);
#11393 = EDGE_LOOP('',(#11394,#11395,#11403,#11410));
#11394 = ORIENTED_EDGE('',*,*,#8477,.T.);
#11395 = ORIENTED_EDGE('',*,*,#11396,.T.);
#11396 = EDGE_CURVE('',#8470,#11397,#11399,.T.);
#11397 = VERTEX_POINT('',#11398);
#11398 = CARTESIAN_POINT('',(-11.55,67.887893592435,21.));
#11399 = LINE('',#11400,#11401);
#11400 = CARTESIAN_POINT('',(-11.55,67.887893592435,0.));
#11401 = VECTOR('',#11402,1.);
#11402 = DIRECTION('',(0.,0.,1.));
#11403 = ORIENTED_EDGE('',*,*,#11404,.F.);
#11404 = EDGE_CURVE('',#11373,#11397,#11405,.T.);
#11405 = CIRCLE('',#11406,5.35);
#11406 = AXIS2_PLACEMENT_3D('',#11407,#11408,#11409);
#11407 = CARTESIAN_POINT('',(-13.55,72.85,21.));
#11408 = DIRECTION('',(0.,0.,-1.));
#11409 = DIRECTION('',(1.,0.,0.));
#11410 = ORIENTED_EDGE('',*,*,#11372,.F.);
#11411 = CYLINDRICAL_SURFACE('',#11412,5.35);
#11412 = AXIS2_PLACEMENT_3D('',#11413,#11414,#11415);
#11413 = CARTESIAN_POINT('',(-13.55,72.85,0.));
#11414 = DIRECTION('',(-0.,-0.,-1.));
#11415 = DIRECTION('',(1.,0.,0.));
#11416 = ADVANCED_FACE('',(#11417),#11435,.T.);
#11417 = FACE_BOUND('',#11418,.T.);
#11418 = EDGE_LOOP('',(#11419,#11420,#11428,#11434));
#11419 = ORIENTED_EDGE('',*,*,#8469,.T.);
#11420 = ORIENTED_EDGE('',*,*,#11421,.T.);
#11421 = EDGE_CURVE('',#8461,#11422,#11424,.T.);
#11422 = VERTEX_POINT('',#11423);
#11423 = CARTESIAN_POINT('',(-11.55,66.912106407565,21.));
#11424 = LINE('',#11425,#11426);
#11425 = CARTESIAN_POINT('',(-11.55,66.912106407565,0.));
#11426 = VECTOR('',#11427,1.);
#11427 = DIRECTION('',(0.,0.,1.));
#11428 = ORIENTED_EDGE('',*,*,#11429,.T.);
#11429 = EDGE_CURVE('',#11422,#11397,#11430,.T.);
#11430 = LINE('',#11431,#11432);
#11431 = CARTESIAN_POINT('',(-11.55,64.956053203783,21.));
#11432 = VECTOR('',#11433,1.);
#11433 = DIRECTION('',(0.,1.,0.));
#11434 = ORIENTED_EDGE('',*,*,#11396,.F.);
#11435 = PLANE('',#11436);
#11436 = AXIS2_PLACEMENT_3D('',#11437,#11438,#11439);
#11437 = CARTESIAN_POINT('',(-11.55,66.912106407565,0.));
#11438 = DIRECTION('',(-1.,0.,0.));
#11439 = DIRECTION('',(0.,1.,0.));
#11440 = ADVANCED_FACE('',(#11441),#11460,.F.);
#11441 = FACE_BOUND('',#11442,.T.);
#11442 = EDGE_LOOP('',(#11443,#11444,#11452,#11459));
#11443 = ORIENTED_EDGE('',*,*,#8460,.T.);
#11444 = ORIENTED_EDGE('',*,*,#11445,.T.);
#11445 = EDGE_CURVE('',#8453,#11446,#11448,.T.);
#11446 = VERTEX_POINT('',#11447);
#11447 = CARTESIAN_POINT('',(-8.587893592435,63.95,21.));
#11448 = LINE('',#11449,#11450);
#11449 = CARTESIAN_POINT('',(-8.587893592435,63.95,0.));
#11450 = VECTOR('',#11451,1.);
#11451 = DIRECTION('',(0.,0.,1.));
#11452 = ORIENTED_EDGE('',*,*,#11453,.F.);
#11453 = EDGE_CURVE('',#11422,#11446,#11454,.T.);
#11454 = CIRCLE('',#11455,5.35);
#11455 = AXIS2_PLACEMENT_3D('',#11456,#11457,#11458);
#11456 = CARTESIAN_POINT('',(-13.55,61.95,21.));
#11457 = DIRECTION('',(0.,0.,-1.));
#11458 = DIRECTION('',(1.,0.,0.));
#11459 = ORIENTED_EDGE('',*,*,#11421,.F.);
#11460 = CYLINDRICAL_SURFACE('',#11461,5.35);
#11461 = AXIS2_PLACEMENT_3D('',#11462,#11463,#11464);
#11462 = CARTESIAN_POINT('',(-13.55,61.95,0.));
#11463 = DIRECTION('',(-0.,-0.,-1.));
#11464 = DIRECTION('',(1.,0.,0.));
#11465 = ADVANCED_FACE('',(#11466),#11477,.F.);
#11466 = FACE_BOUND('',#11467,.F.);
#11467 = EDGE_LOOP('',(#11468,#11469,#11470,#11476));
#11468 = ORIENTED_EDGE('',*,*,#8452,.T.);
#11469 = ORIENTED_EDGE('',*,*,#11445,.T.);
#11470 = ORIENTED_EDGE('',*,*,#11471,.T.);
#11471 = EDGE_CURVE('',#11446,#11300,#11472,.T.);
#11472 = LINE('',#11473,#11474);
#11473 = CARTESIAN_POINT('',(-4.293946796217,63.95,21.));
#11474 = VECTOR('',#11475,1.);
#11475 = DIRECTION('',(1.,0.,0.));
#11476 = ORIENTED_EDGE('',*,*,#11308,.F.);
#11477 = PLANE('',#11478);
#11478 = AXIS2_PLACEMENT_3D('',#11479,#11480,#11481);
#11479 = CARTESIAN_POINT('',(-8.587893592435,63.95,0.));
#11480 = DIRECTION('',(0.,1.,0.));
#11481 = DIRECTION('',(1.,0.,0.));
#11482 = ADVANCED_FACE('',(#11483),#11509,.F.);
#11483 = FACE_BOUND('',#11484,.T.);
#11484 = EDGE_LOOP('',(#11485,#11486,#11494,#11503));
#11485 = ORIENTED_EDGE('',*,*,#8511,.T.);
#11486 = ORIENTED_EDGE('',*,*,#11487,.T.);
#11487 = EDGE_CURVE('',#8514,#11488,#11490,.T.);
#11488 = VERTEX_POINT('',#11489);
#11489 = CARTESIAN_POINT('',(-4.65,77.812106407565,21.));
#11490 = LINE('',#11491,#11492);
#11491 = CARTESIAN_POINT('',(-4.65,77.812106407565,0.));
#11492 = VECTOR('',#11493,1.);
#11493 = DIRECTION('',(0.,0.,1.));
#11494 = ORIENTED_EDGE('',*,*,#11495,.F.);
#11495 = EDGE_CURVE('',#11496,#11488,#11498,.T.);
#11496 = VERTEX_POINT('',#11497);
#11497 = CARTESIAN_POINT('',(-7.612106407565,74.85,21.));
#11498 = CIRCLE('',#11499,5.35);
#11499 = AXIS2_PLACEMENT_3D('',#11500,#11501,#11502);
#11500 = CARTESIAN_POINT('',(-2.65,72.85,21.));
#11501 = DIRECTION('',(0.,0.,-1.));
#11502 = DIRECTION('',(1.,0.,0.));
#11503 = ORIENTED_EDGE('',*,*,#11504,.F.);
#11504 = EDGE_CURVE('',#8512,#11496,#11505,.T.);
#11505 = LINE('',#11506,#11507);
#11506 = CARTESIAN_POINT('',(-7.612106407565,74.85,0.));
#11507 = VECTOR('',#11508,1.);
#11508 = DIRECTION('',(0.,0.,1.));
#11509 = CYLINDRICAL_SURFACE('',#11510,5.35);
#11510 = AXIS2_PLACEMENT_3D('',#11511,#11512,#11513);
#11511 = CARTESIAN_POINT('',(-2.65,72.85,0.));
#11512 = DIRECTION('',(-0.,-0.,-1.));
#11513 = DIRECTION('',(1.,0.,0.));
#11514 = ADVANCED_FACE('',(#11515),#11533,.F.);
#11515 = FACE_BOUND('',#11516,.F.);
#11516 = EDGE_LOOP('',(#11517,#11518,#11519,#11527));
#11517 = ORIENTED_EDGE('',*,*,#8573,.T.);
#11518 = ORIENTED_EDGE('',*,*,#11487,.T.);
#11519 = ORIENTED_EDGE('',*,*,#11520,.T.);
#11520 = EDGE_CURVE('',#11488,#11521,#11523,.T.);
#11521 = VERTEX_POINT('',#11522);
#11522 = CARTESIAN_POINT('',(-4.65,78.787893592435,21.));
#11523 = LINE('',#11524,#11525);
#11524 = CARTESIAN_POINT('',(-4.65,70.406053203783,21.));
#11525 = VECTOR('',#11526,1.);
#11526 = DIRECTION('',(0.,1.,0.));
#11527 = ORIENTED_EDGE('',*,*,#11528,.F.);
#11528 = EDGE_CURVE('',#8565,#11521,#11529,.T.);
#11529 = LINE('',#11530,#11531);
#11530 = CARTESIAN_POINT('',(-4.65,78.787893592435,0.));
#11531 = VECTOR('',#11532,1.);
#11532 = DIRECTION('',(0.,0.,1.));
#11533 = PLANE('',#11534);
#11534 = AXIS2_PLACEMENT_3D('',#11535,#11536,#11537);
#11535 = CARTESIAN_POINT('',(-4.65,77.812106407565,0.));
#11536 = DIRECTION('',(-1.,0.,0.));
#11537 = DIRECTION('',(0.,1.,0.));
#11538 = ADVANCED_FACE('',(#11539),#11558,.F.);
#11539 = FACE_BOUND('',#11540,.T.);
#11540 = EDGE_LOOP('',(#11541,#11542,#11550,#11557));
#11541 = ORIENTED_EDGE('',*,*,#8564,.T.);
#11542 = ORIENTED_EDGE('',*,*,#11543,.T.);
#11543 = EDGE_CURVE('',#8557,#11544,#11546,.T.);
#11544 = VERTEX_POINT('',#11545);
#11545 = CARTESIAN_POINT('',(-7.612106407565,81.75,21.));
#11546 = LINE('',#11547,#11548);
#11547 = CARTESIAN_POINT('',(-7.612106407565,81.75,0.));
#11548 = VECTOR('',#11549,1.);
#11549 = DIRECTION('',(0.,0.,1.));
#11550 = ORIENTED_EDGE('',*,*,#11551,.F.);
#11551 = EDGE_CURVE('',#11521,#11544,#11552,.T.);
#11552 = CIRCLE('',#11553,5.35);
#11553 = AXIS2_PLACEMENT_3D('',#11554,#11555,#11556);
#11554 = CARTESIAN_POINT('',(-2.65,83.75,21.));
#11555 = DIRECTION('',(0.,0.,-1.));
#11556 = DIRECTION('',(1.,0.,0.));
#11557 = ORIENTED_EDGE('',*,*,#11528,.F.);
#11558 = CYLINDRICAL_SURFACE('',#11559,5.35);
#11559 = AXIS2_PLACEMENT_3D('',#11560,#11561,#11562);
#11560 = CARTESIAN_POINT('',(-2.65,83.75,0.));
#11561 = DIRECTION('',(-0.,-0.,-1.));
#11562 = DIRECTION('',(1.,0.,0.));
#11563 = ADVANCED_FACE('',(#11564),#11582,.T.);
#11564 = FACE_BOUND('',#11565,.T.);
#11565 = EDGE_LOOP('',(#11566,#11567,#11575,#11581));
#11566 = ORIENTED_EDGE('',*,*,#8556,.T.);
#11567 = ORIENTED_EDGE('',*,*,#11568,.T.);
#11568 = EDGE_CURVE('',#8548,#11569,#11571,.T.);
#11569 = VERTEX_POINT('',#11570);
#11570 = CARTESIAN_POINT('',(-8.587893592435,81.75,21.));
#11571 = LINE('',#11572,#11573);
#11572 = CARTESIAN_POINT('',(-8.587893592435,81.75,0.));
#11573 = VECTOR('',#11574,1.);
#11574 = DIRECTION('',(0.,0.,1.));
#11575 = ORIENTED_EDGE('',*,*,#11576,.T.);
#11576 = EDGE_CURVE('',#11569,#11544,#11577,.T.);
#11577 = LINE('',#11578,#11579);
#11578 = CARTESIAN_POINT('',(-4.293946796217,81.75,21.));
#11579 = VECTOR('',#11580,1.);
#11580 = DIRECTION('',(1.,0.,0.));
#11581 = ORIENTED_EDGE('',*,*,#11543,.F.);
#11582 = PLANE('',#11583);
#11583 = AXIS2_PLACEMENT_3D('',#11584,#11585,#11586);
#11584 = CARTESIAN_POINT('',(-8.587893592435,81.75,0.));
#11585 = DIRECTION('',(0.,1.,0.));
#11586 = DIRECTION('',(1.,0.,0.));
#11587 = ADVANCED_FACE('',(#11588),#11607,.F.);
#11588 = FACE_BOUND('',#11589,.T.);
#11589 = EDGE_LOOP('',(#11590,#11591,#11599,#11606));
#11590 = ORIENTED_EDGE('',*,*,#8547,.T.);
#11591 = ORIENTED_EDGE('',*,*,#11592,.T.);
#11592 = EDGE_CURVE('',#8540,#11593,#11595,.T.);
#11593 = VERTEX_POINT('',#11594);
#11594 = CARTESIAN_POINT('',(-11.55,78.787893592435,21.));
#11595 = LINE('',#11596,#11597);
#11596 = CARTESIAN_POINT('',(-11.55,78.787893592435,0.));
#11597 = VECTOR('',#11598,1.);
#11598 = DIRECTION('',(0.,0.,1.));
#11599 = ORIENTED_EDGE('',*,*,#11600,.F.);
#11600 = EDGE_CURVE('',#11569,#11593,#11601,.T.);
#11601 = CIRCLE('',#11602,5.35);
#11602 = AXIS2_PLACEMENT_3D('',#11603,#11604,#11605);
#11603 = CARTESIAN_POINT('',(-13.55,83.75,21.));
#11604 = DIRECTION('',(0.,0.,-1.));
#11605 = DIRECTION('',(1.,0.,0.));
#11606 = ORIENTED_EDGE('',*,*,#11568,.F.);
#11607 = CYLINDRICAL_SURFACE('',#11608,5.35);
#11608 = AXIS2_PLACEMENT_3D('',#11609,#11610,#11611);
#11609 = CARTESIAN_POINT('',(-13.55,83.75,0.));
#11610 = DIRECTION('',(-0.,-0.,-1.));
#11611 = DIRECTION('',(1.,0.,0.));
#11612 = ADVANCED_FACE('',(#11613),#11631,.T.);
#11613 = FACE_BOUND('',#11614,.T.);
#11614 = EDGE_LOOP('',(#11615,#11616,#11624,#11630));
#11615 = ORIENTED_EDGE('',*,*,#8539,.T.);
#11616 = ORIENTED_EDGE('',*,*,#11617,.T.);
#11617 = EDGE_CURVE('',#8531,#11618,#11620,.T.);
#11618 = VERTEX_POINT('',#11619);
#11619 = CARTESIAN_POINT('',(-11.55,77.812106407565,21.));
#11620 = LINE('',#11621,#11622);
#11621 = CARTESIAN_POINT('',(-11.55,77.812106407565,0.));
#11622 = VECTOR('',#11623,1.);
#11623 = DIRECTION('',(0.,0.,1.));
#11624 = ORIENTED_EDGE('',*,*,#11625,.T.);
#11625 = EDGE_CURVE('',#11618,#11593,#11626,.T.);
#11626 = LINE('',#11627,#11628);
#11627 = CARTESIAN_POINT('',(-11.55,70.406053203783,21.));
#11628 = VECTOR('',#11629,1.);
#11629 = DIRECTION('',(0.,1.,0.));
#11630 = ORIENTED_EDGE('',*,*,#11592,.F.);
#11631 = PLANE('',#11632);
#11632 = AXIS2_PLACEMENT_3D('',#11633,#11634,#11635);
#11633 = CARTESIAN_POINT('',(-11.55,77.812106407565,0.));
#11634 = DIRECTION('',(-1.,0.,0.));
#11635 = DIRECTION('',(0.,1.,0.));
#11636 = ADVANCED_FACE('',(#11637),#11656,.F.);
#11637 = FACE_BOUND('',#11638,.T.);
#11638 = EDGE_LOOP('',(#11639,#11640,#11648,#11655));
#11639 = ORIENTED_EDGE('',*,*,#8530,.T.);
#11640 = ORIENTED_EDGE('',*,*,#11641,.T.);
#11641 = EDGE_CURVE('',#8523,#11642,#11644,.T.);
#11642 = VERTEX_POINT('',#11643);
#11643 = CARTESIAN_POINT('',(-8.587893592435,74.85,21.));
#11644 = LINE('',#11645,#11646);
#11645 = CARTESIAN_POINT('',(-8.587893592435,74.85,0.));
#11646 = VECTOR('',#11647,1.);
#11647 = DIRECTION('',(0.,0.,1.));
#11648 = ORIENTED_EDGE('',*,*,#11649,.F.);
#11649 = EDGE_CURVE('',#11618,#11642,#11650,.T.);
#11650 = CIRCLE('',#11651,5.35);
#11651 = AXIS2_PLACEMENT_3D('',#11652,#11653,#11654);
#11652 = CARTESIAN_POINT('',(-13.55,72.85,21.));
#11653 = DIRECTION('',(0.,0.,-1.));
#11654 = DIRECTION('',(1.,0.,0.));
#11655 = ORIENTED_EDGE('',*,*,#11617,.F.);
#11656 = CYLINDRICAL_SURFACE('',#11657,5.35);
#11657 = AXIS2_PLACEMENT_3D('',#11658,#11659,#11660);
#11658 = CARTESIAN_POINT('',(-13.55,72.85,0.));
#11659 = DIRECTION('',(-0.,-0.,-1.));
#11660 = DIRECTION('',(1.,0.,0.));
#11661 = ADVANCED_FACE('',(#11662),#11673,.T.);
#11662 = FACE_BOUND('',#11663,.T.);
#11663 = EDGE_LOOP('',(#11664,#11665,#11666,#11672));
#11664 = ORIENTED_EDGE('',*,*,#8522,.T.);
#11665 = ORIENTED_EDGE('',*,*,#11504,.T.);
#11666 = ORIENTED_EDGE('',*,*,#11667,.T.);
#11667 = EDGE_CURVE('',#11496,#11642,#11668,.T.);
#11668 = LINE('',#11669,#11670);
#11669 = CARTESIAN_POINT('',(-3.806053203783,74.85,21.));
#11670 = VECTOR('',#11671,1.);
#11671 = DIRECTION('',(-1.,0.,0.));
#11672 = ORIENTED_EDGE('',*,*,#11641,.F.);
#11673 = PLANE('',#11674);
#11674 = AXIS2_PLACEMENT_3D('',#11675,#11676,#11677);
#11675 = CARTESIAN_POINT('',(-7.612106407565,74.85,0.));
#11676 = DIRECTION('',(0.,-1.,0.));
#11677 = DIRECTION('',(-1.,0.,0.));
#11678 = ADVANCED_FACE('',(#11679),#11705,.F.);
#11679 = FACE_BOUND('',#11680,.T.);
#11680 = EDGE_LOOP('',(#11681,#11682,#11690,#11699));
#11681 = ORIENTED_EDGE('',*,*,#8581,.T.);
#11682 = ORIENTED_EDGE('',*,*,#11683,.T.);
#11683 = EDGE_CURVE('',#8584,#11684,#11686,.T.);
#11684 = VERTEX_POINT('',#11685);
#11685 = CARTESIAN_POINT('',(-4.65,88.712106407565,21.));
#11686 = LINE('',#11687,#11688);
#11687 = CARTESIAN_POINT('',(-4.65,88.712106407565,0.));
#11688 = VECTOR('',#11689,1.);
#11689 = DIRECTION('',(0.,0.,1.));
#11690 = ORIENTED_EDGE('',*,*,#11691,.F.);
#11691 = EDGE_CURVE('',#11692,#11684,#11694,.T.);
#11692 = VERTEX_POINT('',#11693);
#11693 = CARTESIAN_POINT('',(-7.612106407565,85.75,21.));
#11694 = CIRCLE('',#11695,5.35);
#11695 = AXIS2_PLACEMENT_3D('',#11696,#11697,#11698);
#11696 = CARTESIAN_POINT('',(-2.65,83.75,21.));
#11697 = DIRECTION('',(0.,0.,-1.));
#11698 = DIRECTION('',(1.,0.,0.));
#11699 = ORIENTED_EDGE('',*,*,#11700,.F.);
#11700 = EDGE_CURVE('',#8582,#11692,#11701,.T.);
#11701 = LINE('',#11702,#11703);
#11702 = CARTESIAN_POINT('',(-7.612106407565,85.75,0.));
#11703 = VECTOR('',#11704,1.);
#11704 = DIRECTION('',(0.,0.,1.));
#11705 = CYLINDRICAL_SURFACE('',#11706,5.35);
#11706 = AXIS2_PLACEMENT_3D('',#11707,#11708,#11709);
#11707 = CARTESIAN_POINT('',(-2.65,83.75,0.));
#11708 = DIRECTION('',(-0.,-0.,-1.));
#11709 = DIRECTION('',(1.,0.,0.));
#11710 = ADVANCED_FACE('',(#11711),#11729,.F.);
#11711 = FACE_BOUND('',#11712,.F.);
#11712 = EDGE_LOOP('',(#11713,#11714,#11715,#11723));
#11713 = ORIENTED_EDGE('',*,*,#8643,.T.);
#11714 = ORIENTED_EDGE('',*,*,#11683,.T.);
#11715 = ORIENTED_EDGE('',*,*,#11716,.T.);
#11716 = EDGE_CURVE('',#11684,#11717,#11719,.T.);
#11717 = VERTEX_POINT('',#11718);
#11718 = CARTESIAN_POINT('',(-4.65,89.687893592435,21.));
#11719 = LINE('',#11720,#11721);
#11720 = CARTESIAN_POINT('',(-4.65,75.856053203783,21.));
#11721 = VECTOR('',#11722,1.);
#11722 = DIRECTION('',(0.,1.,0.));
#11723 = ORIENTED_EDGE('',*,*,#11724,.F.);
#11724 = EDGE_CURVE('',#8635,#11717,#11725,.T.);
#11725 = LINE('',#11726,#11727);
#11726 = CARTESIAN_POINT('',(-4.65,89.687893592435,0.));
#11727 = VECTOR('',#11728,1.);
#11728 = DIRECTION('',(0.,0.,1.));
#11729 = PLANE('',#11730);
#11730 = AXIS2_PLACEMENT_3D('',#11731,#11732,#11733);
#11731 = CARTESIAN_POINT('',(-4.65,88.712106407565,0.));
#11732 = DIRECTION('',(-1.,0.,0.));
#11733 = DIRECTION('',(0.,1.,0.));
#11734 = ADVANCED_FACE('',(#11735),#11754,.F.);
#11735 = FACE_BOUND('',#11736,.T.);
#11736 = EDGE_LOOP('',(#11737,#11738,#11746,#11753));
#11737 = ORIENTED_EDGE('',*,*,#8634,.T.);
#11738 = ORIENTED_EDGE('',*,*,#11739,.T.);
#11739 = EDGE_CURVE('',#8627,#11740,#11742,.T.);
#11740 = VERTEX_POINT('',#11741);
#11741 = CARTESIAN_POINT('',(-7.612106407565,92.65,21.));
#11742 = LINE('',#11743,#11744);
#11743 = CARTESIAN_POINT('',(-7.612106407565,92.65,0.));
#11744 = VECTOR('',#11745,1.);
#11745 = DIRECTION('',(0.,0.,1.));
#11746 = ORIENTED_EDGE('',*,*,#11747,.F.);
#11747 = EDGE_CURVE('',#11717,#11740,#11748,.T.);
#11748 = CIRCLE('',#11749,5.35);
#11749 = AXIS2_PLACEMENT_3D('',#11750,#11751,#11752);
#11750 = CARTESIAN_POINT('',(-2.65,94.65,21.));
#11751 = DIRECTION('',(0.,0.,-1.));
#11752 = DIRECTION('',(1.,0.,0.));
#11753 = ORIENTED_EDGE('',*,*,#11724,.F.);
#11754 = CYLINDRICAL_SURFACE('',#11755,5.35);
#11755 = AXIS2_PLACEMENT_3D('',#11756,#11757,#11758);
#11756 = CARTESIAN_POINT('',(-2.65,94.65,0.));
#11757 = DIRECTION('',(-0.,-0.,-1.));
#11758 = DIRECTION('',(1.,0.,0.));
#11759 = ADVANCED_FACE('',(#11760),#11778,.T.);
#11760 = FACE_BOUND('',#11761,.T.);
#11761 = EDGE_LOOP('',(#11762,#11763,#11771,#11777));
#11762 = ORIENTED_EDGE('',*,*,#8626,.T.);
#11763 = ORIENTED_EDGE('',*,*,#11764,.T.);
#11764 = EDGE_CURVE('',#8618,#11765,#11767,.T.);
#11765 = VERTEX_POINT('',#11766);
#11766 = CARTESIAN_POINT('',(-8.587893592435,92.65,21.));
#11767 = LINE('',#11768,#11769);
#11768 = CARTESIAN_POINT('',(-8.587893592435,92.65,0.));
#11769 = VECTOR('',#11770,1.);
#11770 = DIRECTION('',(0.,0.,1.));
#11771 = ORIENTED_EDGE('',*,*,#11772,.T.);
#11772 = EDGE_CURVE('',#11765,#11740,#11773,.T.);
#11773 = LINE('',#11774,#11775);
#11774 = CARTESIAN_POINT('',(-4.293946796217,92.65,21.));
#11775 = VECTOR('',#11776,1.);
#11776 = DIRECTION('',(1.,0.,0.));
#11777 = ORIENTED_EDGE('',*,*,#11739,.F.);
#11778 = PLANE('',#11779);
#11779 = AXIS2_PLACEMENT_3D('',#11780,#11781,#11782);
#11780 = CARTESIAN_POINT('',(-8.587893592435,92.65,0.));
#11781 = DIRECTION('',(0.,1.,0.));
#11782 = DIRECTION('',(1.,0.,0.));
#11783 = ADVANCED_FACE('',(#11784),#11803,.F.);
#11784 = FACE_BOUND('',#11785,.T.);
#11785 = EDGE_LOOP('',(#11786,#11787,#11795,#11802));
#11786 = ORIENTED_EDGE('',*,*,#8617,.T.);
#11787 = ORIENTED_EDGE('',*,*,#11788,.T.);
#11788 = EDGE_CURVE('',#8610,#11789,#11791,.T.);
#11789 = VERTEX_POINT('',#11790);
#11790 = CARTESIAN_POINT('',(-11.55,89.687893592435,21.));
#11791 = LINE('',#11792,#11793);
#11792 = CARTESIAN_POINT('',(-11.55,89.687893592435,0.));
#11793 = VECTOR('',#11794,1.);
#11794 = DIRECTION('',(0.,0.,1.));
#11795 = ORIENTED_EDGE('',*,*,#11796,.F.);
#11796 = EDGE_CURVE('',#11765,#11789,#11797,.T.);
#11797 = CIRCLE('',#11798,5.35);
#11798 = AXIS2_PLACEMENT_3D('',#11799,#11800,#11801);
#11799 = CARTESIAN_POINT('',(-13.55,94.65,21.));
#11800 = DIRECTION('',(0.,0.,-1.));
#11801 = DIRECTION('',(1.,0.,0.));
#11802 = ORIENTED_EDGE('',*,*,#11764,.F.);
#11803 = CYLINDRICAL_SURFACE('',#11804,5.35);
#11804 = AXIS2_PLACEMENT_3D('',#11805,#11806,#11807);
#11805 = CARTESIAN_POINT('',(-13.55,94.65,0.));
#11806 = DIRECTION('',(-0.,-0.,-1.));
#11807 = DIRECTION('',(1.,0.,0.));
#11808 = ADVANCED_FACE('',(#11809),#11827,.T.);
#11809 = FACE_BOUND('',#11810,.T.);
#11810 = EDGE_LOOP('',(#11811,#11812,#11820,#11826));
#11811 = ORIENTED_EDGE('',*,*,#8609,.T.);
#11812 = ORIENTED_EDGE('',*,*,#11813,.T.);
#11813 = EDGE_CURVE('',#8601,#11814,#11816,.T.);
#11814 = VERTEX_POINT('',#11815);
#11815 = CARTESIAN_POINT('',(-11.55,88.712106407565,21.));
#11816 = LINE('',#11817,#11818);
#11817 = CARTESIAN_POINT('',(-11.55,88.712106407565,0.));
#11818 = VECTOR('',#11819,1.);
#11819 = DIRECTION('',(0.,0.,1.));
#11820 = ORIENTED_EDGE('',*,*,#11821,.T.);
#11821 = EDGE_CURVE('',#11814,#11789,#11822,.T.);
#11822 = LINE('',#11823,#11824);
#11823 = CARTESIAN_POINT('',(-11.55,75.856053203783,21.));
#11824 = VECTOR('',#11825,1.);
#11825 = DIRECTION('',(0.,1.,0.));
#11826 = ORIENTED_EDGE('',*,*,#11788,.F.);
#11827 = PLANE('',#11828);
#11828 = AXIS2_PLACEMENT_3D('',#11829,#11830,#11831);
#11829 = CARTESIAN_POINT('',(-11.55,88.712106407565,0.));
#11830 = DIRECTION('',(-1.,0.,0.));
#11831 = DIRECTION('',(0.,1.,0.));
#11832 = ADVANCED_FACE('',(#11833),#11852,.F.);
#11833 = FACE_BOUND('',#11834,.T.);
#11834 = EDGE_LOOP('',(#11835,#11836,#11844,#11851));
#11835 = ORIENTED_EDGE('',*,*,#8600,.T.);
#11836 = ORIENTED_EDGE('',*,*,#11837,.T.);
#11837 = EDGE_CURVE('',#8593,#11838,#11840,.T.);
#11838 = VERTEX_POINT('',#11839);
#11839 = CARTESIAN_POINT('',(-8.587893592435,85.75,21.));
#11840 = LINE('',#11841,#11842);
#11841 = CARTESIAN_POINT('',(-8.587893592435,85.75,0.));
#11842 = VECTOR('',#11843,1.);
#11843 = DIRECTION('',(0.,0.,1.));
#11844 = ORIENTED_EDGE('',*,*,#11845,.F.);
#11845 = EDGE_CURVE('',#11814,#11838,#11846,.T.);
#11846 = CIRCLE('',#11847,5.35);
#11847 = AXIS2_PLACEMENT_3D('',#11848,#11849,#11850);
#11848 = CARTESIAN_POINT('',(-13.55,83.75,21.));
#11849 = DIRECTION('',(0.,0.,-1.));
#11850 = DIRECTION('',(1.,0.,0.));
#11851 = ORIENTED_EDGE('',*,*,#11813,.F.);
#11852 = CYLINDRICAL_SURFACE('',#11853,5.35);
#11853 = AXIS2_PLACEMENT_3D('',#11854,#11855,#11856);
#11854 = CARTESIAN_POINT('',(-13.55,83.75,0.));
#11855 = DIRECTION('',(-0.,-0.,-1.));
#11856 = DIRECTION('',(1.,0.,0.));
#11857 = ADVANCED_FACE('',(#11858),#11869,.F.);
#11858 = FACE_BOUND('',#11859,.F.);
#11859 = EDGE_LOOP('',(#11860,#11861,#11862,#11868));
#11860 = ORIENTED_EDGE('',*,*,#8592,.T.);
#11861 = ORIENTED_EDGE('',*,*,#11837,.T.);
#11862 = ORIENTED_EDGE('',*,*,#11863,.T.);
#11863 = EDGE_CURVE('',#11838,#11692,#11864,.T.);
#11864 = LINE('',#11865,#11866);
#11865 = CARTESIAN_POINT('',(-4.293946796217,85.75,21.));
#11866 = VECTOR('',#11867,1.);
#11867 = DIRECTION('',(1.,0.,0.));
#11868 = ORIENTED_EDGE('',*,*,#11700,.F.);
#11869 = PLANE('',#11870);
#11870 = AXIS2_PLACEMENT_3D('',#11871,#11872,#11873);
#11871 = CARTESIAN_POINT('',(-8.587893592435,85.75,0.));
#11872 = DIRECTION('',(0.,1.,0.));
#11873 = DIRECTION('',(1.,0.,0.));
#11874 = ADVANCED_FACE('',(#11875),#11901,.F.);
#11875 = FACE_BOUND('',#11876,.T.);
#11876 = EDGE_LOOP('',(#11877,#11878,#11886,#11895));
#11877 = ORIENTED_EDGE('',*,*,#8651,.T.);
#11878 = ORIENTED_EDGE('',*,*,#11879,.T.);
#11879 = EDGE_CURVE('',#8654,#11880,#11882,.T.);
#11880 = VERTEX_POINT('',#11881);
#11881 = CARTESIAN_POINT('',(-8.587893592435,96.65,21.));
#11882 = LINE('',#11883,#11884);
#11883 = CARTESIAN_POINT('',(-8.587893592435,96.65,0.));
#11884 = VECTOR('',#11885,1.);
#11885 = DIRECTION('',(0.,0.,1.));
#11886 = ORIENTED_EDGE('',*,*,#11887,.F.);
#11887 = EDGE_CURVE('',#11888,#11880,#11890,.T.);
#11888 = VERTEX_POINT('',#11889);
#11889 = CARTESIAN_POINT('',(-11.55,99.612106407565,21.));
#11890 = CIRCLE('',#11891,5.35);
#11891 = AXIS2_PLACEMENT_3D('',#11892,#11893,#11894);
#11892 = CARTESIAN_POINT('',(-13.55,94.65,21.));
#11893 = DIRECTION('',(0.,0.,-1.));
#11894 = DIRECTION('',(1.,0.,0.));
#11895 = ORIENTED_EDGE('',*,*,#11896,.F.);
#11896 = EDGE_CURVE('',#8652,#11888,#11897,.T.);
#11897 = LINE('',#11898,#11899);
#11898 = CARTESIAN_POINT('',(-11.55,99.612106407565,0.));
#11899 = VECTOR('',#11900,1.);
#11900 = DIRECTION('',(0.,0.,1.));
#11901 = CYLINDRICAL_SURFACE('',#11902,5.35);
#11902 = AXIS2_PLACEMENT_3D('',#11903,#11904,#11905);
#11903 = CARTESIAN_POINT('',(-13.55,94.65,0.));
#11904 = DIRECTION('',(-0.,-0.,-1.));
#11905 = DIRECTION('',(1.,0.,0.));
#11906 = ADVANCED_FACE('',(#11907),#11925,.F.);
#11907 = FACE_BOUND('',#11908,.F.);
#11908 = EDGE_LOOP('',(#11909,#11910,#11911,#11919));
#11909 = ORIENTED_EDGE('',*,*,#8713,.T.);
#11910 = ORIENTED_EDGE('',*,*,#11879,.T.);
#11911 = ORIENTED_EDGE('',*,*,#11912,.T.);
#11912 = EDGE_CURVE('',#11880,#11913,#11915,.T.);
#11913 = VERTEX_POINT('',#11914);
#11914 = CARTESIAN_POINT('',(-7.612106407565,96.65,21.));
#11915 = LINE('',#11916,#11917);
#11916 = CARTESIAN_POINT('',(-4.293946796217,96.65,21.));
#11917 = VECTOR('',#11918,1.);
#11918 = DIRECTION('',(1.,0.,0.));
#11919 = ORIENTED_EDGE('',*,*,#11920,.F.);
#11920 = EDGE_CURVE('',#8705,#11913,#11921,.T.);
#11921 = LINE('',#11922,#11923);
#11922 = CARTESIAN_POINT('',(-7.612106407565,96.65,0.));
#11923 = VECTOR('',#11924,1.);
#11924 = DIRECTION('',(0.,0.,1.));
#11925 = PLANE('',#11926);
#11926 = AXIS2_PLACEMENT_3D('',#11927,#11928,#11929);
#11927 = CARTESIAN_POINT('',(-8.587893592435,96.65,0.));
#11928 = DIRECTION('',(0.,1.,0.));
#11929 = DIRECTION('',(1.,0.,0.));
#11930 = ADVANCED_FACE('',(#11931),#11950,.F.);
#11931 = FACE_BOUND('',#11932,.T.);
#11932 = EDGE_LOOP('',(#11933,#11934,#11942,#11949));
#11933 = ORIENTED_EDGE('',*,*,#8704,.T.);
#11934 = ORIENTED_EDGE('',*,*,#11935,.T.);
#11935 = EDGE_CURVE('',#8697,#11936,#11938,.T.);
#11936 = VERTEX_POINT('',#11937);
#11937 = CARTESIAN_POINT('',(-4.65,99.612106407565,21.));
#11938 = LINE('',#11939,#11940);
#11939 = CARTESIAN_POINT('',(-4.65,99.612106407565,0.));
#11940 = VECTOR('',#11941,1.);
#11941 = DIRECTION('',(0.,0.,1.));
#11942 = ORIENTED_EDGE('',*,*,#11943,.F.);
#11943 = EDGE_CURVE('',#11913,#11936,#11944,.T.);
#11944 = CIRCLE('',#11945,5.35);
#11945 = AXIS2_PLACEMENT_3D('',#11946,#11947,#11948);
#11946 = CARTESIAN_POINT('',(-2.65,94.65,21.));
#11947 = DIRECTION('',(0.,0.,-1.));
#11948 = DIRECTION('',(1.,0.,0.));
#11949 = ORIENTED_EDGE('',*,*,#11920,.F.);
#11950 = CYLINDRICAL_SURFACE('',#11951,5.35);
#11951 = AXIS2_PLACEMENT_3D('',#11952,#11953,#11954);
#11952 = CARTESIAN_POINT('',(-2.65,94.65,0.));
#11953 = DIRECTION('',(-0.,-0.,-1.));
#11954 = DIRECTION('',(1.,0.,0.));
#11955 = ADVANCED_FACE('',(#11956),#11974,.F.);
#11956 = FACE_BOUND('',#11957,.F.);
#11957 = EDGE_LOOP('',(#11958,#11959,#11960,#11968));
#11958 = ORIENTED_EDGE('',*,*,#8696,.T.);
#11959 = ORIENTED_EDGE('',*,*,#11935,.T.);
#11960 = ORIENTED_EDGE('',*,*,#11961,.T.);
#11961 = EDGE_CURVE('',#11936,#11962,#11964,.T.);
#11962 = VERTEX_POINT('',#11963);
#11963 = CARTESIAN_POINT('',(-4.65,100.58789359243,21.));
#11964 = LINE('',#11965,#11966);
#11965 = CARTESIAN_POINT('',(-4.65,81.306053203783,21.));
#11966 = VECTOR('',#11967,1.);
#11967 = DIRECTION('',(0.,1.,0.));
#11968 = ORIENTED_EDGE('',*,*,#11969,.F.);
#11969 = EDGE_CURVE('',#8688,#11962,#11970,.T.);
#11970 = LINE('',#11971,#11972);
#11971 = CARTESIAN_POINT('',(-4.65,100.58789359243,0.));
#11972 = VECTOR('',#11973,1.);
#11973 = DIRECTION('',(0.,0.,1.));
#11974 = PLANE('',#11975);
#11975 = AXIS2_PLACEMENT_3D('',#11976,#11977,#11978);
#11976 = CARTESIAN_POINT('',(-4.65,99.612106407565,0.));
#11977 = DIRECTION('',(-1.,0.,0.));
#11978 = DIRECTION('',(0.,1.,0.));
#11979 = ADVANCED_FACE('',(#11980),#11999,.F.);
#11980 = FACE_BOUND('',#11981,.T.);
#11981 = EDGE_LOOP('',(#11982,#11983,#11991,#11998));
#11982 = ORIENTED_EDGE('',*,*,#8687,.T.);
#11983 = ORIENTED_EDGE('',*,*,#11984,.T.);
#11984 = EDGE_CURVE('',#8680,#11985,#11987,.T.);
#11985 = VERTEX_POINT('',#11986);
#11986 = CARTESIAN_POINT('',(-7.612106407565,103.55,21.));
#11987 = LINE('',#11988,#11989);
#11988 = CARTESIAN_POINT('',(-7.612106407565,103.55,0.));
#11989 = VECTOR('',#11990,1.);
#11990 = DIRECTION('',(0.,0.,1.));
#11991 = ORIENTED_EDGE('',*,*,#11992,.F.);
#11992 = EDGE_CURVE('',#11962,#11985,#11993,.T.);
#11993 = CIRCLE('',#11994,5.35);
#11994 = AXIS2_PLACEMENT_3D('',#11995,#11996,#11997);
#11995 = CARTESIAN_POINT('',(-2.65,105.55,21.));
#11996 = DIRECTION('',(0.,0.,-1.));
#11997 = DIRECTION('',(1.,0.,0.));
#11998 = ORIENTED_EDGE('',*,*,#11969,.F.);
#11999 = CYLINDRICAL_SURFACE('',#12000,5.35);
#12000 = AXIS2_PLACEMENT_3D('',#12001,#12002,#12003);
#12001 = CARTESIAN_POINT('',(-2.65,105.55,0.));
#12002 = DIRECTION('',(-0.,-0.,-1.));
#12003 = DIRECTION('',(1.,0.,0.));
#12004 = ADVANCED_FACE('',(#12005),#12023,.T.);
#12005 = FACE_BOUND('',#12006,.T.);
#12006 = EDGE_LOOP('',(#12007,#12008,#12016,#12022));
#12007 = ORIENTED_EDGE('',*,*,#8679,.T.);
#12008 = ORIENTED_EDGE('',*,*,#12009,.T.);
#12009 = EDGE_CURVE('',#8671,#12010,#12012,.T.);
#12010 = VERTEX_POINT('',#12011);
#12011 = CARTESIAN_POINT('',(-8.587893592435,103.55,21.));
#12012 = LINE('',#12013,#12014);
#12013 = CARTESIAN_POINT('',(-8.587893592435,103.55,0.));
#12014 = VECTOR('',#12015,1.);
#12015 = DIRECTION('',(0.,0.,1.));
#12016 = ORIENTED_EDGE('',*,*,#12017,.T.);
#12017 = EDGE_CURVE('',#12010,#11985,#12018,.T.);
#12018 = LINE('',#12019,#12020);
#12019 = CARTESIAN_POINT('',(-4.293946796217,103.55,21.));
#12020 = VECTOR('',#12021,1.);
#12021 = DIRECTION('',(1.,0.,0.));
#12022 = ORIENTED_EDGE('',*,*,#11984,.F.);
#12023 = PLANE('',#12024);
#12024 = AXIS2_PLACEMENT_3D('',#12025,#12026,#12027);
#12025 = CARTESIAN_POINT('',(-8.587893592435,103.55,0.));
#12026 = DIRECTION('',(0.,1.,0.));
#12027 = DIRECTION('',(1.,0.,0.));
#12028 = ADVANCED_FACE('',(#12029),#12048,.F.);
#12029 = FACE_BOUND('',#12030,.T.);
#12030 = EDGE_LOOP('',(#12031,#12032,#12040,#12047));
#12031 = ORIENTED_EDGE('',*,*,#8670,.T.);
#12032 = ORIENTED_EDGE('',*,*,#12033,.T.);
#12033 = EDGE_CURVE('',#8663,#12034,#12036,.T.);
#12034 = VERTEX_POINT('',#12035);
#12035 = CARTESIAN_POINT('',(-11.55,100.58789359243,21.));
#12036 = LINE('',#12037,#12038);
#12037 = CARTESIAN_POINT('',(-11.55,100.58789359243,0.));
#12038 = VECTOR('',#12039,1.);
#12039 = DIRECTION('',(0.,0.,1.));
#12040 = ORIENTED_EDGE('',*,*,#12041,.F.);
#12041 = EDGE_CURVE('',#12010,#12034,#12042,.T.);
#12042 = CIRCLE('',#12043,5.35);
#12043 = AXIS2_PLACEMENT_3D('',#12044,#12045,#12046);
#12044 = CARTESIAN_POINT('',(-13.55,105.55,21.));
#12045 = DIRECTION('',(0.,0.,-1.));
#12046 = DIRECTION('',(1.,0.,0.));
#12047 = ORIENTED_EDGE('',*,*,#12009,.F.);
#12048 = CYLINDRICAL_SURFACE('',#12049,5.35);
#12049 = AXIS2_PLACEMENT_3D('',#12050,#12051,#12052);
#12050 = CARTESIAN_POINT('',(-13.55,105.55,0.));
#12051 = DIRECTION('',(-0.,-0.,-1.));
#12052 = DIRECTION('',(1.,0.,0.));
#12053 = ADVANCED_FACE('',(#12054),#12065,.T.);
#12054 = FACE_BOUND('',#12055,.T.);
#12055 = EDGE_LOOP('',(#12056,#12057,#12058,#12064));
#12056 = ORIENTED_EDGE('',*,*,#8662,.T.);
#12057 = ORIENTED_EDGE('',*,*,#11896,.T.);
#12058 = ORIENTED_EDGE('',*,*,#12059,.T.);
#12059 = EDGE_CURVE('',#11888,#12034,#12060,.T.);
#12060 = LINE('',#12061,#12062);
#12061 = CARTESIAN_POINT('',(-11.55,81.306053203783,21.));
#12062 = VECTOR('',#12063,1.);
#12063 = DIRECTION('',(0.,1.,0.));
#12064 = ORIENTED_EDGE('',*,*,#12033,.F.);
#12065 = PLANE('',#12066);
#12066 = AXIS2_PLACEMENT_3D('',#12067,#12068,#12069);
#12067 = CARTESIAN_POINT('',(-11.55,99.612106407565,0.));
#12068 = DIRECTION('',(-1.,0.,0.));
#12069 = DIRECTION('',(0.,1.,0.));
#12070 = ADVANCED_FACE('',(#12071),#12097,.F.);
#12071 = FACE_BOUND('',#12072,.T.);
#12072 = EDGE_LOOP('',(#12073,#12074,#12082,#12091));
#12073 = ORIENTED_EDGE('',*,*,#8721,.T.);
#12074 = ORIENTED_EDGE('',*,*,#12075,.T.);
#12075 = EDGE_CURVE('',#8724,#12076,#12078,.T.);
#12076 = VERTEX_POINT('',#12077);
#12077 = CARTESIAN_POINT('',(-4.65,110.51210640756,21.));
#12078 = LINE('',#12079,#12080);
#12079 = CARTESIAN_POINT('',(-4.65,110.51210640756,0.));
#12080 = VECTOR('',#12081,1.);
#12081 = DIRECTION('',(0.,0.,1.));
#12082 = ORIENTED_EDGE('',*,*,#12083,.F.);
#12083 = EDGE_CURVE('',#12084,#12076,#12086,.T.);
#12084 = VERTEX_POINT('',#12085);
#12085 = CARTESIAN_POINT('',(-7.612106407565,107.55,21.));
#12086 = CIRCLE('',#12087,5.35);
#12087 = AXIS2_PLACEMENT_3D('',#12088,#12089,#12090);
#12088 = CARTESIAN_POINT('',(-2.65,105.55,21.));
#12089 = DIRECTION('',(0.,0.,-1.));
#12090 = DIRECTION('',(1.,0.,0.));
#12091 = ORIENTED_EDGE('',*,*,#12092,.F.);
#12092 = EDGE_CURVE('',#8722,#12084,#12093,.T.);
#12093 = LINE('',#12094,#12095);
#12094 = CARTESIAN_POINT('',(-7.612106407565,107.55,0.));
#12095 = VECTOR('',#12096,1.);
#12096 = DIRECTION('',(0.,0.,1.));
#12097 = CYLINDRICAL_SURFACE('',#12098,5.35);
#12098 = AXIS2_PLACEMENT_3D('',#12099,#12100,#12101);
#12099 = CARTESIAN_POINT('',(-2.65,105.55,0.));
#12100 = DIRECTION('',(-0.,-0.,-1.));
#12101 = DIRECTION('',(1.,0.,0.));
#12102 = ADVANCED_FACE('',(#12103),#12121,.F.);
#12103 = FACE_BOUND('',#12104,.F.);
#12104 = EDGE_LOOP('',(#12105,#12106,#12107,#12115));
#12105 = ORIENTED_EDGE('',*,*,#8783,.T.);
#12106 = ORIENTED_EDGE('',*,*,#12075,.T.);
#12107 = ORIENTED_EDGE('',*,*,#12108,.T.);
#12108 = EDGE_CURVE('',#12076,#12109,#12111,.T.);
#12109 = VERTEX_POINT('',#12110);
#12110 = CARTESIAN_POINT('',(-4.65,111.48789359243,21.));
#12111 = LINE('',#12112,#12113);
#12112 = CARTESIAN_POINT('',(-4.65,86.756053203783,21.));
#12113 = VECTOR('',#12114,1.);
#12114 = DIRECTION('',(0.,1.,0.));
#12115 = ORIENTED_EDGE('',*,*,#12116,.F.);
#12116 = EDGE_CURVE('',#8775,#12109,#12117,.T.);
#12117 = LINE('',#12118,#12119);
#12118 = CARTESIAN_POINT('',(-4.65,111.48789359243,0.));
#12119 = VECTOR('',#12120,1.);
#12120 = DIRECTION('',(0.,0.,1.));
#12121 = PLANE('',#12122);
#12122 = AXIS2_PLACEMENT_3D('',#12123,#12124,#12125);
#12123 = CARTESIAN_POINT('',(-4.65,110.51210640756,0.));
#12124 = DIRECTION('',(-1.,0.,0.));
#12125 = DIRECTION('',(0.,1.,0.));
#12126 = ADVANCED_FACE('',(#12127),#12146,.F.);
#12127 = FACE_BOUND('',#12128,.T.);
#12128 = EDGE_LOOP('',(#12129,#12130,#12138,#12145));
#12129 = ORIENTED_EDGE('',*,*,#8774,.T.);
#12130 = ORIENTED_EDGE('',*,*,#12131,.T.);
#12131 = EDGE_CURVE('',#8767,#12132,#12134,.T.);
#12132 = VERTEX_POINT('',#12133);
#12133 = CARTESIAN_POINT('',(-7.612106407565,114.45,21.));
#12134 = LINE('',#12135,#12136);
#12135 = CARTESIAN_POINT('',(-7.612106407565,114.45,0.));
#12136 = VECTOR('',#12137,1.);
#12137 = DIRECTION('',(0.,0.,1.));
#12138 = ORIENTED_EDGE('',*,*,#12139,.F.);
#12139 = EDGE_CURVE('',#12109,#12132,#12140,.T.);
#12140 = CIRCLE('',#12141,5.35);
#12141 = AXIS2_PLACEMENT_3D('',#12142,#12143,#12144);
#12142 = CARTESIAN_POINT('',(-2.65,116.45,21.));
#12143 = DIRECTION('',(0.,0.,-1.));
#12144 = DIRECTION('',(1.,0.,0.));
#12145 = ORIENTED_EDGE('',*,*,#12116,.F.);
#12146 = CYLINDRICAL_SURFACE('',#12147,5.35);
#12147 = AXIS2_PLACEMENT_3D('',#12148,#12149,#12150);
#12148 = CARTESIAN_POINT('',(-2.65,116.45,0.));
#12149 = DIRECTION('',(-0.,-0.,-1.));
#12150 = DIRECTION('',(1.,0.,0.));
#12151 = ADVANCED_FACE('',(#12152),#12170,.T.);
#12152 = FACE_BOUND('',#12153,.T.);
#12153 = EDGE_LOOP('',(#12154,#12155,#12163,#12169));
#12154 = ORIENTED_EDGE('',*,*,#8766,.T.);
#12155 = ORIENTED_EDGE('',*,*,#12156,.T.);
#12156 = EDGE_CURVE('',#8758,#12157,#12159,.T.);
#12157 = VERTEX_POINT('',#12158);
#12158 = CARTESIAN_POINT('',(-8.587893592435,114.45,21.));
#12159 = LINE('',#12160,#12161);
#12160 = CARTESIAN_POINT('',(-8.587893592435,114.45,0.));
#12161 = VECTOR('',#12162,1.);
#12162 = DIRECTION('',(0.,0.,1.));
#12163 = ORIENTED_EDGE('',*,*,#12164,.T.);
#12164 = EDGE_CURVE('',#12157,#12132,#12165,.T.);
#12165 = LINE('',#12166,#12167);
#12166 = CARTESIAN_POINT('',(-4.293946796217,114.45,21.));
#12167 = VECTOR('',#12168,1.);
#12168 = DIRECTION('',(1.,0.,0.));
#12169 = ORIENTED_EDGE('',*,*,#12131,.F.);
#12170 = PLANE('',#12171);
#12171 = AXIS2_PLACEMENT_3D('',#12172,#12173,#12174);
#12172 = CARTESIAN_POINT('',(-8.587893592435,114.45,0.));
#12173 = DIRECTION('',(0.,1.,0.));
#12174 = DIRECTION('',(1.,0.,0.));
#12175 = ADVANCED_FACE('',(#12176),#12195,.F.);
#12176 = FACE_BOUND('',#12177,.T.);
#12177 = EDGE_LOOP('',(#12178,#12179,#12187,#12194));
#12178 = ORIENTED_EDGE('',*,*,#8757,.T.);
#12179 = ORIENTED_EDGE('',*,*,#12180,.T.);
#12180 = EDGE_CURVE('',#8750,#12181,#12183,.T.);
#12181 = VERTEX_POINT('',#12182);
#12182 = CARTESIAN_POINT('',(-11.55,111.48789359243,21.));
#12183 = LINE('',#12184,#12185);
#12184 = CARTESIAN_POINT('',(-11.55,111.48789359243,0.));
#12185 = VECTOR('',#12186,1.);
#12186 = DIRECTION('',(0.,0.,1.));
#12187 = ORIENTED_EDGE('',*,*,#12188,.F.);
#12188 = EDGE_CURVE('',#12157,#12181,#12189,.T.);
#12189 = CIRCLE('',#12190,5.35);
#12190 = AXIS2_PLACEMENT_3D('',#12191,#12192,#12193);
#12191 = CARTESIAN_POINT('',(-13.55,116.45,21.));
#12192 = DIRECTION('',(0.,0.,-1.));
#12193 = DIRECTION('',(1.,0.,0.));
#12194 = ORIENTED_EDGE('',*,*,#12156,.F.);
#12195 = CYLINDRICAL_SURFACE('',#12196,5.35);
#12196 = AXIS2_PLACEMENT_3D('',#12197,#12198,#12199);
#12197 = CARTESIAN_POINT('',(-13.55,116.45,0.));
#12198 = DIRECTION('',(-0.,-0.,-1.));
#12199 = DIRECTION('',(1.,0.,0.));
#12200 = ADVANCED_FACE('',(#12201),#12219,.T.);
#12201 = FACE_BOUND('',#12202,.T.);
#12202 = EDGE_LOOP('',(#12203,#12204,#12212,#12218));
#12203 = ORIENTED_EDGE('',*,*,#8749,.T.);
#12204 = ORIENTED_EDGE('',*,*,#12205,.T.);
#12205 = EDGE_CURVE('',#8741,#12206,#12208,.T.);
#12206 = VERTEX_POINT('',#12207);
#12207 = CARTESIAN_POINT('',(-11.55,110.51210640756,21.));
#12208 = LINE('',#12209,#12210);
#12209 = CARTESIAN_POINT('',(-11.55,110.51210640756,0.));
#12210 = VECTOR('',#12211,1.);
#12211 = DIRECTION('',(0.,0.,1.));
#12212 = ORIENTED_EDGE('',*,*,#12213,.T.);
#12213 = EDGE_CURVE('',#12206,#12181,#12214,.T.);
#12214 = LINE('',#12215,#12216);
#12215 = CARTESIAN_POINT('',(-11.55,86.756053203783,21.));
#12216 = VECTOR('',#12217,1.);
#12217 = DIRECTION('',(0.,1.,0.));
#12218 = ORIENTED_EDGE('',*,*,#12180,.F.);
#12219 = PLANE('',#12220);
#12220 = AXIS2_PLACEMENT_3D('',#12221,#12222,#12223);
#12221 = CARTESIAN_POINT('',(-11.55,110.51210640756,0.));
#12222 = DIRECTION('',(-1.,0.,0.));
#12223 = DIRECTION('',(0.,1.,0.));
#12224 = ADVANCED_FACE('',(#12225),#12244,.F.);
#12225 = FACE_BOUND('',#12226,.T.);
#12226 = EDGE_LOOP('',(#12227,#12228,#12236,#12243));
#12227 = ORIENTED_EDGE('',*,*,#8740,.T.);
#12228 = ORIENTED_EDGE('',*,*,#12229,.T.);
#12229 = EDGE_CURVE('',#8733,#12230,#12232,.T.);
#12230 = VERTEX_POINT('',#12231);
#12231 = CARTESIAN_POINT('',(-8.587893592435,107.55,21.));
#12232 = LINE('',#12233,#12234);
#12233 = CARTESIAN_POINT('',(-8.587893592435,107.55,0.));
#12234 = VECTOR('',#12235,1.);
#12235 = DIRECTION('',(0.,0.,1.));
#12236 = ORIENTED_EDGE('',*,*,#12237,.F.);
#12237 = EDGE_CURVE('',#12206,#12230,#12238,.T.);
#12238 = CIRCLE('',#12239,5.35);
#12239 = AXIS2_PLACEMENT_3D('',#12240,#12241,#12242);
#12240 = CARTESIAN_POINT('',(-13.55,105.55,21.));
#12241 = DIRECTION('',(0.,0.,-1.));
#12242 = DIRECTION('',(1.,0.,0.));
#12243 = ORIENTED_EDGE('',*,*,#12205,.F.);
#12244 = CYLINDRICAL_SURFACE('',#12245,5.35);
#12245 = AXIS2_PLACEMENT_3D('',#12246,#12247,#12248);
#12246 = CARTESIAN_POINT('',(-13.55,105.55,0.));
#12247 = DIRECTION('',(-0.,-0.,-1.));
#12248 = DIRECTION('',(1.,0.,0.));
#12249 = ADVANCED_FACE('',(#12250),#12261,.F.);
#12250 = FACE_BOUND('',#12251,.F.);
#12251 = EDGE_LOOP('',(#12252,#12253,#12254,#12260));
#12252 = ORIENTED_EDGE('',*,*,#8732,.T.);
#12253 = ORIENTED_EDGE('',*,*,#12229,.T.);
#12254 = ORIENTED_EDGE('',*,*,#12255,.T.);
#12255 = EDGE_CURVE('',#12230,#12084,#12256,.T.);
#12256 = LINE('',#12257,#12258);
#12257 = CARTESIAN_POINT('',(-4.293946796217,107.55,21.));
#12258 = VECTOR('',#12259,1.);
#12259 = DIRECTION('',(1.,0.,0.));
#12260 = ORIENTED_EDGE('',*,*,#12092,.F.);
#12261 = PLANE('',#12262);
#12262 = AXIS2_PLACEMENT_3D('',#12263,#12264,#12265);
#12263 = CARTESIAN_POINT('',(-8.587893592435,107.55,0.));
#12264 = DIRECTION('',(0.,1.,0.));
#12265 = DIRECTION('',(1.,0.,0.));
#12266 = ADVANCED_FACE('',(#12267),#12293,.F.);
#12267 = FACE_BOUND('',#12268,.T.);
#12268 = EDGE_LOOP('',(#12269,#12270,#12278,#12287));
#12269 = ORIENTED_EDGE('',*,*,#8791,.T.);
#12270 = ORIENTED_EDGE('',*,*,#12271,.T.);
#12271 = EDGE_CURVE('',#8794,#12272,#12274,.T.);
#12272 = VERTEX_POINT('',#12273);
#12273 = CARTESIAN_POINT('',(2.312106407565,63.95,21.));
#12274 = LINE('',#12275,#12276);
#12275 = CARTESIAN_POINT('',(2.312106407565,63.95,0.));
#12276 = VECTOR('',#12277,1.);
#12277 = DIRECTION('',(0.,0.,1.));
#12278 = ORIENTED_EDGE('',*,*,#12279,.F.);
#12279 = EDGE_CURVE('',#12280,#12272,#12282,.T.);
#12280 = VERTEX_POINT('',#12281);
#12281 = CARTESIAN_POINT('',(-0.65,66.912106407565,21.));
#12282 = CIRCLE('',#12283,5.35);
#12283 = AXIS2_PLACEMENT_3D('',#12284,#12285,#12286);
#12284 = CARTESIAN_POINT('',(-2.65,61.95,21.));
#12285 = DIRECTION('',(0.,0.,-1.));
#12286 = DIRECTION('',(1.,0.,0.));
#12287 = ORIENTED_EDGE('',*,*,#12288,.F.);
#12288 = EDGE_CURVE('',#8792,#12280,#12289,.T.);
#12289 = LINE('',#12290,#12291);
#12290 = CARTESIAN_POINT('',(-0.65,66.912106407565,0.));
#12291 = VECTOR('',#12292,1.);
#12292 = DIRECTION('',(0.,0.,1.));
#12293 = CYLINDRICAL_SURFACE('',#12294,5.35);
#12294 = AXIS2_PLACEMENT_3D('',#12295,#12296,#12297);
#12295 = CARTESIAN_POINT('',(-2.65,61.95,0.));
#12296 = DIRECTION('',(-0.,-0.,-1.));
#12297 = DIRECTION('',(1.,0.,0.));
#12298 = ADVANCED_FACE('',(#12299),#12317,.F.);
#12299 = FACE_BOUND('',#12300,.F.);
#12300 = EDGE_LOOP('',(#12301,#12302,#12303,#12311));
#12301 = ORIENTED_EDGE('',*,*,#8836,.T.);
#12302 = ORIENTED_EDGE('',*,*,#12271,.T.);
#12303 = ORIENTED_EDGE('',*,*,#12304,.T.);
#12304 = EDGE_CURVE('',#12272,#12305,#12307,.T.);
#12305 = VERTEX_POINT('',#12306);
#12306 = CARTESIAN_POINT('',(6.257316370687,63.95,21.));
#12307 = LINE('',#12308,#12309);
#12308 = CARTESIAN_POINT('',(1.156053203783,63.95,21.));
#12309 = VECTOR('',#12310,1.);
#12310 = DIRECTION('',(1.,0.,0.));
#12311 = ORIENTED_EDGE('',*,*,#12312,.F.);
#12312 = EDGE_CURVE('',#8828,#12305,#12313,.T.);
#12313 = LINE('',#12314,#12315);
#12314 = CARTESIAN_POINT('',(6.257316370687,63.95,0.));
#12315 = VECTOR('',#12316,1.);
#12316 = DIRECTION('',(0.,0.,1.));
#12317 = PLANE('',#12318);
#12318 = AXIS2_PLACEMENT_3D('',#12319,#12320,#12321);
#12319 = CARTESIAN_POINT('',(2.312106407565,63.95,0.));
#12320 = DIRECTION('',(0.,1.,0.));
#12321 = DIRECTION('',(1.,0.,0.));
#12322 = ADVANCED_FACE('',(#12323),#12342,.F.);
#12323 = FACE_BOUND('',#12324,.T.);
#12324 = EDGE_LOOP('',(#12325,#12326,#12334,#12341));
#12325 = ORIENTED_EDGE('',*,*,#8827,.T.);
#12326 = ORIENTED_EDGE('',*,*,#12327,.T.);
#12327 = EDGE_CURVE('',#8820,#12328,#12330,.T.);
#12328 = VERTEX_POINT('',#12329);
#12329 = CARTESIAN_POINT('',(4.423815887868,70.85,21.));
#12330 = LINE('',#12331,#12332);
#12331 = CARTESIAN_POINT('',(4.423815887868,70.85,0.));
#12332 = VECTOR('',#12333,1.);
#12333 = DIRECTION('',(0.,0.,1.));
#12334 = ORIENTED_EDGE('',*,*,#12335,.F.);
#12335 = EDGE_CURVE('',#12305,#12328,#12336,.T.);
#12336 = CIRCLE('',#12337,7.35);
#12337 = AXIS2_PLACEMENT_3D('',#12338,#12339,#12340);
#12338 = CARTESIAN_POINT('',(11.55,69.05,21.));
#12339 = DIRECTION('',(0.,0.,-1.));
#12340 = DIRECTION('',(1.,0.,0.));
#12341 = ORIENTED_EDGE('',*,*,#12312,.F.);
#12342 = CYLINDRICAL_SURFACE('',#12343,7.35);
#12343 = AXIS2_PLACEMENT_3D('',#12344,#12345,#12346);
#12344 = CARTESIAN_POINT('',(11.55,69.05,0.));
#12345 = DIRECTION('',(-0.,-0.,-1.));
#12346 = DIRECTION('',(1.,0.,0.));
#12347 = ADVANCED_FACE('',(#12348),#12366,.T.);
#12348 = FACE_BOUND('',#12349,.T.);
#12349 = EDGE_LOOP('',(#12350,#12351,#12359,#12365));
#12350 = ORIENTED_EDGE('',*,*,#8819,.T.);
#12351 = ORIENTED_EDGE('',*,*,#12352,.T.);
#12352 = EDGE_CURVE('',#8811,#12353,#12355,.T.);
#12353 = VERTEX_POINT('',#12354);
#12354 = CARTESIAN_POINT('',(2.312106407565,70.85,21.));
#12355 = LINE('',#12356,#12357);
#12356 = CARTESIAN_POINT('',(2.312106407565,70.85,0.));
#12357 = VECTOR('',#12358,1.);
#12358 = DIRECTION('',(0.,0.,1.));
#12359 = ORIENTED_EDGE('',*,*,#12360,.T.);
#12360 = EDGE_CURVE('',#12353,#12328,#12361,.T.);
#12361 = LINE('',#12362,#12363);
#12362 = CARTESIAN_POINT('',(1.156053203783,70.85,21.));
#12363 = VECTOR('',#12364,1.);
#12364 = DIRECTION('',(1.,0.,0.));
#12365 = ORIENTED_EDGE('',*,*,#12327,.F.);
#12366 = PLANE('',#12367);
#12367 = AXIS2_PLACEMENT_3D('',#12368,#12369,#12370);
#12368 = CARTESIAN_POINT('',(2.312106407565,70.85,0.));
#12369 = DIRECTION('',(0.,1.,0.));
#12370 = DIRECTION('',(1.,0.,0.));
#12371 = ADVANCED_FACE('',(#12372),#12391,.F.);
#12372 = FACE_BOUND('',#12373,.T.);
#12373 = EDGE_LOOP('',(#12374,#12375,#12383,#12390));
#12374 = ORIENTED_EDGE('',*,*,#8810,.T.);
#12375 = ORIENTED_EDGE('',*,*,#12376,.T.);
#12376 = EDGE_CURVE('',#8803,#12377,#12379,.T.);
#12377 = VERTEX_POINT('',#12378);
#12378 = CARTESIAN_POINT('',(-0.65,67.887893592435,21.));
#12379 = LINE('',#12380,#12381);
#12380 = CARTESIAN_POINT('',(-0.65,67.887893592435,0.));
#12381 = VECTOR('',#12382,1.);
#12382 = DIRECTION('',(0.,0.,1.));
#12383 = ORIENTED_EDGE('',*,*,#12384,.F.);
#12384 = EDGE_CURVE('',#12353,#12377,#12385,.T.);
#12385 = CIRCLE('',#12386,5.35);
#12386 = AXIS2_PLACEMENT_3D('',#12387,#12388,#12389);
#12387 = CARTESIAN_POINT('',(-2.65,72.85,21.));
#12388 = DIRECTION('',(0.,0.,-1.));
#12389 = DIRECTION('',(1.,0.,0.));
#12390 = ORIENTED_EDGE('',*,*,#12352,.F.);
#12391 = CYLINDRICAL_SURFACE('',#12392,5.35);
#12392 = AXIS2_PLACEMENT_3D('',#12393,#12394,#12395);
#12393 = CARTESIAN_POINT('',(-2.65,72.85,0.));
#12394 = DIRECTION('',(-0.,-0.,-1.));
#12395 = DIRECTION('',(1.,0.,0.));
#12396 = ADVANCED_FACE('',(#12397),#12408,.T.);
#12397 = FACE_BOUND('',#12398,.T.);
#12398 = EDGE_LOOP('',(#12399,#12400,#12401,#12407));
#12399 = ORIENTED_EDGE('',*,*,#8802,.T.);
#12400 = ORIENTED_EDGE('',*,*,#12288,.T.);
#12401 = ORIENTED_EDGE('',*,*,#12402,.T.);
#12402 = EDGE_CURVE('',#12280,#12377,#12403,.T.);
#12403 = LINE('',#12404,#12405);
#12404 = CARTESIAN_POINT('',(-0.65,64.956053203783,21.));
#12405 = VECTOR('',#12406,1.);
#12406 = DIRECTION('',(0.,1.,0.));
#12407 = ORIENTED_EDGE('',*,*,#12376,.F.);
#12408 = PLANE('',#12409);
#12409 = AXIS2_PLACEMENT_3D('',#12410,#12411,#12412);
#12410 = CARTESIAN_POINT('',(-0.65,66.912106407565,0.));
#12411 = DIRECTION('',(-1.,0.,0.));
#12412 = DIRECTION('',(0.,1.,0.));
#12413 = ADVANCED_FACE('',(#12414),#12440,.F.);
#12414 = FACE_BOUND('',#12415,.T.);
#12415 = EDGE_LOOP('',(#12416,#12417,#12425,#12434));
#12416 = ORIENTED_EDGE('',*,*,#8844,.T.);
#12417 = ORIENTED_EDGE('',*,*,#12418,.T.);
#12418 = EDGE_CURVE('',#8847,#12419,#12421,.T.);
#12419 = VERTEX_POINT('',#12420);
#12420 = CARTESIAN_POINT('',(2.312106407565,74.85,21.));
#12421 = LINE('',#12422,#12423);
#12422 = CARTESIAN_POINT('',(2.312106407565,74.85,0.));
#12423 = VECTOR('',#12424,1.);
#12424 = DIRECTION('',(0.,0.,1.));
#12425 = ORIENTED_EDGE('',*,*,#12426,.F.);
#12426 = EDGE_CURVE('',#12427,#12419,#12429,.T.);
#12427 = VERTEX_POINT('',#12428);
#12428 = CARTESIAN_POINT('',(-0.65,77.812106407565,21.));
#12429 = CIRCLE('',#12430,5.35);
#12430 = AXIS2_PLACEMENT_3D('',#12431,#12432,#12433);
#12431 = CARTESIAN_POINT('',(-2.65,72.85,21.));
#12432 = DIRECTION('',(0.,0.,-1.));
#12433 = DIRECTION('',(1.,0.,0.));
#12434 = ORIENTED_EDGE('',*,*,#12435,.F.);
#12435 = EDGE_CURVE('',#8845,#12427,#12436,.T.);
#12436 = LINE('',#12437,#12438);
#12437 = CARTESIAN_POINT('',(-0.65,77.812106407565,0.));
#12438 = VECTOR('',#12439,1.);
#12439 = DIRECTION('',(0.,0.,1.));
#12440 = CYLINDRICAL_SURFACE('',#12441,5.35);
#12441 = AXIS2_PLACEMENT_3D('',#12442,#12443,#12444);
#12442 = CARTESIAN_POINT('',(-2.65,72.85,0.));
#12443 = DIRECTION('',(-0.,-0.,-1.));
#12444 = DIRECTION('',(1.,0.,0.));
#12445 = ADVANCED_FACE('',(#12446),#12464,.F.);
#12446 = FACE_BOUND('',#12447,.F.);
#12447 = EDGE_LOOP('',(#12448,#12449,#12450,#12458));
#12448 = ORIENTED_EDGE('',*,*,#8906,.T.);
#12449 = ORIENTED_EDGE('',*,*,#12418,.T.);
#12450 = ORIENTED_EDGE('',*,*,#12451,.T.);
#12451 = EDGE_CURVE('',#12419,#12452,#12454,.T.);
#12452 = VERTEX_POINT('',#12453);
#12453 = CARTESIAN_POINT('',(7.035301781957,74.85,21.));
#12454 = LINE('',#12455,#12456);
#12455 = CARTESIAN_POINT('',(1.156053203783,74.85,21.));
#12456 = VECTOR('',#12457,1.);
#12457 = DIRECTION('',(1.,0.,0.));
#12458 = ORIENTED_EDGE('',*,*,#12459,.F.);
#12459 = EDGE_CURVE('',#8898,#12452,#12460,.T.);
#12460 = LINE('',#12461,#12462);
#12461 = CARTESIAN_POINT('',(7.035301781957,74.85,0.));
#12462 = VECTOR('',#12463,1.);
#12463 = DIRECTION('',(0.,0.,1.));
#12464 = PLANE('',#12465);
#12465 = AXIS2_PLACEMENT_3D('',#12466,#12467,#12468);
#12466 = CARTESIAN_POINT('',(2.312106407565,74.85,0.));
#12467 = DIRECTION('',(0.,1.,0.));
#12468 = DIRECTION('',(1.,0.,0.));
#12469 = ADVANCED_FACE('',(#12470),#12489,.F.);
#12470 = FACE_BOUND('',#12471,.T.);
#12471 = EDGE_LOOP('',(#12472,#12473,#12481,#12488));
#12472 = ORIENTED_EDGE('',*,*,#8897,.T.);
#12473 = ORIENTED_EDGE('',*,*,#12474,.T.);
#12474 = EDGE_CURVE('',#8890,#12475,#12477,.T.);
#12475 = VERTEX_POINT('',#12476);
#12476 = CARTESIAN_POINT('',(8.55,75.759880773904,21.));
#12477 = LINE('',#12478,#12479);
#12478 = CARTESIAN_POINT('',(8.55,75.759880773904,0.));
#12479 = VECTOR('',#12480,1.);
#12480 = DIRECTION('',(0.,0.,1.));
#12481 = ORIENTED_EDGE('',*,*,#12482,.F.);
#12482 = EDGE_CURVE('',#12452,#12475,#12483,.T.);
#12483 = CIRCLE('',#12484,7.35);
#12484 = AXIS2_PLACEMENT_3D('',#12485,#12486,#12487);
#12485 = CARTESIAN_POINT('',(11.55,69.05,21.));
#12486 = DIRECTION('',(0.,0.,-1.));
#12487 = DIRECTION('',(1.,0.,0.));
#12488 = ORIENTED_EDGE('',*,*,#12459,.F.);
#12489 = CYLINDRICAL_SURFACE('',#12490,7.35);
#12490 = AXIS2_PLACEMENT_3D('',#12491,#12492,#12493);
#12491 = CARTESIAN_POINT('',(11.55,69.05,0.));
#12492 = DIRECTION('',(-0.,-0.,-1.));
#12493 = DIRECTION('',(1.,0.,0.));
#12494 = ADVANCED_FACE('',(#12495),#12513,.T.);
#12495 = FACE_BOUND('',#12496,.T.);
#12496 = EDGE_LOOP('',(#12497,#12498,#12506,#12512));
#12497 = ORIENTED_EDGE('',*,*,#8889,.T.);
#12498 = ORIENTED_EDGE('',*,*,#12499,.T.);
#12499 = EDGE_CURVE('',#8881,#12500,#12502,.T.);
#12500 = VERTEX_POINT('',#12501);
#12501 = CARTESIAN_POINT('',(8.55,77.240119226096,21.));
#12502 = LINE('',#12503,#12504);
#12503 = CARTESIAN_POINT('',(8.55,77.240119226096,0.));
#12504 = VECTOR('',#12505,1.);
#12505 = DIRECTION('',(0.,0.,1.));
#12506 = ORIENTED_EDGE('',*,*,#12507,.T.);
#12507 = EDGE_CURVE('',#12500,#12475,#12508,.T.);
#12508 = LINE('',#12509,#12510);
#12509 = CARTESIAN_POINT('',(8.55,70.120059613048,21.));
#12510 = VECTOR('',#12511,1.);
#12511 = DIRECTION('',(0.,-1.,0.));
#12512 = ORIENTED_EDGE('',*,*,#12474,.F.);
#12513 = PLANE('',#12514);
#12514 = AXIS2_PLACEMENT_3D('',#12515,#12516,#12517);
#12515 = CARTESIAN_POINT('',(8.55,77.240119226096,0.));
#12516 = DIRECTION('',(1.,0.,0.));
#12517 = DIRECTION('',(0.,-1.,0.));
#12518 = ADVANCED_FACE('',(#12519),#12538,.F.);
#12519 = FACE_BOUND('',#12520,.T.);
#12520 = EDGE_LOOP('',(#12521,#12522,#12530,#12537));
#12521 = ORIENTED_EDGE('',*,*,#8880,.T.);
#12522 = ORIENTED_EDGE('',*,*,#12523,.T.);
#12523 = EDGE_CURVE('',#8873,#12524,#12526,.T.);
#12524 = VERTEX_POINT('',#12525);
#12525 = CARTESIAN_POINT('',(4.536976401009,81.75,21.));
#12526 = LINE('',#12527,#12528);
#12527 = CARTESIAN_POINT('',(4.536976401009,81.75,0.));
#12528 = VECTOR('',#12529,1.);
#12529 = DIRECTION('',(0.,0.,1.));
#12530 = ORIENTED_EDGE('',*,*,#12531,.F.);
#12531 = EDGE_CURVE('',#12500,#12524,#12532,.T.);
#12532 = CIRCLE('',#12533,7.35);
#12533 = AXIS2_PLACEMENT_3D('',#12534,#12535,#12536);
#12534 = CARTESIAN_POINT('',(11.55,83.95,21.));
#12535 = DIRECTION('',(0.,0.,-1.));
#12536 = DIRECTION('',(1.,0.,0.));
#12537 = ORIENTED_EDGE('',*,*,#12499,.F.);
#12538 = CYLINDRICAL_SURFACE('',#12539,7.35);
#12539 = AXIS2_PLACEMENT_3D('',#12540,#12541,#12542);
#12540 = CARTESIAN_POINT('',(11.55,83.95,0.));
#12541 = DIRECTION('',(-0.,-0.,-1.));
#12542 = DIRECTION('',(1.,0.,0.));
#12543 = ADVANCED_FACE('',(#12544),#12562,.T.);
#12544 = FACE_BOUND('',#12545,.T.);
#12545 = EDGE_LOOP('',(#12546,#12547,#12555,#12561));
#12546 = ORIENTED_EDGE('',*,*,#8872,.T.);
#12547 = ORIENTED_EDGE('',*,*,#12548,.T.);
#12548 = EDGE_CURVE('',#8864,#12549,#12551,.T.);
#12549 = VERTEX_POINT('',#12550);
#12550 = CARTESIAN_POINT('',(2.312106407565,81.75,21.));
#12551 = LINE('',#12552,#12553);
#12552 = CARTESIAN_POINT('',(2.312106407565,81.75,0.));
#12553 = VECTOR('',#12554,1.);
#12554 = DIRECTION('',(0.,0.,1.));
#12555 = ORIENTED_EDGE('',*,*,#12556,.T.);
#12556 = EDGE_CURVE('',#12549,#12524,#12557,.T.);
#12557 = LINE('',#12558,#12559);
#12558 = CARTESIAN_POINT('',(1.156053203783,81.75,21.));
#12559 = VECTOR('',#12560,1.);
#12560 = DIRECTION('',(1.,0.,0.));
#12561 = ORIENTED_EDGE('',*,*,#12523,.F.);
#12562 = PLANE('',#12563);
#12563 = AXIS2_PLACEMENT_3D('',#12564,#12565,#12566);
#12564 = CARTESIAN_POINT('',(2.312106407565,81.75,0.));
#12565 = DIRECTION('',(0.,1.,0.));
#12566 = DIRECTION('',(1.,0.,0.));
#12567 = ADVANCED_FACE('',(#12568),#12587,.F.);
#12568 = FACE_BOUND('',#12569,.T.);
#12569 = EDGE_LOOP('',(#12570,#12571,#12579,#12586));
#12570 = ORIENTED_EDGE('',*,*,#8863,.T.);
#12571 = ORIENTED_EDGE('',*,*,#12572,.T.);
#12572 = EDGE_CURVE('',#8856,#12573,#12575,.T.);
#12573 = VERTEX_POINT('',#12574);
#12574 = CARTESIAN_POINT('',(-0.65,78.787893592435,21.));
#12575 = LINE('',#12576,#12577);
#12576 = CARTESIAN_POINT('',(-0.65,78.787893592435,0.));
#12577 = VECTOR('',#12578,1.);
#12578 = DIRECTION('',(0.,0.,1.));
#12579 = ORIENTED_EDGE('',*,*,#12580,.F.);
#12580 = EDGE_CURVE('',#12549,#12573,#12581,.T.);
#12581 = CIRCLE('',#12582,5.35);
#12582 = AXIS2_PLACEMENT_3D('',#12583,#12584,#12585);
#12583 = CARTESIAN_POINT('',(-2.65,83.75,21.));
#12584 = DIRECTION('',(0.,0.,-1.));
#12585 = DIRECTION('',(1.,0.,0.));
#12586 = ORIENTED_EDGE('',*,*,#12548,.F.);
#12587 = CYLINDRICAL_SURFACE('',#12588,5.35);
#12588 = AXIS2_PLACEMENT_3D('',#12589,#12590,#12591);
#12589 = CARTESIAN_POINT('',(-2.65,83.75,0.));
#12590 = DIRECTION('',(-0.,-0.,-1.));
#12591 = DIRECTION('',(1.,0.,0.));
#12592 = ADVANCED_FACE('',(#12593),#12604,.T.);
#12593 = FACE_BOUND('',#12594,.T.);
#12594 = EDGE_LOOP('',(#12595,#12596,#12597,#12603));
#12595 = ORIENTED_EDGE('',*,*,#8855,.T.);
#12596 = ORIENTED_EDGE('',*,*,#12435,.T.);
#12597 = ORIENTED_EDGE('',*,*,#12598,.T.);
#12598 = EDGE_CURVE('',#12427,#12573,#12599,.T.);
#12599 = LINE('',#12600,#12601);
#12600 = CARTESIAN_POINT('',(-0.65,70.406053203783,21.));
#12601 = VECTOR('',#12602,1.);
#12602 = DIRECTION('',(0.,1.,0.));
#12603 = ORIENTED_EDGE('',*,*,#12572,.F.);
#12604 = PLANE('',#12605);
#12605 = AXIS2_PLACEMENT_3D('',#12606,#12607,#12608);
#12606 = CARTESIAN_POINT('',(-0.65,77.812106407565,0.));
#12607 = DIRECTION('',(-1.,0.,0.));
#12608 = DIRECTION('',(0.,1.,0.));
#12609 = ADVANCED_FACE('',(#12610),#12636,.F.);
#12610 = FACE_BOUND('',#12611,.T.);
#12611 = EDGE_LOOP('',(#12612,#12613,#12621,#12630));
#12612 = ORIENTED_EDGE('',*,*,#8914,.T.);
#12613 = ORIENTED_EDGE('',*,*,#12614,.T.);
#12614 = EDGE_CURVE('',#8917,#12615,#12617,.T.);
#12615 = VERTEX_POINT('',#12616);
#12616 = CARTESIAN_POINT('',(2.312106407565,96.65,21.));
#12617 = LINE('',#12618,#12619);
#12618 = CARTESIAN_POINT('',(2.312106407565,96.65,0.));
#12619 = VECTOR('',#12620,1.);
#12620 = DIRECTION('',(0.,0.,1.));
#12621 = ORIENTED_EDGE('',*,*,#12622,.F.);
#12622 = EDGE_CURVE('',#12623,#12615,#12625,.T.);
#12623 = VERTEX_POINT('',#12624);
#12624 = CARTESIAN_POINT('',(-0.65,99.612106407565,21.));
#12625 = CIRCLE('',#12626,5.35);
#12626 = AXIS2_PLACEMENT_3D('',#12627,#12628,#12629);
#12627 = CARTESIAN_POINT('',(-2.65,94.65,21.));
#12628 = DIRECTION('',(0.,0.,-1.));
#12629 = DIRECTION('',(1.,0.,0.));
#12630 = ORIENTED_EDGE('',*,*,#12631,.F.);
#12631 = EDGE_CURVE('',#8915,#12623,#12632,.T.);
#12632 = LINE('',#12633,#12634);
#12633 = CARTESIAN_POINT('',(-0.65,99.612106407565,0.));
#12634 = VECTOR('',#12635,1.);
#12635 = DIRECTION('',(0.,0.,1.));
#12636 = CYLINDRICAL_SURFACE('',#12637,5.35);
#12637 = AXIS2_PLACEMENT_3D('',#12638,#12639,#12640);
#12638 = CARTESIAN_POINT('',(-2.65,94.65,0.));
#12639 = DIRECTION('',(-0.,-0.,-1.));
#12640 = DIRECTION('',(1.,0.,0.));
#12641 = ADVANCED_FACE('',(#12642),#12660,.F.);
#12642 = FACE_BOUND('',#12643,.F.);
#12643 = EDGE_LOOP('',(#12644,#12645,#12646,#12654));
#12644 = ORIENTED_EDGE('',*,*,#8959,.T.);
#12645 = ORIENTED_EDGE('',*,*,#12614,.T.);
#12646 = ORIENTED_EDGE('',*,*,#12647,.T.);
#12647 = EDGE_CURVE('',#12615,#12648,#12650,.T.);
#12648 = VERTEX_POINT('',#12649);
#12649 = CARTESIAN_POINT('',(4.536976401009,96.65,21.));
#12650 = LINE('',#12651,#12652);
#12651 = CARTESIAN_POINT('',(1.156053203783,96.65,21.));
#12652 = VECTOR('',#12653,1.);
#12653 = DIRECTION('',(1.,0.,0.));
#12654 = ORIENTED_EDGE('',*,*,#12655,.F.);
#12655 = EDGE_CURVE('',#8951,#12648,#12656,.T.);
#12656 = LINE('',#12657,#12658);
#12657 = CARTESIAN_POINT('',(4.536976401009,96.65,0.));
#12658 = VECTOR('',#12659,1.);
#12659 = DIRECTION('',(0.,0.,1.));
#12660 = PLANE('',#12661);
#12661 = AXIS2_PLACEMENT_3D('',#12662,#12663,#12664);
#12662 = CARTESIAN_POINT('',(2.312106407565,96.65,0.));
#12663 = DIRECTION('',(0.,1.,0.));
#12664 = DIRECTION('',(1.,0.,0.));
#12665 = ADVANCED_FACE('',(#12666),#12685,.F.);
#12666 = FACE_BOUND('',#12667,.T.);
#12667 = EDGE_LOOP('',(#12668,#12669,#12677,#12684));
#12668 = ORIENTED_EDGE('',*,*,#8950,.T.);
#12669 = ORIENTED_EDGE('',*,*,#12670,.T.);
#12670 = EDGE_CURVE('',#8943,#12671,#12673,.T.);
#12671 = VERTEX_POINT('',#12672);
#12672 = CARTESIAN_POINT('',(5.899115113542,103.55,21.));
#12673 = LINE('',#12674,#12675);
#12674 = CARTESIAN_POINT('',(5.899115113542,103.55,0.));
#12675 = VECTOR('',#12676,1.);
#12676 = DIRECTION('',(0.,0.,1.));
#12677 = ORIENTED_EDGE('',*,*,#12678,.F.);
#12678 = EDGE_CURVE('',#12648,#12671,#12679,.T.);
#12679 = CIRCLE('',#12680,7.35);
#12680 = AXIS2_PLACEMENT_3D('',#12681,#12682,#12683);
#12681 = CARTESIAN_POINT('',(11.55,98.85,21.));
#12682 = DIRECTION('',(0.,0.,-1.));
#12683 = DIRECTION('',(1.,0.,0.));
#12684 = ORIENTED_EDGE('',*,*,#12655,.F.);
#12685 = CYLINDRICAL_SURFACE('',#12686,7.35);
#12686 = AXIS2_PLACEMENT_3D('',#12687,#12688,#12689);
#12687 = CARTESIAN_POINT('',(11.55,98.85,0.));
#12688 = DIRECTION('',(-0.,-0.,-1.));
#12689 = DIRECTION('',(1.,0.,0.));
#12690 = ADVANCED_FACE('',(#12691),#12709,.T.);
#12691 = FACE_BOUND('',#12692,.T.);
#12692 = EDGE_LOOP('',(#12693,#12694,#12702,#12708));
#12693 = ORIENTED_EDGE('',*,*,#8942,.T.);
#12694 = ORIENTED_EDGE('',*,*,#12695,.T.);
#12695 = EDGE_CURVE('',#8934,#12696,#12698,.T.);
#12696 = VERTEX_POINT('',#12697);
#12697 = CARTESIAN_POINT('',(2.312106407565,103.55,21.));
#12698 = LINE('',#12699,#12700);
#12699 = CARTESIAN_POINT('',(2.312106407565,103.55,0.));
#12700 = VECTOR('',#12701,1.);
#12701 = DIRECTION('',(0.,0.,1.));
#12702 = ORIENTED_EDGE('',*,*,#12703,.T.);
#12703 = EDGE_CURVE('',#12696,#12671,#12704,.T.);
#12704 = LINE('',#12705,#12706);
#12705 = CARTESIAN_POINT('',(1.156053203783,103.55,21.));
#12706 = VECTOR('',#12707,1.);
#12707 = DIRECTION('',(1.,0.,0.));
#12708 = ORIENTED_EDGE('',*,*,#12670,.F.);
#12709 = PLANE('',#12710);
#12710 = AXIS2_PLACEMENT_3D('',#12711,#12712,#12713);
#12711 = CARTESIAN_POINT('',(2.312106407565,103.55,0.));
#12712 = DIRECTION('',(0.,1.,0.));
#12713 = DIRECTION('',(1.,0.,0.));
#12714 = ADVANCED_FACE('',(#12715),#12734,.F.);
#12715 = FACE_BOUND('',#12716,.T.);
#12716 = EDGE_LOOP('',(#12717,#12718,#12726,#12733));
#12717 = ORIENTED_EDGE('',*,*,#8933,.T.);
#12718 = ORIENTED_EDGE('',*,*,#12719,.T.);
#12719 = EDGE_CURVE('',#8926,#12720,#12722,.T.);
#12720 = VERTEX_POINT('',#12721);
#12721 = CARTESIAN_POINT('',(-0.65,100.58789359243,21.));
#12722 = LINE('',#12723,#12724);
#12723 = CARTESIAN_POINT('',(-0.65,100.58789359243,0.));
#12724 = VECTOR('',#12725,1.);
#12725 = DIRECTION('',(0.,0.,1.));
#12726 = ORIENTED_EDGE('',*,*,#12727,.F.);
#12727 = EDGE_CURVE('',#12696,#12720,#12728,.T.);
#12728 = CIRCLE('',#12729,5.35);
#12729 = AXIS2_PLACEMENT_3D('',#12730,#12731,#12732);
#12730 = CARTESIAN_POINT('',(-2.65,105.55,21.));
#12731 = DIRECTION('',(0.,0.,-1.));
#12732 = DIRECTION('',(1.,0.,0.));
#12733 = ORIENTED_EDGE('',*,*,#12695,.F.);
#12734 = CYLINDRICAL_SURFACE('',#12735,5.35);
#12735 = AXIS2_PLACEMENT_3D('',#12736,#12737,#12738);
#12736 = CARTESIAN_POINT('',(-2.65,105.55,0.));
#12737 = DIRECTION('',(-0.,-0.,-1.));
#12738 = DIRECTION('',(1.,0.,0.));
#12739 = ADVANCED_FACE('',(#12740),#12751,.T.);
#12740 = FACE_BOUND('',#12741,.T.);
#12741 = EDGE_LOOP('',(#12742,#12743,#12744,#12750));
#12742 = ORIENTED_EDGE('',*,*,#8925,.T.);
#12743 = ORIENTED_EDGE('',*,*,#12631,.T.);
#12744 = ORIENTED_EDGE('',*,*,#12745,.T.);
#12745 = EDGE_CURVE('',#12623,#12720,#12746,.T.);
#12746 = LINE('',#12747,#12748);
#12747 = CARTESIAN_POINT('',(-0.65,81.306053203783,21.));
#12748 = VECTOR('',#12749,1.);
#12749 = DIRECTION('',(0.,1.,0.));
#12750 = ORIENTED_EDGE('',*,*,#12719,.F.);
#12751 = PLANE('',#12752);
#12752 = AXIS2_PLACEMENT_3D('',#12753,#12754,#12755);
#12753 = CARTESIAN_POINT('',(-0.65,99.612106407565,0.));
#12754 = DIRECTION('',(-1.,0.,0.));
#12755 = DIRECTION('',(0.,1.,0.));
#12756 = ADVANCED_FACE('',(#12757),#12783,.F.);
#12757 = FACE_BOUND('',#12758,.T.);
#12758 = EDGE_LOOP('',(#12759,#12760,#12768,#12777));
#12759 = ORIENTED_EDGE('',*,*,#8967,.T.);
#12760 = ORIENTED_EDGE('',*,*,#12761,.T.);
#12761 = EDGE_CURVE('',#8970,#12762,#12764,.T.);
#12762 = VERTEX_POINT('',#12763);
#12763 = CARTESIAN_POINT('',(2.312106407565,107.55,21.));
#12764 = LINE('',#12765,#12766);
#12765 = CARTESIAN_POINT('',(2.312106407565,107.55,0.));
#12766 = VECTOR('',#12767,1.);
#12767 = DIRECTION('',(0.,0.,1.));
#12768 = ORIENTED_EDGE('',*,*,#12769,.F.);
#12769 = EDGE_CURVE('',#12770,#12762,#12772,.T.);
#12770 = VERTEX_POINT('',#12771);
#12771 = CARTESIAN_POINT('',(-0.65,110.51210640756,21.));
#12772 = CIRCLE('',#12773,5.35);
#12773 = AXIS2_PLACEMENT_3D('',#12774,#12775,#12776);
#12774 = CARTESIAN_POINT('',(-2.65,105.55,21.));
#12775 = DIRECTION('',(0.,0.,-1.));
#12776 = DIRECTION('',(1.,0.,0.));
#12777 = ORIENTED_EDGE('',*,*,#12778,.F.);
#12778 = EDGE_CURVE('',#8968,#12770,#12779,.T.);
#12779 = LINE('',#12780,#12781);
#12780 = CARTESIAN_POINT('',(-0.65,110.51210640756,0.));
#12781 = VECTOR('',#12782,1.);
#12782 = DIRECTION('',(0.,0.,1.));
#12783 = CYLINDRICAL_SURFACE('',#12784,5.35);
#12784 = AXIS2_PLACEMENT_3D('',#12785,#12786,#12787);
#12785 = CARTESIAN_POINT('',(-2.65,105.55,0.));
#12786 = DIRECTION('',(-0.,-0.,-1.));
#12787 = DIRECTION('',(1.,0.,0.));
#12788 = ADVANCED_FACE('',(#12789),#12807,.F.);
#12789 = FACE_BOUND('',#12790,.F.);
#12790 = EDGE_LOOP('',(#12791,#12792,#12793,#12801));
#12791 = ORIENTED_EDGE('',*,*,#9012,.T.);
#12792 = ORIENTED_EDGE('',*,*,#12761,.T.);
#12793 = ORIENTED_EDGE('',*,*,#12794,.T.);
#12794 = EDGE_CURVE('',#12762,#12795,#12797,.T.);
#12795 = VERTEX_POINT('',#12796);
#12796 = CARTESIAN_POINT('',(7.602532457385,107.55,21.));
#12797 = LINE('',#12798,#12799);
#12798 = CARTESIAN_POINT('',(1.156053203783,107.55,21.));
#12799 = VECTOR('',#12800,1.);
#12800 = DIRECTION('',(1.,0.,0.));
#12801 = ORIENTED_EDGE('',*,*,#12802,.F.);
#12802 = EDGE_CURVE('',#9004,#12795,#12803,.T.);
#12803 = LINE('',#12804,#12805);
#12804 = CARTESIAN_POINT('',(7.602532457385,107.55,0.));
#12805 = VECTOR('',#12806,1.);
#12806 = DIRECTION('',(0.,0.,1.));
#12807 = PLANE('',#12808);
#12808 = AXIS2_PLACEMENT_3D('',#12809,#12810,#12811);
#12809 = CARTESIAN_POINT('',(2.312106407565,107.55,0.));
#12810 = DIRECTION('',(0.,1.,0.));
#12811 = DIRECTION('',(1.,0.,0.));
#12812 = ADVANCED_FACE('',(#12813),#12832,.F.);
#12813 = FACE_BOUND('',#12814,.T.);
#12814 = EDGE_LOOP('',(#12815,#12816,#12824,#12831));
#12815 = ORIENTED_EDGE('',*,*,#9003,.T.);
#12816 = ORIENTED_EDGE('',*,*,#12817,.T.);
#12817 = EDGE_CURVE('',#8996,#12818,#12820,.T.);
#12818 = VERTEX_POINT('',#12819);
#12819 = CARTESIAN_POINT('',(4.233409263872,114.45,21.));
#12820 = LINE('',#12821,#12822);
#12821 = CARTESIAN_POINT('',(4.233409263872,114.45,0.));
#12822 = VECTOR('',#12823,1.);
#12823 = DIRECTION('',(0.,0.,1.));
#12824 = ORIENTED_EDGE('',*,*,#12825,.F.);
#12825 = EDGE_CURVE('',#12795,#12818,#12826,.T.);
#12826 = CIRCLE('',#12827,7.35);
#12827 = AXIS2_PLACEMENT_3D('',#12828,#12829,#12830);
#12828 = CARTESIAN_POINT('',(11.55,113.75,21.));
#12829 = DIRECTION('',(0.,0.,-1.));
#12830 = DIRECTION('',(1.,0.,0.));
#12831 = ORIENTED_EDGE('',*,*,#12802,.F.);
#12832 = CYLINDRICAL_SURFACE('',#12833,7.35);
#12833 = AXIS2_PLACEMENT_3D('',#12834,#12835,#12836);
#12834 = CARTESIAN_POINT('',(11.55,113.75,0.));
#12835 = DIRECTION('',(-0.,-0.,-1.));
#12836 = DIRECTION('',(1.,0.,0.));
#12837 = ADVANCED_FACE('',(#12838),#12856,.T.);
#12838 = FACE_BOUND('',#12839,.T.);
#12839 = EDGE_LOOP('',(#12840,#12841,#12849,#12855));
#12840 = ORIENTED_EDGE('',*,*,#8995,.T.);
#12841 = ORIENTED_EDGE('',*,*,#12842,.T.);
#12842 = EDGE_CURVE('',#8987,#12843,#12845,.T.);
#12843 = VERTEX_POINT('',#12844);
#12844 = CARTESIAN_POINT('',(2.312106407565,114.45,21.));
#12845 = LINE('',#12846,#12847);
#12846 = CARTESIAN_POINT('',(2.312106407565,114.45,0.));
#12847 = VECTOR('',#12848,1.);
#12848 = DIRECTION('',(0.,0.,1.));
#12849 = ORIENTED_EDGE('',*,*,#12850,.T.);
#12850 = EDGE_CURVE('',#12843,#12818,#12851,.T.);
#12851 = LINE('',#12852,#12853);
#12852 = CARTESIAN_POINT('',(1.156053203783,114.45,21.));
#12853 = VECTOR('',#12854,1.);
#12854 = DIRECTION('',(1.,0.,0.));
#12855 = ORIENTED_EDGE('',*,*,#12817,.F.);
#12856 = PLANE('',#12857);
#12857 = AXIS2_PLACEMENT_3D('',#12858,#12859,#12860);
#12858 = CARTESIAN_POINT('',(2.312106407565,114.45,0.));
#12859 = DIRECTION('',(0.,1.,0.));
#12860 = DIRECTION('',(1.,0.,0.));
#12861 = ADVANCED_FACE('',(#12862),#12881,.F.);
#12862 = FACE_BOUND('',#12863,.T.);
#12863 = EDGE_LOOP('',(#12864,#12865,#12873,#12880));
#12864 = ORIENTED_EDGE('',*,*,#8986,.T.);
#12865 = ORIENTED_EDGE('',*,*,#12866,.T.);
#12866 = EDGE_CURVE('',#8979,#12867,#12869,.T.);
#12867 = VERTEX_POINT('',#12868);
#12868 = CARTESIAN_POINT('',(-0.65,111.48789359243,21.));
#12869 = LINE('',#12870,#12871);
#12870 = CARTESIAN_POINT('',(-0.65,111.48789359243,0.));
#12871 = VECTOR('',#12872,1.);
#12872 = DIRECTION('',(0.,0.,1.));
#12873 = ORIENTED_EDGE('',*,*,#12874,.F.);
#12874 = EDGE_CURVE('',#12843,#12867,#12875,.T.);
#12875 = CIRCLE('',#12876,5.35);
#12876 = AXIS2_PLACEMENT_3D('',#12877,#12878,#12879);
#12877 = CARTESIAN_POINT('',(-2.65,116.45,21.));
#12878 = DIRECTION('',(0.,0.,-1.));
#12879 = DIRECTION('',(1.,0.,0.));
#12880 = ORIENTED_EDGE('',*,*,#12842,.F.);
#12881 = CYLINDRICAL_SURFACE('',#12882,5.35);
#12882 = AXIS2_PLACEMENT_3D('',#12883,#12884,#12885);
#12883 = CARTESIAN_POINT('',(-2.65,116.45,0.));
#12884 = DIRECTION('',(-0.,-0.,-1.));
#12885 = DIRECTION('',(1.,0.,0.));
#12886 = ADVANCED_FACE('',(#12887),#12898,.T.);
#12887 = FACE_BOUND('',#12888,.T.);
#12888 = EDGE_LOOP('',(#12889,#12890,#12891,#12897));
#12889 = ORIENTED_EDGE('',*,*,#8978,.T.);
#12890 = ORIENTED_EDGE('',*,*,#12778,.T.);
#12891 = ORIENTED_EDGE('',*,*,#12892,.T.);
#12892 = EDGE_CURVE('',#12770,#12867,#12893,.T.);
#12893 = LINE('',#12894,#12895);
#12894 = CARTESIAN_POINT('',(-0.65,86.756053203783,21.));
#12895 = VECTOR('',#12896,1.);
#12896 = DIRECTION('',(0.,1.,0.));
#12897 = ORIENTED_EDGE('',*,*,#12866,.F.);
#12898 = PLANE('',#12899);
#12899 = AXIS2_PLACEMENT_3D('',#12900,#12901,#12902);
#12900 = CARTESIAN_POINT('',(-0.65,110.51210640756,0.));
#12901 = DIRECTION('',(-1.,0.,0.));
#12902 = DIRECTION('',(0.,1.,0.));
#12903 = ADVANCED_FACE('',(#12904),#12930,.F.);
#12904 = FACE_BOUND('',#12905,.T.);
#12905 = EDGE_LOOP('',(#12906,#12907,#12915,#12924));
#12906 = ORIENTED_EDGE('',*,*,#9020,.T.);
#12907 = ORIENTED_EDGE('',*,*,#12908,.T.);
#12908 = EDGE_CURVE('',#9023,#12909,#12911,.T.);
#12909 = VERTEX_POINT('',#12910);
#12910 = CARTESIAN_POINT('',(2.312106407565,85.75,21.));
#12911 = LINE('',#12912,#12913);
#12912 = CARTESIAN_POINT('',(2.312106407565,85.75,0.));
#12913 = VECTOR('',#12914,1.);
#12914 = DIRECTION('',(0.,0.,1.));
#12915 = ORIENTED_EDGE('',*,*,#12916,.F.);
#12916 = EDGE_CURVE('',#12917,#12909,#12919,.T.);
#12917 = VERTEX_POINT('',#12918);
#12918 = CARTESIAN_POINT('',(-0.65,88.712106407565,21.));
#12919 = CIRCLE('',#12920,5.35);
#12920 = AXIS2_PLACEMENT_3D('',#12921,#12922,#12923);
#12921 = CARTESIAN_POINT('',(-2.65,83.75,21.));
#12922 = DIRECTION('',(0.,0.,-1.));
#12923 = DIRECTION('',(1.,0.,0.));
#12924 = ORIENTED_EDGE('',*,*,#12925,.F.);
#12925 = EDGE_CURVE('',#9021,#12917,#12926,.T.);
#12926 = LINE('',#12927,#12928);
#12927 = CARTESIAN_POINT('',(-0.65,88.712106407565,0.));
#12928 = VECTOR('',#12929,1.);
#12929 = DIRECTION('',(0.,0.,1.));
#12930 = CYLINDRICAL_SURFACE('',#12931,5.35);
#12931 = AXIS2_PLACEMENT_3D('',#12932,#12933,#12934);
#12932 = CARTESIAN_POINT('',(-2.65,83.75,0.));
#12933 = DIRECTION('',(-0.,-0.,-1.));
#12934 = DIRECTION('',(1.,0.,0.));
#12935 = ADVANCED_FACE('',(#12936),#12954,.F.);
#12936 = FACE_BOUND('',#12937,.F.);
#12937 = EDGE_LOOP('',(#12938,#12939,#12940,#12948));
#12938 = ORIENTED_EDGE('',*,*,#9082,.T.);
#12939 = ORIENTED_EDGE('',*,*,#12908,.T.);
#12940 = ORIENTED_EDGE('',*,*,#12941,.T.);
#12941 = EDGE_CURVE('',#12909,#12942,#12944,.T.);
#12942 = VERTEX_POINT('',#12943);
#12943 = CARTESIAN_POINT('',(4.423815887868,85.75,21.));
#12944 = LINE('',#12945,#12946);
#12945 = CARTESIAN_POINT('',(1.156053203783,85.75,21.));
#12946 = VECTOR('',#12947,1.);
#12947 = DIRECTION('',(1.,0.,0.));
#12948 = ORIENTED_EDGE('',*,*,#12949,.F.);
#12949 = EDGE_CURVE('',#9074,#12942,#12950,.T.);
#12950 = LINE('',#12951,#12952);
#12951 = CARTESIAN_POINT('',(4.423815887868,85.75,0.));
#12952 = VECTOR('',#12953,1.);
#12953 = DIRECTION('',(0.,0.,1.));
#12954 = PLANE('',#12955);
#12955 = AXIS2_PLACEMENT_3D('',#12956,#12957,#12958);
#12956 = CARTESIAN_POINT('',(2.312106407565,85.75,0.));
#12957 = DIRECTION('',(0.,1.,0.));
#12958 = DIRECTION('',(1.,0.,0.));
#12959 = ADVANCED_FACE('',(#12960),#12979,.F.);
#12960 = FACE_BOUND('',#12961,.T.);
#12961 = EDGE_LOOP('',(#12962,#12963,#12971,#12978));
#12962 = ORIENTED_EDGE('',*,*,#9073,.T.);
#12963 = ORIENTED_EDGE('',*,*,#12964,.T.);
#12964 = EDGE_CURVE('',#9066,#12965,#12967,.T.);
#12965 = VERTEX_POINT('',#12966);
#12966 = CARTESIAN_POINT('',(8.55,90.659880773903,21.));
#12967 = LINE('',#12968,#12969);
#12968 = CARTESIAN_POINT('',(8.55,90.659880773903,0.));
#12969 = VECTOR('',#12970,1.);
#12970 = DIRECTION('',(0.,0.,1.));
#12971 = ORIENTED_EDGE('',*,*,#12972,.F.);
#12972 = EDGE_CURVE('',#12942,#12965,#12973,.T.);
#12973 = CIRCLE('',#12974,7.35);
#12974 = AXIS2_PLACEMENT_3D('',#12975,#12976,#12977);
#12975 = CARTESIAN_POINT('',(11.55,83.95,21.));
#12976 = DIRECTION('',(0.,0.,-1.));
#12977 = DIRECTION('',(1.,0.,0.));
#12978 = ORIENTED_EDGE('',*,*,#12949,.F.);
#12979 = CYLINDRICAL_SURFACE('',#12980,7.35);
#12980 = AXIS2_PLACEMENT_3D('',#12981,#12982,#12983);
#12981 = CARTESIAN_POINT('',(11.55,83.95,0.));
#12982 = DIRECTION('',(-0.,-0.,-1.));
#12983 = DIRECTION('',(1.,0.,0.));
#12984 = ADVANCED_FACE('',(#12985),#13003,.T.);
#12985 = FACE_BOUND('',#12986,.T.);
#12986 = EDGE_LOOP('',(#12987,#12988,#12996,#13002));
#12987 = ORIENTED_EDGE('',*,*,#9065,.T.);
#12988 = ORIENTED_EDGE('',*,*,#12989,.T.);
#12989 = EDGE_CURVE('',#9057,#12990,#12992,.T.);
#12990 = VERTEX_POINT('',#12991);
#12991 = CARTESIAN_POINT('',(8.55,92.140119226096,21.));
#12992 = LINE('',#12993,#12994);
#12993 = CARTESIAN_POINT('',(8.55,92.140119226096,0.));
#12994 = VECTOR('',#12995,1.);
#12995 = DIRECTION('',(0.,0.,1.));
#12996 = ORIENTED_EDGE('',*,*,#12997,.T.);
#12997 = EDGE_CURVE('',#12990,#12965,#12998,.T.);
#12998 = LINE('',#12999,#13000);
#12999 = CARTESIAN_POINT('',(8.55,77.570059613048,21.));
#13000 = VECTOR('',#13001,1.);
#13001 = DIRECTION('',(0.,-1.,0.));
#13002 = ORIENTED_EDGE('',*,*,#12964,.F.);
#13003 = PLANE('',#13004);
#13004 = AXIS2_PLACEMENT_3D('',#13005,#13006,#13007);
#13005 = CARTESIAN_POINT('',(8.55,92.140119226096,0.));
#13006 = DIRECTION('',(1.,0.,0.));
#13007 = DIRECTION('',(0.,-1.,0.));
#13008 = ADVANCED_FACE('',(#13009),#13028,.F.);
#13009 = FACE_BOUND('',#13010,.T.);
#13010 = EDGE_LOOP('',(#13011,#13012,#13020,#13027));
#13011 = ORIENTED_EDGE('',*,*,#9056,.T.);
#13012 = ORIENTED_EDGE('',*,*,#13013,.T.);
#13013 = EDGE_CURVE('',#9049,#13014,#13016,.T.);
#13014 = VERTEX_POINT('',#13015);
#13015 = CARTESIAN_POINT('',(7.602532457385,92.65,21.));
#13016 = LINE('',#13017,#13018);
#13017 = CARTESIAN_POINT('',(7.602532457385,92.65,0.));
#13018 = VECTOR('',#13019,1.);
#13019 = DIRECTION('',(0.,0.,1.));
#13020 = ORIENTED_EDGE('',*,*,#13021,.F.);
#13021 = EDGE_CURVE('',#12990,#13014,#13022,.T.);
#13022 = CIRCLE('',#13023,7.35);
#13023 = AXIS2_PLACEMENT_3D('',#13024,#13025,#13026);
#13024 = CARTESIAN_POINT('',(11.55,98.85,21.));
#13025 = DIRECTION('',(0.,0.,-1.));
#13026 = DIRECTION('',(1.,0.,0.));
#13027 = ORIENTED_EDGE('',*,*,#12989,.F.);
#13028 = CYLINDRICAL_SURFACE('',#13029,7.35);
#13029 = AXIS2_PLACEMENT_3D('',#13030,#13031,#13032);
#13030 = CARTESIAN_POINT('',(11.55,98.85,0.));
#13031 = DIRECTION('',(-0.,-0.,-1.));
#13032 = DIRECTION('',(1.,0.,0.));
#13033 = ADVANCED_FACE('',(#13034),#13052,.T.);
#13034 = FACE_BOUND('',#13035,.T.);
#13035 = EDGE_LOOP('',(#13036,#13037,#13045,#13051));
#13036 = ORIENTED_EDGE('',*,*,#9048,.T.);
#13037 = ORIENTED_EDGE('',*,*,#13038,.T.);
#13038 = EDGE_CURVE('',#9040,#13039,#13041,.T.);
#13039 = VERTEX_POINT('',#13040);
#13040 = CARTESIAN_POINT('',(2.312106407565,92.65,21.));
#13041 = LINE('',#13042,#13043);
#13042 = CARTESIAN_POINT('',(2.312106407565,92.65,0.));
#13043 = VECTOR('',#13044,1.);
#13044 = DIRECTION('',(0.,0.,1.));
#13045 = ORIENTED_EDGE('',*,*,#13046,.T.);
#13046 = EDGE_CURVE('',#13039,#13014,#13047,.T.);
#13047 = LINE('',#13048,#13049);
#13048 = CARTESIAN_POINT('',(1.156053203783,92.65,21.));
#13049 = VECTOR('',#13050,1.);
#13050 = DIRECTION('',(1.,0.,0.));
#13051 = ORIENTED_EDGE('',*,*,#13013,.F.);
#13052 = PLANE('',#13053);
#13053 = AXIS2_PLACEMENT_3D('',#13054,#13055,#13056);
#13054 = CARTESIAN_POINT('',(2.312106407565,92.65,0.));
#13055 = DIRECTION('',(0.,1.,0.));
#13056 = DIRECTION('',(1.,0.,0.));
#13057 = ADVANCED_FACE('',(#13058),#13077,.F.);
#13058 = FACE_BOUND('',#13059,.T.);
#13059 = EDGE_LOOP('',(#13060,#13061,#13069,#13076));
#13060 = ORIENTED_EDGE('',*,*,#9039,.T.);
#13061 = ORIENTED_EDGE('',*,*,#13062,.T.);
#13062 = EDGE_CURVE('',#9032,#13063,#13065,.T.);
#13063 = VERTEX_POINT('',#13064);
#13064 = CARTESIAN_POINT('',(-0.65,89.687893592435,21.));
#13065 = LINE('',#13066,#13067);
#13066 = CARTESIAN_POINT('',(-0.65,89.687893592435,0.));
#13067 = VECTOR('',#13068,1.);
#13068 = DIRECTION('',(0.,0.,1.));
#13069 = ORIENTED_EDGE('',*,*,#13070,.F.);
#13070 = EDGE_CURVE('',#13039,#13063,#13071,.T.);
#13071 = CIRCLE('',#13072,5.35);
#13072 = AXIS2_PLACEMENT_3D('',#13073,#13074,#13075);
#13073 = CARTESIAN_POINT('',(-2.65,94.65,21.));
#13074 = DIRECTION('',(0.,0.,-1.));
#13075 = DIRECTION('',(1.,0.,0.));
#13076 = ORIENTED_EDGE('',*,*,#13038,.F.);
#13077 = CYLINDRICAL_SURFACE('',#13078,5.35);
#13078 = AXIS2_PLACEMENT_3D('',#13079,#13080,#13081);
#13079 = CARTESIAN_POINT('',(-2.65,94.65,0.));
#13080 = DIRECTION('',(-0.,-0.,-1.));
#13081 = DIRECTION('',(1.,0.,0.));
#13082 = ADVANCED_FACE('',(#13083),#13094,.T.);
#13083 = FACE_BOUND('',#13084,.T.);
#13084 = EDGE_LOOP('',(#13085,#13086,#13087,#13093));
#13085 = ORIENTED_EDGE('',*,*,#9031,.T.);
#13086 = ORIENTED_EDGE('',*,*,#12925,.T.);
#13087 = ORIENTED_EDGE('',*,*,#13088,.T.);
#13088 = EDGE_CURVE('',#12917,#13063,#13089,.T.);
#13089 = LINE('',#13090,#13091);
#13090 = CARTESIAN_POINT('',(-0.65,75.856053203783,21.));
#13091 = VECTOR('',#13092,1.);
#13092 = DIRECTION('',(0.,1.,0.));
#13093 = ORIENTED_EDGE('',*,*,#13062,.F.);
#13094 = PLANE('',#13095);
#13095 = AXIS2_PLACEMENT_3D('',#13096,#13097,#13098);
#13096 = CARTESIAN_POINT('',(-0.65,88.712106407565,0.));
#13097 = DIRECTION('',(-1.,0.,0.));
#13098 = DIRECTION('',(0.,1.,0.));
#13099 = ADVANCED_FACE('',(#13100),#13125,.T.);
#13100 = FACE_BOUND('',#13101,.T.);
#13101 = EDGE_LOOP('',(#13102,#13110,#13111,#13119));
#13102 = ORIENTED_EDGE('',*,*,#13103,.T.);
#13103 = EDGE_CURVE('',#13104,#9107,#13106,.T.);
#13104 = VERTEX_POINT('',#13105);
#13105 = CARTESIAN_POINT('',(-9.681345324934,123.10212201591,21.));
#13106 = LINE('',#13107,#13108);
#13107 = CARTESIAN_POINT('',(-9.681345324934,123.10212201591,21.));
#13108 = VECTOR('',#13109,1.);
#13109 = DIRECTION('',(-0.,-0.,-1.));
#13110 = ORIENTED_EDGE('',*,*,#9106,.T.);
#13111 = ORIENTED_EDGE('',*,*,#13112,.F.);
#13112 = EDGE_CURVE('',#13113,#9109,#13115,.T.);
#13113 = VERTEX_POINT('',#13114);
#13114 = CARTESIAN_POINT('',(-9.828684515915,123.97310179045,21.));
#13115 = LINE('',#13116,#13117);
#13116 = CARTESIAN_POINT('',(-9.828684515915,123.97310179045,21.));
#13117 = VECTOR('',#13118,1.);
#13118 = DIRECTION('',(-0.,-0.,-1.));
#13119 = ORIENTED_EDGE('',*,*,#13120,.F.);
#13120 = EDGE_CURVE('',#13104,#13113,#13121,.T.);
#13121 = LINE('',#13122,#13123);
#13122 = CARTESIAN_POINT('',(-9.681345324934,123.10212201591,21.));
#13123 = VECTOR('',#13124,1.);
#13124 = DIRECTION('',(-0.166795148029,0.985991571259,0.));
#13125 = PLANE('',#13126);
#13126 = AXIS2_PLACEMENT_3D('',#13127,#13128,#13129);
#13127 = CARTESIAN_POINT('',(-9.681345324934,123.10212201591,21.));
#13128 = DIRECTION('',(0.985991571259,0.166795148029,0.));
#13129 = DIRECTION('',(-0.166795148029,0.985991571259,0.));
#13130 = ADVANCED_FACE('',(#13131),#13149,.T.);
#13131 = FACE_BOUND('',#13132,.T.);
#13132 = EDGE_LOOP('',(#13133,#13141,#13142,#13143));
#13133 = ORIENTED_EDGE('',*,*,#13134,.T.);
#13134 = EDGE_CURVE('',#13135,#9117,#13137,.T.);
#13135 = VERTEX_POINT('',#13136);
#13136 = CARTESIAN_POINT('',(-10.13828332228,123.10212201591,21.));
#13137 = LINE('',#13138,#13139);
#13138 = CARTESIAN_POINT('',(-10.13828332228,123.10212201591,21.));
#13139 = VECTOR('',#13140,1.);
#13140 = DIRECTION('',(-0.,-0.,-1.));
#13141 = ORIENTED_EDGE('',*,*,#9116,.T.);
#13142 = ORIENTED_EDGE('',*,*,#13103,.F.);
#13143 = ORIENTED_EDGE('',*,*,#13144,.F.);
#13144 = EDGE_CURVE('',#13135,#13104,#13145,.T.);
#13145 = LINE('',#13146,#13147);
#13146 = CARTESIAN_POINT('',(-10.13828332228,123.10212201591,21.));
#13147 = VECTOR('',#13148,1.);
#13148 = DIRECTION('',(1.,0.,0.));
#13149 = PLANE('',#13150);
#13150 = AXIS2_PLACEMENT_3D('',#13151,#13152,#13153);
#13151 = CARTESIAN_POINT('',(-10.13828332228,123.10212201591,21.));
#13152 = DIRECTION('',(0.,-1.,0.));
#13153 = DIRECTION('',(1.,0.,0.));
#13154 = ADVANCED_FACE('',(#13155),#13173,.T.);
#13155 = FACE_BOUND('',#13156,.T.);
#13156 = EDGE_LOOP('',(#13157,#13165,#13166,#13167));
#13157 = ORIENTED_EDGE('',*,*,#13158,.T.);
#13158 = EDGE_CURVE('',#13159,#9125,#13161,.T.);
#13159 = VERTEX_POINT('',#13160);
#13160 = CARTESIAN_POINT('',(-9.989079078249,123.97310179045,21.));
#13161 = LINE('',#13162,#13163);
#13162 = CARTESIAN_POINT('',(-9.989079078249,123.97310179045,21.));
#13163 = VECTOR('',#13164,1.);
#13164 = DIRECTION('',(-0.,-0.,-1.));
#13165 = ORIENTED_EDGE('',*,*,#9124,.T.);
#13166 = ORIENTED_EDGE('',*,*,#13134,.F.);
#13167 = ORIENTED_EDGE('',*,*,#13168,.F.);
#13168 = EDGE_CURVE('',#13159,#13135,#13169,.T.);
#13169 = LINE('',#13170,#13171);
#13170 = CARTESIAN_POINT('',(-9.989079078249,123.97310179045,21.));
#13171 = VECTOR('',#13172,1.);
#13172 = DIRECTION('',(-0.168846652283,-0.985642332701,0.));
#13173 = PLANE('',#13174);
#13174 = AXIS2_PLACEMENT_3D('',#13175,#13176,#13177);
#13175 = CARTESIAN_POINT('',(-9.989079078249,123.97310179045,21.));
#13176 = DIRECTION('',(-0.985642332701,0.168846652283,0.));
#13177 = DIRECTION('',(-0.168846652283,-0.985642332701,0.));
#13178 = ADVANCED_FACE('',(#13179),#13197,.T.);
#13179 = FACE_BOUND('',#13180,.T.);
#13180 = EDGE_LOOP('',(#13181,#13189,#13190,#13191));
#13181 = ORIENTED_EDGE('',*,*,#13182,.T.);
#13182 = EDGE_CURVE('',#13183,#9133,#13185,.T.);
#13183 = VERTEX_POINT('',#13184);
#13184 = CARTESIAN_POINT('',(-9.972293600796,124.07940981432,21.));
#13185 = LINE('',#13186,#13187);
#13186 = CARTESIAN_POINT('',(-9.972293600796,124.07940981432,21.));
#13187 = VECTOR('',#13188,1.);
#13188 = DIRECTION('',(-0.,-0.,-1.));
#13189 = ORIENTED_EDGE('',*,*,#9132,.T.);
#13190 = ORIENTED_EDGE('',*,*,#13158,.F.);
#13191 = ORIENTED_EDGE('',*,*,#13192,.F.);
#13192 = EDGE_CURVE('',#13183,#13159,#13193,.T.);
#13193 = B_SPLINE_CURVE_WITH_KNOTS('',2,(#13194,#13195,#13196),
  .UNSPECIFIED.,.F.,.F.,(3,3),(0.,1.),.PIECEWISE_BEZIER_KNOTS.);
#13194 = CARTESIAN_POINT('',(-9.972293600796,124.07940981432,21.));
#13195 = CARTESIAN_POINT('',(-9.981618866048,124.02718832891,21.));
#13196 = CARTESIAN_POINT('',(-9.989079078249,123.97310179045,21.));
#13197 = SURFACE_OF_LINEAR_EXTRUSION('',#13198,#13202);
#13198 = B_SPLINE_CURVE_WITH_KNOTS('',2,(#13199,#13200,#13201),
  .UNSPECIFIED.,.F.,.F.,(3,3),(0.,1.),.PIECEWISE_BEZIER_KNOTS.);
#13199 = CARTESIAN_POINT('',(-9.972293600796,124.07940981432,21.));
#13200 = CARTESIAN_POINT('',(-9.981618866048,124.02718832891,21.));
#13201 = CARTESIAN_POINT('',(-9.989079078249,123.97310179045,21.));
#13202 = VECTOR('',#13203,1.);
#13203 = DIRECTION('',(0.,0.,1.));
#13204 = ADVANCED_FACE('',(#13205),#13223,.T.);
#13205 = FACE_BOUND('',#13206,.T.);
#13206 = EDGE_LOOP('',(#13207,#13215,#13216,#13217));
#13207 = ORIENTED_EDGE('',*,*,#13208,.T.);
#13208 = EDGE_CURVE('',#13209,#9141,#13211,.T.);
#13209 = VERTEX_POINT('',#13210);
#13210 = CARTESIAN_POINT('',(-9.918207062334,124.51956233421,21.));
#13211 = LINE('',#13212,#13213);
#13212 = CARTESIAN_POINT('',(-9.918207062334,124.51956233421,21.));
#13213 = VECTOR('',#13214,1.);
#13214 = DIRECTION('',(-0.,-0.,-1.));
#13215 = ORIENTED_EDGE('',*,*,#9140,.T.);
#13216 = ORIENTED_EDGE('',*,*,#13182,.F.);
#13217 = ORIENTED_EDGE('',*,*,#13218,.F.);
#13218 = EDGE_CURVE('',#13209,#13183,#13219,.T.);
#13219 = B_SPLINE_CURVE_WITH_KNOTS('',2,(#13220,#13221,#13222),
  .UNSPECIFIED.,.F.,.F.,(3,3),(0.,1.),.PIECEWISE_BEZIER_KNOTS.);
#13220 = CARTESIAN_POINT('',(-9.918207062334,124.51956233421,21.));
#13221 = CARTESIAN_POINT('',(-9.942452751989,124.26405006631,21.));
#13222 = CARTESIAN_POINT('',(-9.972293600796,124.07940981432,21.));
#13223 = SURFACE_OF_LINEAR_EXTRUSION('',#13224,#13228);
#13224 = B_SPLINE_CURVE_WITH_KNOTS('',2,(#13225,#13226,#13227),
  .UNSPECIFIED.,.F.,.F.,(3,3),(0.,1.),.PIECEWISE_BEZIER_KNOTS.);
#13225 = CARTESIAN_POINT('',(-9.918207062334,124.51956233421,21.));
#13226 = CARTESIAN_POINT('',(-9.942452751989,124.26405006631,21.));
#13227 = CARTESIAN_POINT('',(-9.972293600796,124.07940981432,21.));
#13228 = VECTOR('',#13229,1.);
#13229 = DIRECTION('',(0.,0.,1.));
#13230 = ADVANCED_FACE('',(#13231),#13249,.T.);
#13231 = FACE_BOUND('',#13232,.T.);
#13232 = EDGE_LOOP('',(#13233,#13241,#13242,#13243));
#13233 = ORIENTED_EDGE('',*,*,#13234,.T.);
#13234 = EDGE_CURVE('',#13235,#9149,#13237,.T.);
#13235 = VERTEX_POINT('',#13236);
#13236 = CARTESIAN_POINT('',(-9.901421584881,124.51956233421,21.));
#13237 = LINE('',#13238,#13239);
#13238 = CARTESIAN_POINT('',(-9.901421584881,124.51956233421,21.));
#13239 = VECTOR('',#13240,1.);
#13240 = DIRECTION('',(-0.,-0.,-1.));
#13241 = ORIENTED_EDGE('',*,*,#9148,.T.);
#13242 = ORIENTED_EDGE('',*,*,#13208,.F.);
#13243 = ORIENTED_EDGE('',*,*,#13244,.F.);
#13244 = EDGE_CURVE('',#13235,#13209,#13245,.T.);
#13245 = LINE('',#13246,#13247);
#13246 = CARTESIAN_POINT('',(-9.901421584881,124.51956233421,21.));
#13247 = VECTOR('',#13248,1.);
#13248 = DIRECTION('',(-1.,0.,0.));
#13249 = PLANE('',#13250);
#13250 = AXIS2_PLACEMENT_3D('',#13251,#13252,#13253);
#13251 = CARTESIAN_POINT('',(-9.901421584881,124.51956233421,21.));
#13252 = DIRECTION('',(0.,1.,0.));
#13253 = DIRECTION('',(-1.,0.,0.));
#13254 = ADVANCED_FACE('',(#13255),#13266,.T.);
#13255 = FACE_BOUND('',#13256,.T.);
#13256 = EDGE_LOOP('',(#13257,#13258,#13259,#13260));
#13257 = ORIENTED_EDGE('',*,*,#13112,.T.);
#13258 = ORIENTED_EDGE('',*,*,#9156,.T.);
#13259 = ORIENTED_EDGE('',*,*,#13234,.F.);
#13260 = ORIENTED_EDGE('',*,*,#13261,.F.);
#13261 = EDGE_CURVE('',#13113,#13235,#13262,.T.);
#13262 = B_SPLINE_CURVE_WITH_KNOTS('',2,(#13263,#13264,#13265),
  .UNSPECIFIED.,.F.,.F.,(3,3),(0.,1.),.PIECEWISE_BEZIER_KNOTS.);
#13263 = CARTESIAN_POINT('',(-9.828684515915,123.97310179045,21.));
#13264 = CARTESIAN_POINT('',(-9.879040948276,124.26218501326,21.));
#13265 = CARTESIAN_POINT('',(-9.901421584881,124.51956233421,21.));
#13266 = SURFACE_OF_LINEAR_EXTRUSION('',#13267,#13271);
#13267 = B_SPLINE_CURVE_WITH_KNOTS('',2,(#13268,#13269,#13270),
  .UNSPECIFIED.,.F.,.F.,(3,3),(0.,1.),.PIECEWISE_BEZIER_KNOTS.);
#13268 = CARTESIAN_POINT('',(-9.828684515915,123.97310179045,21.));
#13269 = CARTESIAN_POINT('',(-9.879040948276,124.26218501326,21.));
#13270 = CARTESIAN_POINT('',(-9.901421584881,124.51956233421,21.));
#13271 = VECTOR('',#13272,1.);
#13272 = DIRECTION('',(0.,0.,1.));
#13273 = ADVANCED_FACE('',(#13274),#13299,.T.);
#13274 = FACE_BOUND('',#13275,.T.);
#13275 = EDGE_LOOP('',(#13276,#13284,#13285,#13293));
#13276 = ORIENTED_EDGE('',*,*,#13277,.T.);
#13277 = EDGE_CURVE('',#13278,#9181,#13280,.T.);
#13278 = VERTEX_POINT('',#13279);
#13279 = CARTESIAN_POINT('',(-7.771531001326,123.10212201591,21.));
#13280 = LINE('',#13281,#13282);
#13281 = CARTESIAN_POINT('',(-7.771531001326,123.10212201591,21.));
#13282 = VECTOR('',#13283,1.);
#13283 = DIRECTION('',(-0.,-0.,-1.));
#13284 = ORIENTED_EDGE('',*,*,#9180,.T.);
#13285 = ORIENTED_EDGE('',*,*,#13286,.F.);
#13286 = EDGE_CURVE('',#13287,#9183,#13289,.T.);
#13287 = VERTEX_POINT('',#13288);
#13288 = CARTESIAN_POINT('',(-7.918870192308,123.97310179045,21.));
#13289 = LINE('',#13290,#13291);
#13290 = CARTESIAN_POINT('',(-7.918870192308,123.97310179045,21.));
#13291 = VECTOR('',#13292,1.);
#13292 = DIRECTION('',(-0.,-0.,-1.));
#13293 = ORIENTED_EDGE('',*,*,#13294,.F.);
#13294 = EDGE_CURVE('',#13278,#13287,#13295,.T.);
#13295 = LINE('',#13296,#13297);
#13296 = CARTESIAN_POINT('',(-7.771531001326,123.10212201591,21.));
#13297 = VECTOR('',#13298,1.);
#13298 = DIRECTION('',(-0.166795148029,0.985991571259,0.));
#13299 = PLANE('',#13300);
#13300 = AXIS2_PLACEMENT_3D('',#13301,#13302,#13303);
#13301 = CARTESIAN_POINT('',(-7.771531001326,123.10212201591,21.));
#13302 = DIRECTION('',(0.985991571259,0.166795148029,0.));
#13303 = DIRECTION('',(-0.166795148029,0.985991571259,0.));
#13304 = ADVANCED_FACE('',(#13305),#13323,.T.);
#13305 = FACE_BOUND('',#13306,.T.);
#13306 = EDGE_LOOP('',(#13307,#13315,#13316,#13317));
#13307 = ORIENTED_EDGE('',*,*,#13308,.T.);
#13308 = EDGE_CURVE('',#13309,#9191,#13311,.T.);
#13309 = VERTEX_POINT('',#13310);
#13310 = CARTESIAN_POINT('',(-8.228468998674,123.10212201591,21.));
#13311 = LINE('',#13312,#13313);
#13312 = CARTESIAN_POINT('',(-8.228468998674,123.10212201591,21.));
#13313 = VECTOR('',#13314,1.);
#13314 = DIRECTION('',(-0.,-0.,-1.));
#13315 = ORIENTED_EDGE('',*,*,#9190,.T.);
#13316 = ORIENTED_EDGE('',*,*,#13277,.F.);
#13317 = ORIENTED_EDGE('',*,*,#13318,.F.);
#13318 = EDGE_CURVE('',#13309,#13278,#13319,.T.);
#13319 = LINE('',#13320,#13321);
#13320 = CARTESIAN_POINT('',(-8.228468998674,123.10212201591,21.));
#13321 = VECTOR('',#13322,1.);
#13322 = DIRECTION('',(1.,0.,0.));
#13323 = PLANE('',#13324);
#13324 = AXIS2_PLACEMENT_3D('',#13325,#13326,#13327);
#13325 = CARTESIAN_POINT('',(-8.228468998674,123.10212201591,21.));
#13326 = DIRECTION('',(0.,-1.,0.));
#13327 = DIRECTION('',(1.,0.,0.));
#13328 = ADVANCED_FACE('',(#13329),#13347,.T.);
#13329 = FACE_BOUND('',#13330,.T.);
#13330 = EDGE_LOOP('',(#13331,#13339,#13340,#13341));
#13331 = ORIENTED_EDGE('',*,*,#13332,.T.);
#13332 = EDGE_CURVE('',#13333,#9199,#13335,.T.);
#13333 = VERTEX_POINT('',#13334);
#13334 = CARTESIAN_POINT('',(-8.079264754642,123.97310179045,21.));
#13335 = LINE('',#13336,#13337);
#13336 = CARTESIAN_POINT('',(-8.079264754642,123.97310179045,21.));
#13337 = VECTOR('',#13338,1.);
#13338 = DIRECTION('',(-0.,-0.,-1.));
#13339 = ORIENTED_EDGE('',*,*,#9198,.T.);
#13340 = ORIENTED_EDGE('',*,*,#13308,.F.);
#13341 = ORIENTED_EDGE('',*,*,#13342,.F.);
#13342 = EDGE_CURVE('',#13333,#13309,#13343,.T.);
#13343 = LINE('',#13344,#13345);
#13344 = CARTESIAN_POINT('',(-8.079264754642,123.97310179045,21.));
#13345 = VECTOR('',#13346,1.);
#13346 = DIRECTION('',(-0.168846652283,-0.985642332701,0.));
#13347 = PLANE('',#13348);
#13348 = AXIS2_PLACEMENT_3D('',#13349,#13350,#13351);
#13349 = CARTESIAN_POINT('',(-8.079264754642,123.97310179045,21.));
#13350 = DIRECTION('',(-0.985642332701,0.168846652283,0.));
#13351 = DIRECTION('',(-0.168846652283,-0.985642332701,0.));
#13352 = ADVANCED_FACE('',(#13353),#13371,.T.);
#13353 = FACE_BOUND('',#13354,.T.);
#13354 = EDGE_LOOP('',(#13355,#13363,#13364,#13365));
#13355 = ORIENTED_EDGE('',*,*,#13356,.T.);
#13356 = EDGE_CURVE('',#13357,#9207,#13359,.T.);
#13357 = VERTEX_POINT('',#13358);
#13358 = CARTESIAN_POINT('',(-8.062479277188,124.07940981432,21.));
#13359 = LINE('',#13360,#13361);
#13360 = CARTESIAN_POINT('',(-8.062479277188,124.07940981432,21.));
#13361 = VECTOR('',#13362,1.);
#13362 = DIRECTION('',(-0.,-0.,-1.));
#13363 = ORIENTED_EDGE('',*,*,#9206,.T.);
#13364 = ORIENTED_EDGE('',*,*,#13332,.F.);
#13365 = ORIENTED_EDGE('',*,*,#13366,.F.);
#13366 = EDGE_CURVE('',#13357,#13333,#13367,.T.);
#13367 = B_SPLINE_CURVE_WITH_KNOTS('',2,(#13368,#13369,#13370),
  .UNSPECIFIED.,.F.,.F.,(3,3),(0.,1.),.PIECEWISE_BEZIER_KNOTS.);
#13368 = CARTESIAN_POINT('',(-8.062479277188,124.07940981432,21.));
#13369 = CARTESIAN_POINT('',(-8.07180454244,124.02718832891,21.));
#13370 = CARTESIAN_POINT('',(-8.079264754642,123.97310179045,21.));
#13371 = SURFACE_OF_LINEAR_EXTRUSION('',#13372,#13376);
#13372 = B_SPLINE_CURVE_WITH_KNOTS('',2,(#13373,#13374,#13375),
  .UNSPECIFIED.,.F.,.F.,(3,3),(0.,1.),.PIECEWISE_BEZIER_KNOTS.);
#13373 = CARTESIAN_POINT('',(-8.062479277188,124.07940981432,21.));
#13374 = CARTESIAN_POINT('',(-8.07180454244,124.02718832891,21.));
#13375 = CARTESIAN_POINT('',(-8.079264754642,123.97310179045,21.));
#13376 = VECTOR('',#13377,1.);
#13377 = DIRECTION('',(0.,0.,1.));
#13378 = ADVANCED_FACE('',(#13379),#13397,.T.);
#13379 = FACE_BOUND('',#13380,.T.);
#13380 = EDGE_LOOP('',(#13381,#13389,#13390,#13391));
#13381 = ORIENTED_EDGE('',*,*,#13382,.T.);
#13382 = EDGE_CURVE('',#13383,#9215,#13385,.T.);
#13383 = VERTEX_POINT('',#13384);
#13384 = CARTESIAN_POINT('',(-8.008392738727,124.51956233421,21.));
#13385 = LINE('',#13386,#13387);
#13386 = CARTESIAN_POINT('',(-8.008392738727,124.51956233421,21.));
#13387 = VECTOR('',#13388,1.);
#13388 = DIRECTION('',(-0.,-0.,-1.));
#13389 = ORIENTED_EDGE('',*,*,#9214,.T.);
#13390 = ORIENTED_EDGE('',*,*,#13356,.F.);
#13391 = ORIENTED_EDGE('',*,*,#13392,.F.);
#13392 = EDGE_CURVE('',#13383,#13357,#13393,.T.);
#13393 = B_SPLINE_CURVE_WITH_KNOTS('',2,(#13394,#13395,#13396),
  .UNSPECIFIED.,.F.,.F.,(3,3),(0.,1.),.PIECEWISE_BEZIER_KNOTS.);
#13394 = CARTESIAN_POINT('',(-8.008392738727,124.51956233421,21.));
#13395 = CARTESIAN_POINT('',(-8.032638428382,124.26405006631,21.));
#13396 = CARTESIAN_POINT('',(-8.062479277188,124.07940981432,21.));
#13397 = SURFACE_OF_LINEAR_EXTRUSION('',#13398,#13402);
#13398 = B_SPLINE_CURVE_WITH_KNOTS('',2,(#13399,#13400,#13401),
  .UNSPECIFIED.,.F.,.F.,(3,3),(0.,1.),.PIECEWISE_BEZIER_KNOTS.);
#13399 = CARTESIAN_POINT('',(-8.008392738727,124.51956233421,21.));
#13400 = CARTESIAN_POINT('',(-8.032638428382,124.26405006631,21.));
#13401 = CARTESIAN_POINT('',(-8.062479277188,124.07940981432,21.));
#13402 = VECTOR('',#13403,1.);
#13403 = DIRECTION('',(0.,0.,1.));
#13404 = ADVANCED_FACE('',(#13405),#13423,.T.);
#13405 = FACE_BOUND('',#13406,.T.);
#13406 = EDGE_LOOP('',(#13407,#13415,#13416,#13417));
#13407 = ORIENTED_EDGE('',*,*,#13408,.T.);
#13408 = EDGE_CURVE('',#13409,#9223,#13411,.T.);
#13409 = VERTEX_POINT('',#13410);
#13410 = CARTESIAN_POINT('',(-7.991607261273,124.51956233421,21.));
#13411 = LINE('',#13412,#13413);
#13412 = CARTESIAN_POINT('',(-7.991607261273,124.51956233421,21.));
#13413 = VECTOR('',#13414,1.);
#13414 = DIRECTION('',(-0.,-0.,-1.));
#13415 = ORIENTED_EDGE('',*,*,#9222,.T.);
#13416 = ORIENTED_EDGE('',*,*,#13382,.F.);
#13417 = ORIENTED_EDGE('',*,*,#13418,.F.);
#13418 = EDGE_CURVE('',#13409,#13383,#13419,.T.);
#13419 = LINE('',#13420,#13421);
#13420 = CARTESIAN_POINT('',(-7.991607261273,124.51956233421,21.));
#13421 = VECTOR('',#13422,1.);
#13422 = DIRECTION('',(-1.,0.,0.));
#13423 = PLANE('',#13424);
#13424 = AXIS2_PLACEMENT_3D('',#13425,#13426,#13427);
#13425 = CARTESIAN_POINT('',(-7.991607261273,124.51956233421,21.));
#13426 = DIRECTION('',(0.,1.,0.));
#13427 = DIRECTION('',(-1.,0.,0.));
#13428 = ADVANCED_FACE('',(#13429),#13440,.T.);
#13429 = FACE_BOUND('',#13430,.T.);
#13430 = EDGE_LOOP('',(#13431,#13432,#13433,#13434));
#13431 = ORIENTED_EDGE('',*,*,#13286,.T.);
#13432 = ORIENTED_EDGE('',*,*,#9230,.T.);
#13433 = ORIENTED_EDGE('',*,*,#13408,.F.);
#13434 = ORIENTED_EDGE('',*,*,#13435,.F.);
#13435 = EDGE_CURVE('',#13287,#13409,#13436,.T.);
#13436 = B_SPLINE_CURVE_WITH_KNOTS('',2,(#13437,#13438,#13439),
  .UNSPECIFIED.,.F.,.F.,(3,3),(0.,1.),.PIECEWISE_BEZIER_KNOTS.);
#13437 = CARTESIAN_POINT('',(-7.918870192308,123.97310179045,21.));
#13438 = CARTESIAN_POINT('',(-7.969226624668,124.26218501326,21.));
#13439 = CARTESIAN_POINT('',(-7.991607261273,124.51956233421,21.));
#13440 = SURFACE_OF_LINEAR_EXTRUSION('',#13441,#13445);
#13441 = B_SPLINE_CURVE_WITH_KNOTS('',2,(#13442,#13443,#13444),
  .UNSPECIFIED.,.F.,.F.,(3,3),(0.,1.),.PIECEWISE_BEZIER_KNOTS.);
#13442 = CARTESIAN_POINT('',(-7.918870192308,123.97310179045,21.));
#13443 = CARTESIAN_POINT('',(-7.969226624668,124.26218501326,21.));
#13444 = CARTESIAN_POINT('',(-7.991607261273,124.51956233421,21.));
#13445 = VECTOR('',#13446,1.);
#13446 = DIRECTION('',(0.,0.,1.));
#13447 = ADVANCED_FACE('',(#13448),#13473,.T.);
#13448 = FACE_BOUND('',#13449,.T.);
#13449 = EDGE_LOOP('',(#13450,#13458,#13459,#13467));
#13450 = ORIENTED_EDGE('',*,*,#13451,.T.);
#13451 = EDGE_CURVE('',#13452,#9255,#13454,.T.);
#13452 = VERTEX_POINT('',#13453);
#13453 = CARTESIAN_POINT('',(-5.861716677719,123.10212201591,21.));
#13454 = LINE('',#13455,#13456);
#13455 = CARTESIAN_POINT('',(-5.861716677719,123.10212201591,21.));
#13456 = VECTOR('',#13457,1.);
#13457 = DIRECTION('',(-0.,-0.,-1.));
#13458 = ORIENTED_EDGE('',*,*,#9254,.T.);
#13459 = ORIENTED_EDGE('',*,*,#13460,.F.);
#13460 = EDGE_CURVE('',#13461,#9257,#13463,.T.);
#13461 = VERTEX_POINT('',#13462);
#13462 = CARTESIAN_POINT('',(-6.0090558687,123.97310179045,21.));
#13463 = LINE('',#13464,#13465);
#13464 = CARTESIAN_POINT('',(-6.0090558687,123.97310179045,21.));
#13465 = VECTOR('',#13466,1.);
#13466 = DIRECTION('',(-0.,-0.,-1.));
#13467 = ORIENTED_EDGE('',*,*,#13468,.F.);
#13468 = EDGE_CURVE('',#13452,#13461,#13469,.T.);
#13469 = LINE('',#13470,#13471);
#13470 = CARTESIAN_POINT('',(-5.861716677719,123.10212201591,21.));
#13471 = VECTOR('',#13472,1.);
#13472 = DIRECTION('',(-0.166795148029,0.985991571259,0.));
#13473 = PLANE('',#13474);
#13474 = AXIS2_PLACEMENT_3D('',#13475,#13476,#13477);
#13475 = CARTESIAN_POINT('',(-5.861716677719,123.10212201591,21.));
#13476 = DIRECTION('',(0.985991571259,0.166795148029,0.));
#13477 = DIRECTION('',(-0.166795148029,0.985991571259,0.));
#13478 = ADVANCED_FACE('',(#13479),#13497,.T.);
#13479 = FACE_BOUND('',#13480,.T.);
#13480 = EDGE_LOOP('',(#13481,#13489,#13490,#13491));
#13481 = ORIENTED_EDGE('',*,*,#13482,.T.);
#13482 = EDGE_CURVE('',#13483,#9265,#13485,.T.);
#13483 = VERTEX_POINT('',#13484);
#13484 = CARTESIAN_POINT('',(-6.318654675066,123.10212201591,21.));
#13485 = LINE('',#13486,#13487);
#13486 = CARTESIAN_POINT('',(-6.318654675066,123.10212201591,21.));
#13487 = VECTOR('',#13488,1.);
#13488 = DIRECTION('',(-0.,-0.,-1.));
#13489 = ORIENTED_EDGE('',*,*,#9264,.T.);
#13490 = ORIENTED_EDGE('',*,*,#13451,.F.);
#13491 = ORIENTED_EDGE('',*,*,#13492,.F.);
#13492 = EDGE_CURVE('',#13483,#13452,#13493,.T.);
#13493 = LINE('',#13494,#13495);
#13494 = CARTESIAN_POINT('',(-6.318654675066,123.10212201591,21.));
#13495 = VECTOR('',#13496,1.);
#13496 = DIRECTION('',(1.,0.,0.));
#13497 = PLANE('',#13498);
#13498 = AXIS2_PLACEMENT_3D('',#13499,#13500,#13501);
#13499 = CARTESIAN_POINT('',(-6.318654675066,123.10212201591,21.));
#13500 = DIRECTION('',(0.,-1.,0.));
#13501 = DIRECTION('',(1.,0.,0.));
#13502 = ADVANCED_FACE('',(#13503),#13521,.T.);
#13503 = FACE_BOUND('',#13504,.T.);
#13504 = EDGE_LOOP('',(#13505,#13513,#13514,#13515));
#13505 = ORIENTED_EDGE('',*,*,#13506,.T.);
#13506 = EDGE_CURVE('',#13507,#9273,#13509,.T.);
#13507 = VERTEX_POINT('',#13508);
#13508 = CARTESIAN_POINT('',(-6.169450431034,123.97310179045,21.));
#13509 = LINE('',#13510,#13511);
#13510 = CARTESIAN_POINT('',(-6.169450431034,123.97310179045,21.));
#13511 = VECTOR('',#13512,1.);
#13512 = DIRECTION('',(-0.,-0.,-1.));
#13513 = ORIENTED_EDGE('',*,*,#9272,.T.);
#13514 = ORIENTED_EDGE('',*,*,#13482,.F.);
#13515 = ORIENTED_EDGE('',*,*,#13516,.F.);
#13516 = EDGE_CURVE('',#13507,#13483,#13517,.T.);
#13517 = LINE('',#13518,#13519);
#13518 = CARTESIAN_POINT('',(-6.169450431034,123.97310179045,21.));
#13519 = VECTOR('',#13520,1.);
#13520 = DIRECTION('',(-0.168846652283,-0.985642332701,0.));
#13521 = PLANE('',#13522);
#13522 = AXIS2_PLACEMENT_3D('',#13523,#13524,#13525);
#13523 = CARTESIAN_POINT('',(-6.169450431034,123.97310179045,21.));
#13524 = DIRECTION('',(-0.985642332701,0.168846652283,0.));
#13525 = DIRECTION('',(-0.168846652283,-0.985642332701,0.));
#13526 = ADVANCED_FACE('',(#13527),#13545,.T.);
#13527 = FACE_BOUND('',#13528,.T.);
#13528 = EDGE_LOOP('',(#13529,#13537,#13538,#13539));
#13529 = ORIENTED_EDGE('',*,*,#13530,.T.);
#13530 = EDGE_CURVE('',#13531,#9281,#13533,.T.);
#13531 = VERTEX_POINT('',#13532);
#13532 = CARTESIAN_POINT('',(-6.152664953581,124.07940981432,21.));
#13533 = LINE('',#13534,#13535);
#13534 = CARTESIAN_POINT('',(-6.152664953581,124.07940981432,21.));
#13535 = VECTOR('',#13536,1.);
#13536 = DIRECTION('',(-0.,-0.,-1.));
#13537 = ORIENTED_EDGE('',*,*,#9280,.T.);
#13538 = ORIENTED_EDGE('',*,*,#13506,.F.);
#13539 = ORIENTED_EDGE('',*,*,#13540,.F.);
#13540 = EDGE_CURVE('',#13531,#13507,#13541,.T.);
#13541 = B_SPLINE_CURVE_WITH_KNOTS('',2,(#13542,#13543,#13544),
  .UNSPECIFIED.,.F.,.F.,(3,3),(0.,1.),.PIECEWISE_BEZIER_KNOTS.);
#13542 = CARTESIAN_POINT('',(-6.152664953581,124.07940981432,21.));
#13543 = CARTESIAN_POINT('',(-6.161990218833,124.02718832891,21.));
#13544 = CARTESIAN_POINT('',(-6.169450431034,123.97310179045,21.));
#13545 = SURFACE_OF_LINEAR_EXTRUSION('',#13546,#13550);
#13546 = B_SPLINE_CURVE_WITH_KNOTS('',2,(#13547,#13548,#13549),
  .UNSPECIFIED.,.F.,.F.,(3,3),(0.,1.),.PIECEWISE_BEZIER_KNOTS.);
#13547 = CARTESIAN_POINT('',(-6.152664953581,124.07940981432,21.));
#13548 = CARTESIAN_POINT('',(-6.161990218833,124.02718832891,21.));
#13549 = CARTESIAN_POINT('',(-6.169450431034,123.97310179045,21.));
#13550 = VECTOR('',#13551,1.);
#13551 = DIRECTION('',(0.,0.,1.));
#13552 = ADVANCED_FACE('',(#13553),#13571,.T.);
#13553 = FACE_BOUND('',#13554,.T.);
#13554 = EDGE_LOOP('',(#13555,#13563,#13564,#13565));
#13555 = ORIENTED_EDGE('',*,*,#13556,.T.);
#13556 = EDGE_CURVE('',#13557,#9289,#13559,.T.);
#13557 = VERTEX_POINT('',#13558);
#13558 = CARTESIAN_POINT('',(-6.098578415119,124.51956233421,21.));
#13559 = LINE('',#13560,#13561);
#13560 = CARTESIAN_POINT('',(-6.098578415119,124.51956233421,21.));
#13561 = VECTOR('',#13562,1.);
#13562 = DIRECTION('',(-0.,-0.,-1.));
#13563 = ORIENTED_EDGE('',*,*,#9288,.T.);
#13564 = ORIENTED_EDGE('',*,*,#13530,.F.);
#13565 = ORIENTED_EDGE('',*,*,#13566,.F.);
#13566 = EDGE_CURVE('',#13557,#13531,#13567,.T.);
#13567 = B_SPLINE_CURVE_WITH_KNOTS('',2,(#13568,#13569,#13570),
  .UNSPECIFIED.,.F.,.F.,(3,3),(0.,1.),.PIECEWISE_BEZIER_KNOTS.);
#13568 = CARTESIAN_POINT('',(-6.098578415119,124.51956233421,21.));
#13569 = CARTESIAN_POINT('',(-6.122824104775,124.26405006631,21.));
#13570 = CARTESIAN_POINT('',(-6.152664953581,124.07940981432,21.));
#13571 = SURFACE_OF_LINEAR_EXTRUSION('',#13572,#13576);
#13572 = B_SPLINE_CURVE_WITH_KNOTS('',2,(#13573,#13574,#13575),
  .UNSPECIFIED.,.F.,.F.,(3,3),(0.,1.),.PIECEWISE_BEZIER_KNOTS.);
#13573 = CARTESIAN_POINT('',(-6.098578415119,124.51956233421,21.));
#13574 = CARTESIAN_POINT('',(-6.122824104775,124.26405006631,21.));
#13575 = CARTESIAN_POINT('',(-6.152664953581,124.07940981432,21.));
#13576 = VECTOR('',#13577,1.);
#13577 = DIRECTION('',(0.,0.,1.));
#13578 = ADVANCED_FACE('',(#13579),#13597,.T.);
#13579 = FACE_BOUND('',#13580,.T.);
#13580 = EDGE_LOOP('',(#13581,#13589,#13590,#13591));
#13581 = ORIENTED_EDGE('',*,*,#13582,.T.);
#13582 = EDGE_CURVE('',#13583,#9297,#13585,.T.);
#13583 = VERTEX_POINT('',#13584);
#13584 = CARTESIAN_POINT('',(-6.081792937666,124.51956233421,21.));
#13585 = LINE('',#13586,#13587);
#13586 = CARTESIAN_POINT('',(-6.081792937666,124.51956233421,21.));
#13587 = VECTOR('',#13588,1.);
#13588 = DIRECTION('',(-0.,-0.,-1.));
#13589 = ORIENTED_EDGE('',*,*,#9296,.T.);
#13590 = ORIENTED_EDGE('',*,*,#13556,.F.);
#13591 = ORIENTED_EDGE('',*,*,#13592,.F.);
#13592 = EDGE_CURVE('',#13583,#13557,#13593,.T.);
#13593 = LINE('',#13594,#13595);
#13594 = CARTESIAN_POINT('',(-6.081792937666,124.51956233421,21.));
#13595 = VECTOR('',#13596,1.);
#13596 = DIRECTION('',(-1.,0.,0.));
#13597 = PLANE('',#13598);
#13598 = AXIS2_PLACEMENT_3D('',#13599,#13600,#13601);
#13599 = CARTESIAN_POINT('',(-6.081792937666,124.51956233421,21.));
#13600 = DIRECTION('',(0.,1.,0.));
#13601 = DIRECTION('',(-1.,0.,0.));
#13602 = ADVANCED_FACE('',(#13603),#13614,.T.);
#13603 = FACE_BOUND('',#13604,.T.);
#13604 = EDGE_LOOP('',(#13605,#13606,#13607,#13608));
#13605 = ORIENTED_EDGE('',*,*,#13460,.T.);
#13606 = ORIENTED_EDGE('',*,*,#9304,.T.);
#13607 = ORIENTED_EDGE('',*,*,#13582,.F.);
#13608 = ORIENTED_EDGE('',*,*,#13609,.F.);
#13609 = EDGE_CURVE('',#13461,#13583,#13610,.T.);
#13610 = B_SPLINE_CURVE_WITH_KNOTS('',2,(#13611,#13612,#13613),
  .UNSPECIFIED.,.F.,.F.,(3,3),(0.,1.),.PIECEWISE_BEZIER_KNOTS.);
#13611 = CARTESIAN_POINT('',(-6.0090558687,123.97310179045,21.));
#13612 = CARTESIAN_POINT('',(-6.059412301061,124.26218501326,21.));
#13613 = CARTESIAN_POINT('',(-6.081792937666,124.51956233421,21.));
#13614 = SURFACE_OF_LINEAR_EXTRUSION('',#13615,#13619);
#13615 = B_SPLINE_CURVE_WITH_KNOTS('',2,(#13616,#13617,#13618),
  .UNSPECIFIED.,.F.,.F.,(3,3),(0.,1.),.PIECEWISE_BEZIER_KNOTS.);
#13616 = CARTESIAN_POINT('',(-6.0090558687,123.97310179045,21.));
#13617 = CARTESIAN_POINT('',(-6.059412301061,124.26218501326,21.));
#13618 = CARTESIAN_POINT('',(-6.081792937666,124.51956233421,21.));
#13619 = VECTOR('',#13620,1.);
#13620 = DIRECTION('',(0.,0.,1.));
#13621 = ADVANCED_FACE('',(#13622),#13647,.T.);
#13622 = FACE_BOUND('',#13623,.T.);
#13623 = EDGE_LOOP('',(#13624,#13632,#13633,#13641));
#13624 = ORIENTED_EDGE('',*,*,#13625,.T.);
#13625 = EDGE_CURVE('',#13626,#9329,#13628,.T.);
#13626 = VERTEX_POINT('',#13627);
#13627 = CARTESIAN_POINT('',(10.648872779045,123.10212201591,21.));
#13628 = LINE('',#13629,#13630);
#13629 = CARTESIAN_POINT('',(10.648872779045,123.10212201591,21.));
#13630 = VECTOR('',#13631,1.);
#13631 = DIRECTION('',(-0.,-0.,-1.));
#13632 = ORIENTED_EDGE('',*,*,#9328,.T.);
#13633 = ORIENTED_EDGE('',*,*,#13634,.F.);
#13634 = EDGE_CURVE('',#13635,#9331,#13637,.T.);
#13635 = VERTEX_POINT('',#13636);
#13636 = CARTESIAN_POINT('',(10.501533588064,123.97310179045,21.));
#13637 = LINE('',#13638,#13639);
#13638 = CARTESIAN_POINT('',(10.501533588064,123.97310179045,21.));
#13639 = VECTOR('',#13640,1.);
#13640 = DIRECTION('',(-0.,-0.,-1.));
#13641 = ORIENTED_EDGE('',*,*,#13642,.F.);
#13642 = EDGE_CURVE('',#13626,#13635,#13643,.T.);
#13643 = LINE('',#13644,#13645);
#13644 = CARTESIAN_POINT('',(10.648872779045,123.10212201591,21.));
#13645 = VECTOR('',#13646,1.);
#13646 = DIRECTION('',(-0.166795148029,0.985991571259,0.));
#13647 = PLANE('',#13648);
#13648 = AXIS2_PLACEMENT_3D('',#13649,#13650,#13651);
#13649 = CARTESIAN_POINT('',(10.648872779045,123.10212201591,21.));
#13650 = DIRECTION('',(0.985991571259,0.166795148029,0.));
#13651 = DIRECTION('',(-0.166795148029,0.985991571259,0.));
#13652 = ADVANCED_FACE('',(#13653),#13671,.T.);
#13653 = FACE_BOUND('',#13654,.T.);
#13654 = EDGE_LOOP('',(#13655,#13663,#13664,#13665));
#13655 = ORIENTED_EDGE('',*,*,#13656,.T.);
#13656 = EDGE_CURVE('',#13657,#9339,#13659,.T.);
#13657 = VERTEX_POINT('',#13658);
#13658 = CARTESIAN_POINT('',(10.191934781698,123.10212201591,21.));
#13659 = LINE('',#13660,#13661);
#13660 = CARTESIAN_POINT('',(10.191934781698,123.10212201591,21.));
#13661 = VECTOR('',#13662,1.);
#13662 = DIRECTION('',(-0.,-0.,-1.));
#13663 = ORIENTED_EDGE('',*,*,#9338,.T.);
#13664 = ORIENTED_EDGE('',*,*,#13625,.F.);
#13665 = ORIENTED_EDGE('',*,*,#13666,.F.);
#13666 = EDGE_CURVE('',#13657,#13626,#13667,.T.);
#13667 = LINE('',#13668,#13669);
#13668 = CARTESIAN_POINT('',(10.191934781698,123.10212201591,21.));
#13669 = VECTOR('',#13670,1.);
#13670 = DIRECTION('',(1.,0.,0.));
#13671 = PLANE('',#13672);
#13672 = AXIS2_PLACEMENT_3D('',#13673,#13674,#13675);
#13673 = CARTESIAN_POINT('',(10.191934781698,123.10212201591,21.));
#13674 = DIRECTION('',(0.,-1.,0.));
#13675 = DIRECTION('',(1.,0.,0.));
#13676 = ADVANCED_FACE('',(#13677),#13695,.T.);
#13677 = FACE_BOUND('',#13678,.T.);
#13678 = EDGE_LOOP('',(#13679,#13687,#13688,#13689));
#13679 = ORIENTED_EDGE('',*,*,#13680,.T.);
#13680 = EDGE_CURVE('',#13681,#9347,#13683,.T.);
#13681 = VERTEX_POINT('',#13682);
#13682 = CARTESIAN_POINT('',(10.341139025729,123.97310179045,21.));
#13683 = LINE('',#13684,#13685);
#13684 = CARTESIAN_POINT('',(10.341139025729,123.97310179045,21.));
#13685 = VECTOR('',#13686,1.);
#13686 = DIRECTION('',(-0.,-0.,-1.));
#13687 = ORIENTED_EDGE('',*,*,#9346,.T.);
#13688 = ORIENTED_EDGE('',*,*,#13656,.F.);
#13689 = ORIENTED_EDGE('',*,*,#13690,.F.);
#13690 = EDGE_CURVE('',#13681,#13657,#13691,.T.);
#13691 = LINE('',#13692,#13693);
#13692 = CARTESIAN_POINT('',(10.341139025729,123.97310179045,21.));
#13693 = VECTOR('',#13694,1.);
#13694 = DIRECTION('',(-0.168846652283,-0.985642332701,0.));
#13695 = PLANE('',#13696);
#13696 = AXIS2_PLACEMENT_3D('',#13697,#13698,#13699);
#13697 = CARTESIAN_POINT('',(10.341139025729,123.97310179045,21.));
#13698 = DIRECTION('',(-0.985642332701,0.168846652283,0.));
#13699 = DIRECTION('',(-0.168846652283,-0.985642332701,0.));
#13700 = ADVANCED_FACE('',(#13701),#13719,.T.);
#13701 = FACE_BOUND('',#13702,.T.);
#13702 = EDGE_LOOP('',(#13703,#13711,#13712,#13713));
#13703 = ORIENTED_EDGE('',*,*,#13704,.T.);
#13704 = EDGE_CURVE('',#13705,#9355,#13707,.T.);
#13705 = VERTEX_POINT('',#13706);
#13706 = CARTESIAN_POINT('',(10.357924503183,124.07940981432,21.));
#13707 = LINE('',#13708,#13709);
#13708 = CARTESIAN_POINT('',(10.357924503183,124.07940981432,21.));
#13709 = VECTOR('',#13710,1.);
#13710 = DIRECTION('',(-0.,-0.,-1.));
#13711 = ORIENTED_EDGE('',*,*,#9354,.T.);
#13712 = ORIENTED_EDGE('',*,*,#13680,.F.);
#13713 = ORIENTED_EDGE('',*,*,#13714,.F.);
#13714 = EDGE_CURVE('',#13705,#13681,#13715,.T.);
#13715 = B_SPLINE_CURVE_WITH_KNOTS('',2,(#13716,#13717,#13718),
  .UNSPECIFIED.,.F.,.F.,(3,3),(0.,1.),.PIECEWISE_BEZIER_KNOTS.);
#13716 = CARTESIAN_POINT('',(10.357924503183,124.07940981432,21.));
#13717 = CARTESIAN_POINT('',(10.348599237931,124.02718832891,21.));
#13718 = CARTESIAN_POINT('',(10.341139025729,123.97310179045,21.));
#13719 = SURFACE_OF_LINEAR_EXTRUSION('',#13720,#13724);
#13720 = B_SPLINE_CURVE_WITH_KNOTS('',2,(#13721,#13722,#13723),
  .UNSPECIFIED.,.F.,.F.,(3,3),(0.,1.),.PIECEWISE_BEZIER_KNOTS.);
#13721 = CARTESIAN_POINT('',(10.357924503183,124.07940981432,21.));
#13722 = CARTESIAN_POINT('',(10.348599237931,124.02718832891,21.));
#13723 = CARTESIAN_POINT('',(10.341139025729,123.97310179045,21.));
#13724 = VECTOR('',#13725,1.);
#13725 = DIRECTION('',(0.,0.,1.));
#13726 = ADVANCED_FACE('',(#13727),#13745,.T.);
#13727 = FACE_BOUND('',#13728,.T.);
#13728 = EDGE_LOOP('',(#13729,#13737,#13738,#13739));
#13729 = ORIENTED_EDGE('',*,*,#13730,.T.);
#13730 = EDGE_CURVE('',#13731,#9363,#13733,.T.);
#13731 = VERTEX_POINT('',#13732);
#13732 = CARTESIAN_POINT('',(10.412011041645,124.51956233421,21.));
#13733 = LINE('',#13734,#13735);
#13734 = CARTESIAN_POINT('',(10.412011041645,124.51956233421,21.));
#13735 = VECTOR('',#13736,1.);
#13736 = DIRECTION('',(-0.,-0.,-1.));
#13737 = ORIENTED_EDGE('',*,*,#9362,.T.);
#13738 = ORIENTED_EDGE('',*,*,#13704,.F.);
#13739 = ORIENTED_EDGE('',*,*,#13740,.F.);
#13740 = EDGE_CURVE('',#13731,#13705,#13741,.T.);
#13741 = B_SPLINE_CURVE_WITH_KNOTS('',2,(#13742,#13743,#13744),
  .UNSPECIFIED.,.F.,.F.,(3,3),(0.,1.),.PIECEWISE_BEZIER_KNOTS.);
#13742 = CARTESIAN_POINT('',(10.412011041645,124.51956233421,21.));
#13743 = CARTESIAN_POINT('',(10.387765351989,124.26405006631,21.));
#13744 = CARTESIAN_POINT('',(10.357924503183,124.07940981432,21.));
#13745 = SURFACE_OF_LINEAR_EXTRUSION('',#13746,#13750);
#13746 = B_SPLINE_CURVE_WITH_KNOTS('',2,(#13747,#13748,#13749),
  .UNSPECIFIED.,.F.,.F.,(3,3),(0.,1.),.PIECEWISE_BEZIER_KNOTS.);
#13747 = CARTESIAN_POINT('',(10.412011041645,124.51956233421,21.));
#13748 = CARTESIAN_POINT('',(10.387765351989,124.26405006631,21.));
#13749 = CARTESIAN_POINT('',(10.357924503183,124.07940981432,21.));
#13750 = VECTOR('',#13751,1.);
#13751 = DIRECTION('',(0.,0.,1.));
#13752 = ADVANCED_FACE('',(#13753),#13771,.T.);
#13753 = FACE_BOUND('',#13754,.T.);
#13754 = EDGE_LOOP('',(#13755,#13763,#13764,#13765));
#13755 = ORIENTED_EDGE('',*,*,#13756,.T.);
#13756 = EDGE_CURVE('',#13757,#9371,#13759,.T.);
#13757 = VERTEX_POINT('',#13758);
#13758 = CARTESIAN_POINT('',(10.428796519098,124.51956233421,21.));
#13759 = LINE('',#13760,#13761);
#13760 = CARTESIAN_POINT('',(10.428796519098,124.51956233421,21.));
#13761 = VECTOR('',#13762,1.);
#13762 = DIRECTION('',(-0.,-0.,-1.));
#13763 = ORIENTED_EDGE('',*,*,#9370,.T.);
#13764 = ORIENTED_EDGE('',*,*,#13730,.F.);
#13765 = ORIENTED_EDGE('',*,*,#13766,.F.);
#13766 = EDGE_CURVE('',#13757,#13731,#13767,.T.);
#13767 = LINE('',#13768,#13769);
#13768 = CARTESIAN_POINT('',(10.428796519098,124.51956233421,21.));
#13769 = VECTOR('',#13770,1.);
#13770 = DIRECTION('',(-1.,0.,0.));
#13771 = PLANE('',#13772);
#13772 = AXIS2_PLACEMENT_3D('',#13773,#13774,#13775);
#13773 = CARTESIAN_POINT('',(10.428796519098,124.51956233421,21.));
#13774 = DIRECTION('',(0.,1.,0.));
#13775 = DIRECTION('',(-1.,0.,0.));
#13776 = ADVANCED_FACE('',(#13777),#13788,.T.);
#13777 = FACE_BOUND('',#13778,.T.);
#13778 = EDGE_LOOP('',(#13779,#13780,#13781,#13782));
#13779 = ORIENTED_EDGE('',*,*,#13634,.T.);
#13780 = ORIENTED_EDGE('',*,*,#9378,.T.);
#13781 = ORIENTED_EDGE('',*,*,#13756,.F.);
#13782 = ORIENTED_EDGE('',*,*,#13783,.F.);
#13783 = EDGE_CURVE('',#13635,#13757,#13784,.T.);
#13784 = B_SPLINE_CURVE_WITH_KNOTS('',2,(#13785,#13786,#13787),
  .UNSPECIFIED.,.F.,.F.,(3,3),(0.,1.),.PIECEWISE_BEZIER_KNOTS.);
#13785 = CARTESIAN_POINT('',(10.501533588064,123.97310179045,21.));
#13786 = CARTESIAN_POINT('',(10.451177155703,124.26218501326,21.));
#13787 = CARTESIAN_POINT('',(10.428796519098,124.51956233421,21.));
#13788 = SURFACE_OF_LINEAR_EXTRUSION('',#13789,#13793);
#13789 = B_SPLINE_CURVE_WITH_KNOTS('',2,(#13790,#13791,#13792),
  .UNSPECIFIED.,.F.,.F.,(3,3),(0.,1.),.PIECEWISE_BEZIER_KNOTS.);
#13790 = CARTESIAN_POINT('',(10.501533588064,123.97310179045,21.));
#13791 = CARTESIAN_POINT('',(10.451177155703,124.26218501326,21.));
#13792 = CARTESIAN_POINT('',(10.428796519098,124.51956233421,21.));
#13793 = VECTOR('',#13794,1.);
#13794 = DIRECTION('',(0.,0.,1.));
#13795 = ADVANCED_FACE('',(#13796),#13821,.T.);
#13796 = FACE_BOUND('',#13797,.T.);
#13797 = EDGE_LOOP('',(#13798,#13806,#13807,#13815));
#13798 = ORIENTED_EDGE('',*,*,#13799,.T.);
#13799 = EDGE_CURVE('',#13800,#9403,#13802,.T.);
#13800 = VERTEX_POINT('',#13801);
#13801 = CARTESIAN_POINT('',(12.558687102653,123.10212201591,21.));
#13802 = LINE('',#13803,#13804);
#13803 = CARTESIAN_POINT('',(12.558687102653,123.10212201591,21.));
#13804 = VECTOR('',#13805,1.);
#13805 = DIRECTION('',(-0.,-0.,-1.));
#13806 = ORIENTED_EDGE('',*,*,#9402,.T.);
#13807 = ORIENTED_EDGE('',*,*,#13808,.F.);
#13808 = EDGE_CURVE('',#13809,#9405,#13811,.T.);
#13809 = VERTEX_POINT('',#13810);
#13810 = CARTESIAN_POINT('',(12.411347911671,123.97310179045,21.));
#13811 = LINE('',#13812,#13813);
#13812 = CARTESIAN_POINT('',(12.411347911671,123.97310179045,21.));
#13813 = VECTOR('',#13814,1.);
#13814 = DIRECTION('',(-0.,-0.,-1.));
#13815 = ORIENTED_EDGE('',*,*,#13816,.F.);
#13816 = EDGE_CURVE('',#13800,#13809,#13817,.T.);
#13817 = LINE('',#13818,#13819);
#13818 = CARTESIAN_POINT('',(12.558687102653,123.10212201591,21.));
#13819 = VECTOR('',#13820,1.);
#13820 = DIRECTION('',(-0.166795148029,0.985991571259,0.));
#13821 = PLANE('',#13822);
#13822 = AXIS2_PLACEMENT_3D('',#13823,#13824,#13825);
#13823 = CARTESIAN_POINT('',(12.558687102653,123.10212201591,21.));
#13824 = DIRECTION('',(0.985991571259,0.166795148029,0.));
#13825 = DIRECTION('',(-0.166795148029,0.985991571259,0.));
#13826 = ADVANCED_FACE('',(#13827),#13845,.T.);
#13827 = FACE_BOUND('',#13828,.T.);
#13828 = EDGE_LOOP('',(#13829,#13837,#13838,#13839));
#13829 = ORIENTED_EDGE('',*,*,#13830,.T.);
#13830 = EDGE_CURVE('',#13831,#9413,#13833,.T.);
#13831 = VERTEX_POINT('',#13832);
#13832 = CARTESIAN_POINT('',(12.101749105305,123.10212201591,21.));
#13833 = LINE('',#13834,#13835);
#13834 = CARTESIAN_POINT('',(12.101749105305,123.10212201591,21.));
#13835 = VECTOR('',#13836,1.);
#13836 = DIRECTION('',(-0.,-0.,-1.));
#13837 = ORIENTED_EDGE('',*,*,#9412,.T.);
#13838 = ORIENTED_EDGE('',*,*,#13799,.F.);
#13839 = ORIENTED_EDGE('',*,*,#13840,.F.);
#13840 = EDGE_CURVE('',#13831,#13800,#13841,.T.);
#13841 = LINE('',#13842,#13843);
#13842 = CARTESIAN_POINT('',(12.101749105305,123.10212201591,21.));
#13843 = VECTOR('',#13844,1.);
#13844 = DIRECTION('',(1.,0.,0.));
#13845 = PLANE('',#13846);
#13846 = AXIS2_PLACEMENT_3D('',#13847,#13848,#13849);
#13847 = CARTESIAN_POINT('',(12.101749105305,123.10212201591,21.));
#13848 = DIRECTION('',(0.,-1.,0.));
#13849 = DIRECTION('',(1.,0.,0.));
#13850 = ADVANCED_FACE('',(#13851),#13869,.T.);
#13851 = FACE_BOUND('',#13852,.T.);
#13852 = EDGE_LOOP('',(#13853,#13861,#13862,#13863));
#13853 = ORIENTED_EDGE('',*,*,#13854,.T.);
#13854 = EDGE_CURVE('',#13855,#9421,#13857,.T.);
#13855 = VERTEX_POINT('',#13856);
#13856 = CARTESIAN_POINT('',(12.250953349337,123.97310179045,21.));
#13857 = LINE('',#13858,#13859);
#13858 = CARTESIAN_POINT('',(12.250953349337,123.97310179045,21.));
#13859 = VECTOR('',#13860,1.);
#13860 = DIRECTION('',(-0.,-0.,-1.));
#13861 = ORIENTED_EDGE('',*,*,#9420,.T.);
#13862 = ORIENTED_EDGE('',*,*,#13830,.F.);
#13863 = ORIENTED_EDGE('',*,*,#13864,.F.);
#13864 = EDGE_CURVE('',#13855,#13831,#13865,.T.);
#13865 = LINE('',#13866,#13867);
#13866 = CARTESIAN_POINT('',(12.250953349337,123.97310179045,21.));
#13867 = VECTOR('',#13868,1.);
#13868 = DIRECTION('',(-0.168846652283,-0.985642332701,0.));
#13869 = PLANE('',#13870);
#13870 = AXIS2_PLACEMENT_3D('',#13871,#13872,#13873);
#13871 = CARTESIAN_POINT('',(12.250953349337,123.97310179045,21.));
#13872 = DIRECTION('',(-0.985642332701,0.168846652283,0.));
#13873 = DIRECTION('',(-0.168846652283,-0.985642332701,0.));
#13874 = ADVANCED_FACE('',(#13875),#13893,.T.);
#13875 = FACE_BOUND('',#13876,.T.);
#13876 = EDGE_LOOP('',(#13877,#13885,#13886,#13887));
#13877 = ORIENTED_EDGE('',*,*,#13878,.T.);
#13878 = EDGE_CURVE('',#13879,#9429,#13881,.T.);
#13879 = VERTEX_POINT('',#13880);
#13880 = CARTESIAN_POINT('',(12.26773882679,124.07940981432,21.));
#13881 = LINE('',#13882,#13883);
#13882 = CARTESIAN_POINT('',(12.26773882679,124.07940981432,21.));
#13883 = VECTOR('',#13884,1.);
#13884 = DIRECTION('',(-0.,-0.,-1.));
#13885 = ORIENTED_EDGE('',*,*,#9428,.T.);
#13886 = ORIENTED_EDGE('',*,*,#13854,.F.);
#13887 = ORIENTED_EDGE('',*,*,#13888,.F.);
#13888 = EDGE_CURVE('',#13879,#13855,#13889,.T.);
#13889 = B_SPLINE_CURVE_WITH_KNOTS('',2,(#13890,#13891,#13892),
  .UNSPECIFIED.,.F.,.F.,(3,3),(0.,1.),.PIECEWISE_BEZIER_KNOTS.);
#13890 = CARTESIAN_POINT('',(12.26773882679,124.07940981432,21.));
#13891 = CARTESIAN_POINT('',(12.258413561538,124.02718832891,21.));
#13892 = CARTESIAN_POINT('',(12.250953349337,123.97310179045,21.));
#13893 = SURFACE_OF_LINEAR_EXTRUSION('',#13894,#13898);
#13894 = B_SPLINE_CURVE_WITH_KNOTS('',2,(#13895,#13896,#13897),
  .UNSPECIFIED.,.F.,.F.,(3,3),(0.,1.),.PIECEWISE_BEZIER_KNOTS.);
#13895 = CARTESIAN_POINT('',(12.26773882679,124.07940981432,21.));
#13896 = CARTESIAN_POINT('',(12.258413561538,124.02718832891,21.));
#13897 = CARTESIAN_POINT('',(12.250953349337,123.97310179045,21.));
#13898 = VECTOR('',#13899,1.);
#13899 = DIRECTION('',(0.,0.,1.));
#13900 = ADVANCED_FACE('',(#13901),#13919,.T.);
#13901 = FACE_BOUND('',#13902,.T.);
#13902 = EDGE_LOOP('',(#13903,#13911,#13912,#13913));
#13903 = ORIENTED_EDGE('',*,*,#13904,.T.);
#13904 = EDGE_CURVE('',#13905,#9437,#13907,.T.);
#13905 = VERTEX_POINT('',#13906);
#13906 = CARTESIAN_POINT('',(12.321825365252,124.51956233421,21.));
#13907 = LINE('',#13908,#13909);
#13908 = CARTESIAN_POINT('',(12.321825365252,124.51956233421,21.));
#13909 = VECTOR('',#13910,1.);
#13910 = DIRECTION('',(-0.,-0.,-1.));
#13911 = ORIENTED_EDGE('',*,*,#9436,.T.);
#13912 = ORIENTED_EDGE('',*,*,#13878,.F.);
#13913 = ORIENTED_EDGE('',*,*,#13914,.F.);
#13914 = EDGE_CURVE('',#13905,#13879,#13915,.T.);
#13915 = B_SPLINE_CURVE_WITH_KNOTS('',2,(#13916,#13917,#13918),
  .UNSPECIFIED.,.F.,.F.,(3,3),(0.,1.),.PIECEWISE_BEZIER_KNOTS.);
#13916 = CARTESIAN_POINT('',(12.321825365252,124.51956233421,21.));
#13917 = CARTESIAN_POINT('',(12.297579675597,124.26405006631,21.));
#13918 = CARTESIAN_POINT('',(12.26773882679,124.07940981432,21.));
#13919 = SURFACE_OF_LINEAR_EXTRUSION('',#13920,#13924);
#13920 = B_SPLINE_CURVE_WITH_KNOTS('',2,(#13921,#13922,#13923),
  .UNSPECIFIED.,.F.,.F.,(3,3),(0.,1.),.PIECEWISE_BEZIER_KNOTS.);
#13921 = CARTESIAN_POINT('',(12.321825365252,124.51956233421,21.));
#13922 = CARTESIAN_POINT('',(12.297579675597,124.26405006631,21.));
#13923 = CARTESIAN_POINT('',(12.26773882679,124.07940981432,21.));
#13924 = VECTOR('',#13925,1.);
#13925 = DIRECTION('',(0.,0.,1.));
#13926 = ADVANCED_FACE('',(#13927),#13945,.T.);
#13927 = FACE_BOUND('',#13928,.T.);
#13928 = EDGE_LOOP('',(#13929,#13937,#13938,#13939));
#13929 = ORIENTED_EDGE('',*,*,#13930,.T.);
#13930 = EDGE_CURVE('',#13931,#9445,#13933,.T.);
#13931 = VERTEX_POINT('',#13932);
#13932 = CARTESIAN_POINT('',(12.338610842706,124.51956233421,21.));
#13933 = LINE('',#13934,#13935);
#13934 = CARTESIAN_POINT('',(12.338610842706,124.51956233421,21.));
#13935 = VECTOR('',#13936,1.);
#13936 = DIRECTION('',(-0.,-0.,-1.));
#13937 = ORIENTED_EDGE('',*,*,#9444,.T.);
#13938 = ORIENTED_EDGE('',*,*,#13904,.F.);
#13939 = ORIENTED_EDGE('',*,*,#13940,.F.);
#13940 = EDGE_CURVE('',#13931,#13905,#13941,.T.);
#13941 = LINE('',#13942,#13943);
#13942 = CARTESIAN_POINT('',(12.338610842706,124.51956233421,21.));
#13943 = VECTOR('',#13944,1.);
#13944 = DIRECTION('',(-1.,0.,0.));
#13945 = PLANE('',#13946);
#13946 = AXIS2_PLACEMENT_3D('',#13947,#13948,#13949);
#13947 = CARTESIAN_POINT('',(12.338610842706,124.51956233421,21.));
#13948 = DIRECTION('',(0.,1.,0.));
#13949 = DIRECTION('',(-1.,0.,0.));
#13950 = ADVANCED_FACE('',(#13951),#13962,.T.);
#13951 = FACE_BOUND('',#13952,.T.);
#13952 = EDGE_LOOP('',(#13953,#13954,#13955,#13956));
#13953 = ORIENTED_EDGE('',*,*,#13808,.T.);
#13954 = ORIENTED_EDGE('',*,*,#9452,.T.);
#13955 = ORIENTED_EDGE('',*,*,#13930,.F.);
#13956 = ORIENTED_EDGE('',*,*,#13957,.F.);
#13957 = EDGE_CURVE('',#13809,#13931,#13958,.T.);
#13958 = B_SPLINE_CURVE_WITH_KNOTS('',2,(#13959,#13960,#13961),
  .UNSPECIFIED.,.F.,.F.,(3,3),(0.,1.),.PIECEWISE_BEZIER_KNOTS.);
#13959 = CARTESIAN_POINT('',(12.411347911671,123.97310179045,21.));
#13960 = CARTESIAN_POINT('',(12.36099147931,124.26218501326,21.));
#13961 = CARTESIAN_POINT('',(12.338610842706,124.51956233421,21.));
#13962 = SURFACE_OF_LINEAR_EXTRUSION('',#13963,#13967);
#13963 = B_SPLINE_CURVE_WITH_KNOTS('',2,(#13964,#13965,#13966),
  .UNSPECIFIED.,.F.,.F.,(3,3),(0.,1.),.PIECEWISE_BEZIER_KNOTS.);
#13964 = CARTESIAN_POINT('',(12.411347911671,123.97310179045,21.));
#13965 = CARTESIAN_POINT('',(12.36099147931,124.26218501326,21.));
#13966 = CARTESIAN_POINT('',(12.338610842706,124.51956233421,21.));
#13967 = VECTOR('',#13968,1.);
#13968 = DIRECTION('',(0.,0.,1.));
#13969 = ADVANCED_FACE('',(#13970),#13980,.T.);
#13970 = FACE_BOUND('',#13971,.T.);
#13971 = EDGE_LOOP('',(#13972,#13973,#13974,#13975,#13976,#13977,#13978,
    #13979));
#13972 = ORIENTED_EDGE('',*,*,#9683,.F.);
#13973 = ORIENTED_EDGE('',*,*,#9511,.T.);
#13974 = ORIENTED_EDGE('',*,*,#9536,.T.);
#13975 = ORIENTED_EDGE('',*,*,#9567,.T.);
#13976 = ORIENTED_EDGE('',*,*,#9585,.T.);
#13977 = ORIENTED_EDGE('',*,*,#9616,.T.);
#13978 = ORIENTED_EDGE('',*,*,#9641,.F.);
#13979 = ORIENTED_EDGE('',*,*,#9665,.T.);
#13980 = PLANE('',#13981);
#13981 = AXIS2_PLACEMENT_3D('',#13982,#13983,#13984);
#13982 = CARTESIAN_POINT('',(0.,63.,21.));
#13983 = DIRECTION('',(0.,0.,1.));
#13984 = DIRECTION('',(1.,0.,0.));
#13985 = ADVANCED_FACE('',(#13986),#13996,.T.);
#13986 = FACE_BOUND('',#13987,.T.);
#13987 = EDGE_LOOP('',(#13988,#13989,#13990,#13991,#13992,#13993,#13994,
    #13995));
#13988 = ORIENTED_EDGE('',*,*,#9879,.T.);
#13989 = ORIENTED_EDGE('',*,*,#9707,.T.);
#13990 = ORIENTED_EDGE('',*,*,#9732,.T.);
#13991 = ORIENTED_EDGE('',*,*,#9763,.T.);
#13992 = ORIENTED_EDGE('',*,*,#9788,.F.);
#13993 = ORIENTED_EDGE('',*,*,#9812,.T.);
#13994 = ORIENTED_EDGE('',*,*,#9830,.T.);
#13995 = ORIENTED_EDGE('',*,*,#9861,.T.);
#13996 = PLANE('',#13997);
#13997 = AXIS2_PLACEMENT_3D('',#13998,#13999,#14000);
#13998 = CARTESIAN_POINT('',(0.,63.,21.));
#13999 = DIRECTION('',(0.,0.,1.));
#14000 = DIRECTION('',(1.,0.,0.));
#14001 = ADVANCED_FACE('',(#14002),#14012,.T.);
#14002 = FACE_BOUND('',#14003,.T.);
#14003 = EDGE_LOOP('',(#14004,#14005,#14006,#14007,#14008,#14009,#14010,
    #14011));
#14004 = ORIENTED_EDGE('',*,*,#10075,.T.);
#14005 = ORIENTED_EDGE('',*,*,#9903,.T.);
#14006 = ORIENTED_EDGE('',*,*,#9928,.T.);
#14007 = ORIENTED_EDGE('',*,*,#9959,.T.);
#14008 = ORIENTED_EDGE('',*,*,#9984,.F.);
#14009 = ORIENTED_EDGE('',*,*,#10008,.T.);
#14010 = ORIENTED_EDGE('',*,*,#10033,.F.);
#14011 = ORIENTED_EDGE('',*,*,#10057,.T.);
#14012 = PLANE('',#14013);
#14013 = AXIS2_PLACEMENT_3D('',#14014,#14015,#14016);
#14014 = CARTESIAN_POINT('',(0.,63.,21.));
#14015 = DIRECTION('',(0.,0.,1.));
#14016 = DIRECTION('',(1.,0.,0.));
#14017 = ADVANCED_FACE('',(#14018),#14028,.T.);
#14018 = FACE_BOUND('',#14019,.T.);
#14019 = EDGE_LOOP('',(#14020,#14021,#14022,#14023,#14024,#14025,#14026,
    #14027));
#14020 = ORIENTED_EDGE('',*,*,#10271,.T.);
#14021 = ORIENTED_EDGE('',*,*,#10099,.T.);
#14022 = ORIENTED_EDGE('',*,*,#10124,.T.);
#14023 = ORIENTED_EDGE('',*,*,#10155,.T.);
#14024 = ORIENTED_EDGE('',*,*,#10180,.F.);
#14025 = ORIENTED_EDGE('',*,*,#10204,.T.);
#14026 = ORIENTED_EDGE('',*,*,#10229,.F.);
#14027 = ORIENTED_EDGE('',*,*,#10253,.T.);
#14028 = PLANE('',#14029);
#14029 = AXIS2_PLACEMENT_3D('',#14030,#14031,#14032);
#14030 = CARTESIAN_POINT('',(0.,63.,21.));
#14031 = DIRECTION('',(0.,0.,1.));
#14032 = DIRECTION('',(1.,0.,0.));
#14033 = ADVANCED_FACE('',(#14034),#14044,.T.);
#14034 = FACE_BOUND('',#14035,.T.);
#14035 = EDGE_LOOP('',(#14036,#14037,#14038,#14039,#14040,#14041,#14042,
    #14043));
#14036 = ORIENTED_EDGE('',*,*,#10467,.T.);
#14037 = ORIENTED_EDGE('',*,*,#10295,.T.);
#14038 = ORIENTED_EDGE('',*,*,#10320,.T.);
#14039 = ORIENTED_EDGE('',*,*,#10351,.T.);
#14040 = ORIENTED_EDGE('',*,*,#10376,.F.);
#14041 = ORIENTED_EDGE('',*,*,#10400,.T.);
#14042 = ORIENTED_EDGE('',*,*,#10425,.F.);
#14043 = ORIENTED_EDGE('',*,*,#10449,.T.);
#14044 = PLANE('',#14045);
#14045 = AXIS2_PLACEMENT_3D('',#14046,#14047,#14048);
#14046 = CARTESIAN_POINT('',(0.,63.,21.));
#14047 = DIRECTION('',(0.,0.,1.));
#14048 = DIRECTION('',(1.,0.,0.));
#14049 = ADVANCED_FACE('',(#14050),#14058,.T.);
#14050 = FACE_BOUND('',#14051,.T.);
#14051 = EDGE_LOOP('',(#14052,#14053,#14054,#14055,#14056,#14057));
#14052 = ORIENTED_EDGE('',*,*,#10614,.T.);
#14053 = ORIENTED_EDGE('',*,*,#10491,.T.);
#14054 = ORIENTED_EDGE('',*,*,#10516,.T.);
#14055 = ORIENTED_EDGE('',*,*,#10547,.T.);
#14056 = ORIENTED_EDGE('',*,*,#10572,.F.);
#14057 = ORIENTED_EDGE('',*,*,#10596,.T.);
#14058 = PLANE('',#14059);
#14059 = AXIS2_PLACEMENT_3D('',#14060,#14061,#14062);
#14060 = CARTESIAN_POINT('',(0.,63.,21.));
#14061 = DIRECTION('',(0.,0.,1.));
#14062 = DIRECTION('',(1.,0.,0.));
#14063 = ADVANCED_FACE('',(#14064),#14072,.T.);
#14064 = FACE_BOUND('',#14065,.T.);
#14065 = EDGE_LOOP('',(#14066,#14067,#14068,#14069,#14070,#14071));
#14066 = ORIENTED_EDGE('',*,*,#10761,.T.);
#14067 = ORIENTED_EDGE('',*,*,#10638,.T.);
#14068 = ORIENTED_EDGE('',*,*,#10663,.T.);
#14069 = ORIENTED_EDGE('',*,*,#10694,.T.);
#14070 = ORIENTED_EDGE('',*,*,#10719,.F.);
#14071 = ORIENTED_EDGE('',*,*,#10743,.T.);
#14072 = PLANE('',#14073);
#14073 = AXIS2_PLACEMENT_3D('',#14074,#14075,#14076);
#14074 = CARTESIAN_POINT('',(0.,63.,21.));
#14075 = DIRECTION('',(0.,0.,1.));
#14076 = DIRECTION('',(1.,0.,0.));
#14077 = ADVANCED_FACE('',(#14078),#14087,.T.);
#14078 = FACE_BOUND('',#14079,.T.);
#14079 = EDGE_LOOP('',(#14080,#14081,#14082,#14083,#14084,#14085,#14086)
  );
#14080 = ORIENTED_EDGE('',*,*,#10914,.T.);
#14081 = ORIENTED_EDGE('',*,*,#10932,.T.);
#14082 = ORIENTED_EDGE('',*,*,#10785,.T.);
#14083 = ORIENTED_EDGE('',*,*,#10816,.T.);
#14084 = ORIENTED_EDGE('',*,*,#10841,.F.);
#14085 = ORIENTED_EDGE('',*,*,#10865,.T.);
#14086 = ORIENTED_EDGE('',*,*,#10890,.F.);
#14087 = PLANE('',#14088);
#14088 = AXIS2_PLACEMENT_3D('',#14089,#14090,#14091);
#14089 = CARTESIAN_POINT('',(0.,63.,21.));
#14090 = DIRECTION('',(0.,0.,1.));
#14091 = DIRECTION('',(1.,0.,0.));
#14092 = ADVANCED_FACE('',(#14093),#14101,.T.);
#14093 = FACE_BOUND('',#14094,.T.);
#14094 = EDGE_LOOP('',(#14095,#14096,#14097,#14098,#14099,#14100));
#14095 = ORIENTED_EDGE('',*,*,#11079,.F.);
#14096 = ORIENTED_EDGE('',*,*,#10956,.T.);
#14097 = ORIENTED_EDGE('',*,*,#10981,.T.);
#14098 = ORIENTED_EDGE('',*,*,#11012,.T.);
#14099 = ORIENTED_EDGE('',*,*,#11037,.F.);
#14100 = ORIENTED_EDGE('',*,*,#11061,.T.);
#14101 = PLANE('',#14102);
#14102 = AXIS2_PLACEMENT_3D('',#14103,#14104,#14105);
#14103 = CARTESIAN_POINT('',(0.,63.,21.));
#14104 = DIRECTION('',(0.,0.,1.));
#14105 = DIRECTION('',(1.,0.,0.));
#14106 = ADVANCED_FACE('',(#14107),#14117,.T.);
#14107 = FACE_BOUND('',#14108,.T.);
#14108 = EDGE_LOOP('',(#14109,#14110,#14111,#14112,#14113,#14114,#14115,
    #14116));
#14109 = ORIENTED_EDGE('',*,*,#11275,.F.);
#14110 = ORIENTED_EDGE('',*,*,#11103,.T.);
#14111 = ORIENTED_EDGE('',*,*,#11128,.T.);
#14112 = ORIENTED_EDGE('',*,*,#11159,.T.);
#14113 = ORIENTED_EDGE('',*,*,#11184,.F.);
#14114 = ORIENTED_EDGE('',*,*,#11208,.T.);
#14115 = ORIENTED_EDGE('',*,*,#11233,.F.);
#14116 = ORIENTED_EDGE('',*,*,#11257,.T.);
#14117 = PLANE('',#14118);
#14118 = AXIS2_PLACEMENT_3D('',#14119,#14120,#14121);
#14119 = CARTESIAN_POINT('',(0.,63.,21.));
#14120 = DIRECTION('',(0.,0.,1.));
#14121 = DIRECTION('',(1.,0.,0.));
#14122 = ADVANCED_FACE('',(#14123),#14133,.T.);
#14123 = FACE_BOUND('',#14124,.T.);
#14124 = EDGE_LOOP('',(#14125,#14126,#14127,#14128,#14129,#14130,#14131,
    #14132));
#14125 = ORIENTED_EDGE('',*,*,#11471,.T.);
#14126 = ORIENTED_EDGE('',*,*,#11299,.T.);
#14127 = ORIENTED_EDGE('',*,*,#11324,.T.);
#14128 = ORIENTED_EDGE('',*,*,#11355,.T.);
#14129 = ORIENTED_EDGE('',*,*,#11380,.F.);
#14130 = ORIENTED_EDGE('',*,*,#11404,.T.);
#14131 = ORIENTED_EDGE('',*,*,#11429,.F.);
#14132 = ORIENTED_EDGE('',*,*,#11453,.T.);
#14133 = PLANE('',#14134);
#14134 = AXIS2_PLACEMENT_3D('',#14135,#14136,#14137);
#14135 = CARTESIAN_POINT('',(0.,63.,21.));
#14136 = DIRECTION('',(0.,0.,1.));
#14137 = DIRECTION('',(1.,0.,0.));
#14138 = ADVANCED_FACE('',(#14139),#14149,.T.);
#14139 = FACE_BOUND('',#14140,.T.);
#14140 = EDGE_LOOP('',(#14141,#14142,#14143,#14144,#14145,#14146,#14147,
    #14148));
#14141 = ORIENTED_EDGE('',*,*,#11667,.F.);
#14142 = ORIENTED_EDGE('',*,*,#11495,.T.);
#14143 = ORIENTED_EDGE('',*,*,#11520,.T.);
#14144 = ORIENTED_EDGE('',*,*,#11551,.T.);
#14145 = ORIENTED_EDGE('',*,*,#11576,.F.);
#14146 = ORIENTED_EDGE('',*,*,#11600,.T.);
#14147 = ORIENTED_EDGE('',*,*,#11625,.F.);
#14148 = ORIENTED_EDGE('',*,*,#11649,.T.);
#14149 = PLANE('',#14150);
#14150 = AXIS2_PLACEMENT_3D('',#14151,#14152,#14153);
#14151 = CARTESIAN_POINT('',(0.,63.,21.));
#14152 = DIRECTION('',(0.,0.,1.));
#14153 = DIRECTION('',(1.,0.,0.));
#14154 = ADVANCED_FACE('',(#14155),#14165,.T.);
#14155 = FACE_BOUND('',#14156,.T.);
#14156 = EDGE_LOOP('',(#14157,#14158,#14159,#14160,#14161,#14162,#14163,
    #14164));
#14157 = ORIENTED_EDGE('',*,*,#11863,.T.);
#14158 = ORIENTED_EDGE('',*,*,#11691,.T.);
#14159 = ORIENTED_EDGE('',*,*,#11716,.T.);
#14160 = ORIENTED_EDGE('',*,*,#11747,.T.);
#14161 = ORIENTED_EDGE('',*,*,#11772,.F.);
#14162 = ORIENTED_EDGE('',*,*,#11796,.T.);
#14163 = ORIENTED_EDGE('',*,*,#11821,.F.);
#14164 = ORIENTED_EDGE('',*,*,#11845,.T.);
#14165 = PLANE('',#14166);
#14166 = AXIS2_PLACEMENT_3D('',#14167,#14168,#14169);
#14167 = CARTESIAN_POINT('',(0.,63.,21.));
#14168 = DIRECTION('',(0.,0.,1.));
#14169 = DIRECTION('',(1.,0.,0.));
#14170 = ADVANCED_FACE('',(#14171),#14181,.T.);
#14171 = FACE_BOUND('',#14172,.T.);
#14172 = EDGE_LOOP('',(#14173,#14174,#14175,#14176,#14177,#14178,#14179,
    #14180));
#14173 = ORIENTED_EDGE('',*,*,#12059,.F.);
#14174 = ORIENTED_EDGE('',*,*,#11887,.T.);
#14175 = ORIENTED_EDGE('',*,*,#11912,.T.);
#14176 = ORIENTED_EDGE('',*,*,#11943,.T.);
#14177 = ORIENTED_EDGE('',*,*,#11961,.T.);
#14178 = ORIENTED_EDGE('',*,*,#11992,.T.);
#14179 = ORIENTED_EDGE('',*,*,#12017,.F.);
#14180 = ORIENTED_EDGE('',*,*,#12041,.T.);
#14181 = PLANE('',#14182);
#14182 = AXIS2_PLACEMENT_3D('',#14183,#14184,#14185);
#14183 = CARTESIAN_POINT('',(0.,63.,21.));
#14184 = DIRECTION('',(0.,0.,1.));
#14185 = DIRECTION('',(1.,0.,0.));
#14186 = ADVANCED_FACE('',(#14187),#14197,.T.);
#14187 = FACE_BOUND('',#14188,.T.);
#14188 = EDGE_LOOP('',(#14189,#14190,#14191,#14192,#14193,#14194,#14195,
    #14196));
#14189 = ORIENTED_EDGE('',*,*,#12255,.T.);
#14190 = ORIENTED_EDGE('',*,*,#12083,.T.);
#14191 = ORIENTED_EDGE('',*,*,#12108,.T.);
#14192 = ORIENTED_EDGE('',*,*,#12139,.T.);
#14193 = ORIENTED_EDGE('',*,*,#12164,.F.);
#14194 = ORIENTED_EDGE('',*,*,#12188,.T.);
#14195 = ORIENTED_EDGE('',*,*,#12213,.F.);
#14196 = ORIENTED_EDGE('',*,*,#12237,.T.);
#14197 = PLANE('',#14198);
#14198 = AXIS2_PLACEMENT_3D('',#14199,#14200,#14201);
#14199 = CARTESIAN_POINT('',(0.,63.,21.));
#14200 = DIRECTION('',(0.,0.,1.));
#14201 = DIRECTION('',(1.,0.,0.));
#14202 = ADVANCED_FACE('',(#14203),#14211,.T.);
#14203 = FACE_BOUND('',#14204,.T.);
#14204 = EDGE_LOOP('',(#14205,#14206,#14207,#14208,#14209,#14210));
#14205 = ORIENTED_EDGE('',*,*,#12402,.F.);
#14206 = ORIENTED_EDGE('',*,*,#12279,.T.);
#14207 = ORIENTED_EDGE('',*,*,#12304,.T.);
#14208 = ORIENTED_EDGE('',*,*,#12335,.T.);
#14209 = ORIENTED_EDGE('',*,*,#12360,.F.);
#14210 = ORIENTED_EDGE('',*,*,#12384,.T.);
#14211 = PLANE('',#14212);
#14212 = AXIS2_PLACEMENT_3D('',#14213,#14214,#14215);
#14213 = CARTESIAN_POINT('',(0.,63.,21.));
#14214 = DIRECTION('',(0.,0.,1.));
#14215 = DIRECTION('',(1.,0.,0.));
#14216 = ADVANCED_FACE('',(#14217),#14227,.T.);
#14217 = FACE_BOUND('',#14218,.T.);
#14218 = EDGE_LOOP('',(#14219,#14220,#14221,#14222,#14223,#14224,#14225,
    #14226));
#14219 = ORIENTED_EDGE('',*,*,#12598,.F.);
#14220 = ORIENTED_EDGE('',*,*,#12426,.T.);
#14221 = ORIENTED_EDGE('',*,*,#12451,.T.);
#14222 = ORIENTED_EDGE('',*,*,#12482,.T.);
#14223 = ORIENTED_EDGE('',*,*,#12507,.F.);
#14224 = ORIENTED_EDGE('',*,*,#12531,.T.);
#14225 = ORIENTED_EDGE('',*,*,#12556,.F.);
#14226 = ORIENTED_EDGE('',*,*,#12580,.T.);
#14227 = PLANE('',#14228);
#14228 = AXIS2_PLACEMENT_3D('',#14229,#14230,#14231);
#14229 = CARTESIAN_POINT('',(0.,63.,21.));
#14230 = DIRECTION('',(0.,0.,1.));
#14231 = DIRECTION('',(1.,0.,0.));
#14232 = ADVANCED_FACE('',(#14233),#14241,.T.);
#14233 = FACE_BOUND('',#14234,.T.);
#14234 = EDGE_LOOP('',(#14235,#14236,#14237,#14238,#14239,#14240));
#14235 = ORIENTED_EDGE('',*,*,#12745,.F.);
#14236 = ORIENTED_EDGE('',*,*,#12622,.T.);
#14237 = ORIENTED_EDGE('',*,*,#12647,.T.);
#14238 = ORIENTED_EDGE('',*,*,#12678,.T.);
#14239 = ORIENTED_EDGE('',*,*,#12703,.F.);
#14240 = ORIENTED_EDGE('',*,*,#12727,.T.);
#14241 = PLANE('',#14242);
#14242 = AXIS2_PLACEMENT_3D('',#14243,#14244,#14245);
#14243 = CARTESIAN_POINT('',(0.,63.,21.));
#14244 = DIRECTION('',(0.,0.,1.));
#14245 = DIRECTION('',(1.,0.,0.));
#14246 = ADVANCED_FACE('',(#14247),#14255,.T.);
#14247 = FACE_BOUND('',#14248,.T.);
#14248 = EDGE_LOOP('',(#14249,#14250,#14251,#14252,#14253,#14254));
#14249 = ORIENTED_EDGE('',*,*,#12892,.F.);
#14250 = ORIENTED_EDGE('',*,*,#12769,.T.);
#14251 = ORIENTED_EDGE('',*,*,#12794,.T.);
#14252 = ORIENTED_EDGE('',*,*,#12825,.T.);
#14253 = ORIENTED_EDGE('',*,*,#12850,.F.);
#14254 = ORIENTED_EDGE('',*,*,#12874,.T.);
#14255 = PLANE('',#14256);
#14256 = AXIS2_PLACEMENT_3D('',#14257,#14258,#14259);
#14257 = CARTESIAN_POINT('',(0.,63.,21.));
#14258 = DIRECTION('',(0.,0.,1.));
#14259 = DIRECTION('',(1.,0.,0.));
#14260 = ADVANCED_FACE('',(#14261),#14271,.T.);
#14261 = FACE_BOUND('',#14262,.T.);
#14262 = EDGE_LOOP('',(#14263,#14264,#14265,#14266,#14267,#14268,#14269,
    #14270));
#14263 = ORIENTED_EDGE('',*,*,#13088,.F.);
#14264 = ORIENTED_EDGE('',*,*,#12916,.T.);
#14265 = ORIENTED_EDGE('',*,*,#12941,.T.);
#14266 = ORIENTED_EDGE('',*,*,#12972,.T.);
#14267 = ORIENTED_EDGE('',*,*,#12997,.F.);
#14268 = ORIENTED_EDGE('',*,*,#13021,.T.);
#14269 = ORIENTED_EDGE('',*,*,#13046,.F.);
#14270 = ORIENTED_EDGE('',*,*,#13070,.T.);
#14271 = PLANE('',#14272);
#14272 = AXIS2_PLACEMENT_3D('',#14273,#14274,#14275);
#14273 = CARTESIAN_POINT('',(0.,63.,21.));
#14274 = DIRECTION('',(0.,0.,1.));
#14275 = DIRECTION('',(1.,0.,0.));
#14276 = ADVANCED_FACE('',(#14277),#14286,.T.);
#14277 = FACE_BOUND('',#14278,.T.);
#14278 = EDGE_LOOP('',(#14279,#14280,#14281,#14282,#14283,#14284,#14285)
  );
#14279 = ORIENTED_EDGE('',*,*,#13144,.T.);
#14280 = ORIENTED_EDGE('',*,*,#13120,.T.);
#14281 = ORIENTED_EDGE('',*,*,#13261,.T.);
#14282 = ORIENTED_EDGE('',*,*,#13244,.T.);
#14283 = ORIENTED_EDGE('',*,*,#13218,.T.);
#14284 = ORIENTED_EDGE('',*,*,#13192,.T.);
#14285 = ORIENTED_EDGE('',*,*,#13168,.T.);
#14286 = PLANE('',#14287);
#14287 = AXIS2_PLACEMENT_3D('',#14288,#14289,#14290);
#14288 = CARTESIAN_POINT('',(0.,63.,21.));
#14289 = DIRECTION('',(0.,0.,1.));
#14290 = DIRECTION('',(1.,0.,0.));
#14291 = ADVANCED_FACE('',(#14292),#14301,.T.);
#14292 = FACE_BOUND('',#14293,.T.);
#14293 = EDGE_LOOP('',(#14294,#14295,#14296,#14297,#14298,#14299,#14300)
  );
#14294 = ORIENTED_EDGE('',*,*,#13318,.T.);
#14295 = ORIENTED_EDGE('',*,*,#13294,.T.);
#14296 = ORIENTED_EDGE('',*,*,#13435,.T.);
#14297 = ORIENTED_EDGE('',*,*,#13418,.T.);
#14298 = ORIENTED_EDGE('',*,*,#13392,.T.);
#14299 = ORIENTED_EDGE('',*,*,#13366,.T.);
#14300 = ORIENTED_EDGE('',*,*,#13342,.T.);
#14301 = PLANE('',#14302);
#14302 = AXIS2_PLACEMENT_3D('',#14303,#14304,#14305);
#14303 = CARTESIAN_POINT('',(0.,63.,21.));
#14304 = DIRECTION('',(0.,0.,1.));
#14305 = DIRECTION('',(1.,0.,0.));
#14306 = ADVANCED_FACE('',(#14307),#14316,.T.);
#14307 = FACE_BOUND('',#14308,.T.);
#14308 = EDGE_LOOP('',(#14309,#14310,#14311,#14312,#14313,#14314,#14315)
  );
#14309 = ORIENTED_EDGE('',*,*,#13492,.T.);
#14310 = ORIENTED_EDGE('',*,*,#13468,.T.);
#14311 = ORIENTED_EDGE('',*,*,#13609,.T.);
#14312 = ORIENTED_EDGE('',*,*,#13592,.T.);
#14313 = ORIENTED_EDGE('',*,*,#13566,.T.);
#14314 = ORIENTED_EDGE('',*,*,#13540,.T.);
#14315 = ORIENTED_EDGE('',*,*,#13516,.T.);
#14316 = PLANE('',#14317);
#14317 = AXIS2_PLACEMENT_3D('',#14318,#14319,#14320);
#14318 = CARTESIAN_POINT('',(0.,63.,21.));
#14319 = DIRECTION('',(0.,0.,1.));
#14320 = DIRECTION('',(1.,0.,0.));
#14321 = ADVANCED_FACE('',(#14322),#14331,.T.);
#14322 = FACE_BOUND('',#14323,.T.);
#14323 = EDGE_LOOP('',(#14324,#14325,#14326,#14327,#14328,#14329,#14330)
  );
#14324 = ORIENTED_EDGE('',*,*,#13666,.T.);
#14325 = ORIENTED_EDGE('',*,*,#13642,.T.);
#14326 = ORIENTED_EDGE('',*,*,#13783,.T.);
#14327 = ORIENTED_EDGE('',*,*,#13766,.T.);
#14328 = ORIENTED_EDGE('',*,*,#13740,.T.);
#14329 = ORIENTED_EDGE('',*,*,#13714,.T.);
#14330 = ORIENTED_EDGE('',*,*,#13690,.T.);
#14331 = PLANE('',#14332);
#14332 = AXIS2_PLACEMENT_3D('',#14333,#14334,#14335);
#14333 = CARTESIAN_POINT('',(0.,63.,21.));
#14334 = DIRECTION('',(0.,0.,1.));
#14335 = DIRECTION('',(1.,0.,0.));
#14336 = ADVANCED_FACE('',(#14337),#14346,.T.);
#14337 = FACE_BOUND('',#14338,.T.);
#14338 = EDGE_LOOP('',(#14339,#14340,#14341,#14342,#14343,#14344,#14345)
  );
#14339 = ORIENTED_EDGE('',*,*,#13840,.T.);
#14340 = ORIENTED_EDGE('',*,*,#13816,.T.);
#14341 = ORIENTED_EDGE('',*,*,#13957,.T.);
#14342 = ORIENTED_EDGE('',*,*,#13940,.T.);
#14343 = ORIENTED_EDGE('',*,*,#13914,.T.);
#14344 = ORIENTED_EDGE('',*,*,#13888,.T.);
#14345 = ORIENTED_EDGE('',*,*,#13864,.T.);
#14346 = PLANE('',#14347);
#14347 = AXIS2_PLACEMENT_3D('',#14348,#14349,#14350);
#14348 = CARTESIAN_POINT('',(0.,63.,21.));
#14349 = DIRECTION('',(0.,0.,1.));
#14350 = DIRECTION('',(1.,0.,0.));
#14351 = ( GEOMETRIC_REPRESENTATION_CONTEXT(3) 
GLOBAL_UNCERTAINTY_ASSIGNED_CONTEXT((#14355)) 
GLOBAL_UNIT_ASSIGNED_CONTEXT((#14352,#14353,#14354)) 
REPRESENTATION_CONTEXT('Context #1',
  '3D Context with UNIT and UNCERTAINTY') );
#14352 = ( LENGTH_UNIT() NAMED_UNIT(*) SI_UNIT(.MILLI.,.METRE.) );
#14353 = ( NAMED_UNIT(*) PLANE_ANGLE_UNIT() SI_UNIT($,.RADIAN.) );
#14354 = ( NAMED_UNIT(*) SI_UNIT($,.STERADIAN.) SOLID_ANGLE_UNIT() );
#14355 = UNCERTAINTY_MEASURE_WITH_UNIT(LENGTH_MEASURE(1.E-07),#14352,
  'distance_accuracy_value','confusion accuracy');
#14356 = PRODUCT_RELATED_PRODUCT_CATEGORY('part',$,(#7));
#14357 = MECHANICAL_DESIGN_GEOMETRIC_PRESENTATION_REPRESENTATION('',(
    #14358),#14351);
#14358 = STYLED_ITEM('color',(#14359),#15);
#14359 = PRESENTATION_STYLE_ASSIGNMENT((#14360,#14366));
#14360 = SURFACE_STYLE_USAGE(.BOTH.,#14361);
#14361 = SURFACE_SIDE_STYLE('',(#14362));
#14362 = SURFACE_STYLE_FILL_AREA(#14363);
#14363 = FILL_AREA_STYLE('',(#14364));
#14364 = FILL_AREA_STYLE_COLOUR('',#14365);
#14365 = COLOUR_RGB('',0.447058818107,0.474509808674,0.501960817233);
#14366 = CURVE_STYLE('',#14367,POSITIVE_LENGTH_MEASURE(0.1),#14368);
#14367 = DRAUGHTING_PRE_DEFINED_CURVE_FONT('continuous');
#14368 = COLOUR_RGB('',9.803921802644E-02,9.803921802644E-02,
  9.803921802644E-02);
ENDSEC;
END-ISO-10303-21;
